id,created_at,name,localgovernment_id,state_id
1,1768296093311,"Ariaria Market",1,1
2,1768296093320,Eziama,1,1
3,1768296093325,"Industrial Area",1,1
4,1768296093330,"Ogbor I",1,1
5,1768296093336,"Ogbor II",1,1
6,1768296093341,"Old Aba Gra",1,1
7,1768296093346,"Osusu I",1,1
8,1768296093351,"Osusu II",1,1
9,1768296093357,"St Eugenes By Okigwe Rd",1,1
10,1768296093363,Umuogor,1,1
11,1768296093368,Umuola,1,1
12,1768296093374,Uratta,1,1
13,1768296093379,"Aba River",2,1
14,1768296093385,"Aba Town Hall",2,1
15,1768296093390,Asa,2,1
16,1768296093397,Ekeoha,2,1
17,1768296093408,Enyimba,2,1
18,1768296093414,Eziukwu,2,1
19,1768296093420,Gloucester,2,1
20,1768296093425,Igwebuike,2,1
21,1768296093431,Mosque,2,1
22,1768296093437,Ngwa,2,1
23,1768296093442,"Ohazu I",2,1
24,1768296093448,"Ohazu II",2,1
25,1768296093453,"Arochukwu I",3,1
26,1768296093458,"Arochukwu II",3,1
27,1768296093463,"Arochukwu III",3,1
28,1768296093469,"Eleoha Ihechiowa",3,1
29,1768296093474,"Ikwun Ihechiowa",3,1
30,1768296093480,Isu,3,1
31,1768296093485,Ohaeke,3,1
32,1768296093490,"Ohafor I",3,1
33,1768296093496,"Ohafor II",3,1
34,1768296093502,Ovukwu,3,1
35,1768296093507,Ututu,3,1
36,1768296093512,"Amankalu Akoliufu",4,1
37,1768296093517,Bende,4,1
38,1768296093523,"Igbere A",4,1
39,1768296093528,"Igbere B",4,1
40,1768296093533,"Item A",4,1
41,1768296093538,"Item B",4,1
42,1768296093544,"Item C",4,1
43,1768296093549,Itumbauzo,4,1
44,1768296093555,Ozuitem,4,1
45,1768296093561,"Ugwueke Ezeukwu",4,1
46,1768296093566,"Umu Imenyi",4,1
47,1768296093571,"Umuhu Ezechi",4,1
48,1768296093577,Uzuakoli,4,1
49,1768296093583,Ariam,5,1
50,1768296093589,"Ibere I",5,1
51,1768296093595,"Ibere II",5,1
52,1768296093601,"Oboro I",5,1
53,1768296093606,"Oboro II",5,1
54,1768296093612,"Oboro III",5,1
55,1768296093617,"Oboro IV",5,1
56,1768296093624,"Oloko I",5,1
57,1768296093629,"Oloko II",5,1
58,1768296093635,Usaka,5,1
59,1768296093641,"Amapu Ntigha",6,1
60,1768296093647,"Amasaa Nsulu",6,1
61,1768296093652,"Amasaa Ntigha",6,1
62,1768296093658,Ihie,6,1
63,1768296093663,"Isiala Nsulu",6,1
64,1768296093668,"Mbawsi Umuomainta",6,1
65,1768296093674,"Ngwa Ukwu I",6,1
66,1768296093679,"Ngwa Ukwu II",6,1
67,1768296093685,"Umunna Nsulu",6,1
68,1768296093691,Umuoha,6,1
69,1768296093696,"Akunekpu Eziama Na Obuba",7,1
70,1768296093702,"Amaise Amaise Anaba",7,1
71,1768296093707,"Ehina Guru Osokwa",7,1
72,1768296093714,"Mbutu Ngwa",7,1
73,1768296093719,"Mbutu Ukwu",7,1
74,1768296093727,Ngwaobi,7,1
75,1768296093734,"Okporo Ahaba",7,1
76,1768296093739,Omoba,7,1
77,1768296093745,Ovungwu,7,1
78,1768296093750,Ovuokwu,7,1
79,1768296093756,"Achara Mgbugwu",8,1
80,1768296093761,Ezere,8,1
81,1768296093767,"Ikeagha I",8,1
82,1768296093772,"Ikeagha II",8,1
83,1768296093778,Imenyi,8,1
84,1768296093784,"Isiala Amawu",8,1
85,1768296093790,"Isu Amawu",8,1
86,1768296093795,Ogunduasa,8,1
87,1768296093801,"Umuanyi Absu",8,1
88,1768296093806,Umunnekwu,8,1
89,1768296093812,"Abayi I",9,1
90,1768296093817,"Abayi II",9,1
91,1768296093823,Ahiaba,9,1
92,1768296093828,Akumaimo,9,1
93,1768296093834,"Alaukwu Ohanze",9,1
94,1768296093839,Ibeme,9,1
95,1768296093845,"Maboko Amairi",9,1
96,1768296093855,"Mgboko Itungwa",9,1
97,1768296093860,"Mgboko Umuanunu",9,1
98,1768296093866,"Ndiarata Amairinabua",9,1
99,1768296093872,"Ntighauzo Amairi",9,1
100,1768296093878,"Agboji Abiriba",10,1
101,1768296093897,"Amaeke Abiriba",10,1
102,1768296093903,"Amaogudu Abiriba",10,1
103,1768296093909,"Ania Ohoafia",10,1
104,1768296093926,"Ebem Ohafia",10,1
105,1768296093934,"Isiama Ohafia",10,1
106,1768296093940,"Ndi Agbo Nkporo",10,1
107,1768296093946,"Ndi Elu Nkporo",10,1
108,1768296093951,"Ndi Etiti Nkporo",10,1
109,1768296093957,"Ohafor Ohoafia",10,1
110,1768296093962,"Okanu Ohoafia",10,1
111,1768296093967,"Ama Asaa",11,1
112,1768296093973,"Amaitolu Mbutu Umuojima",11,1
113,1768296093978,Amasator,11,1
114,1768296093983,Amator,11,1
115,1768296093989,Amavo,11,1
116,1768296093994,"Aro Ngwa",11,1
117,1768296093999,"Okpor Umuobo",11,1
118,1768296094004,"Oso Okwa",11,1
119,1768296094009,Umunneise,11,1
120,1768296094014,Urtta,11,1
121,1768296094021,"Ward Eight",12,1
122,1768296094026,"Ward Five",12,1
123,1768296094032,"Ward Four",12,1
124,1768296094038,"Ward Nine",12,1
125,1768296094043,"Ward One",12,1
126,1768296094050,"Ward Seven",12,1
127,1768296094055,"Ward Six",12,1
128,1768296094061,"Ward Ten",12,1
129,1768296094066,"Ward Three",12,1
130,1768296094072,"Ward Two",12,1
131,1768296094077,"Asa North",13,1
132,1768296094082,"Asa South",13,1
133,1768296094088,"Ipu South",13,1
134,1768296094094,"Ipu East",13,1
135,1768296094099,"Ipu West",13,1
136,1768296094104,Obokwe,13,1
137,1768296094110,Obuzor,13,1
138,1768296094115,Ogwe,13,1
139,1768296094120,"Ozaa West",13,1
140,1768296094126,"Ozaa Ukwu",13,1
141,1768296094132,Akwete,14,1
142,1768296094139,Azumini,14,1
143,1768296094144,"Ikwueke West",14,1
144,1768296094149,"Ikwueke East",14,1
145,1768296094154,Ikwuorie,14,1
146,1768296094160,"Ikwuriator East",14,1
147,1768296094165,"Ikwuriator West",14,1
148,1768296094171,"Nkporobe Ohuru",14,1
149,1768296094176,Obohia,14,1
150,1768296094183,"Umuigube Achara",14,1
151,1768296094189,Amuda,15,1
152,1768296094194,"Eziama Agbo",15,1
153,1768296094199,"Eziama Ugwu",15,1
154,1768296094204,Ezingodo,15,1
155,1768296094210,"Mbala Achara",15,1
156,1768296094215,"Ndiawa Umuelem I",15,1
157,1768296094220,"Obinolu Obiagu La",15,1
158,1768296094226,"Ubahu Akawa Arokpa",15,1
159,1768296094232,Umuaku,15,1
160,1768296094237,"Umuchieze I",15,1
161,1768296094243,"Umuchieze II",15,1
162,1768296094248,"Umuchieze III",15,1
163,1768296094254,"Ahiaukwu I",16,1
164,1768296094259,"Ahiaukwu II",16,1
165,1768296094265,Amakama,16,1
166,1768296094270,"Ezeleke Ogbodiukwu",16,1
167,1768296094275,Nsirimo,16,1
168,1768296094281,Ohiaocha,16,1
169,1768296094286,"Old Umuahia",16,1
170,1768296094291,Omaegwu,16,1
171,1768296094297,"Ubakala A",16,1
172,1768296094302,"Ubakala B",16,1
173,1768296094308,Afugiri,17,1
174,1768296094313,"Ibeku East I",17,1
175,1768296094319,"Ibeku East II",17,1
176,1768296094324,"Ibeku West",17,1
177,1768296094330,Isingwu,17,1
178,1768296094335,Ndume,17,1
179,1768296094344,Nkwoachara,17,1
180,1768296094350,Nkwoegwu,17,1
181,1768296094355,"Umuahia Urban I",17,1
182,1768296094362,"Umuahia Urban II",17,1
183,1768296094367,"Umuahia Urban III",17,1
184,1768296094373,Umuhu,17,1
185,1768296094378,Bille,18,2
186,1768296094383,Borrong,18,2
187,1768296094389,Demsa,18,2
188,1768296094394,Dilli,18,2
189,1768296094399,Dong,18,2
190,1768296094404,Dwam,18,2
191,1768296094409,Gwamba,18,2
192,1768296094414,Kpasham,18,2
193,1768296094419,"Mbula Kuli",18,2
194,1768296094425,"Nassarawo Demsa",18,2
195,1768296094431,Beti,19,2
196,1768296094436,Farang,19,2
197,1768296094441,Fufore,19,2
198,1768296094447,Gurin,19,2
199,1768296094452,Karlahi,19,2
200,1768296094459,"Mayo Ine",19,2
201,1768296094478,Pariya,19,2
202,1768296094483,Ribadu,19,2
203,1768296094489,"Uki Tuki",19,2
204,1768296094494,"Wuro Bokki",19,2
205,1768296094499,Yadim,19,2
206,1768296094504,"Bakari Guso",20,2
207,1768296094510,Gamu,20,2
208,1768296094516,"Ganye I",20,2
209,1768296094521,"Ganye II",20,2
210,1768296094526,Gurum,20,2
211,1768296094531,Jaggu,20,2
212,1768296094536,Sangasumi,20,2
213,1768296094542,Sugu,20,2
214,1768296094548,Timdore,20,2
215,1768296094553,Yebbi,20,2
216,1768296094558,Dakri,21,2
217,1768296094564,Damare,21,2
218,1768296094569,"Gerei I",21,2
219,1768296094575,Gereng,21,2
220,1768296094580,"Girei II",21,2
221,1768296094585,"Jera Bakari",21,2
222,1768296094591,"Jera Bonyo",21,2
223,1768296094597,"Modire Vinikilang",21,2
224,1768296094602,Tambo,21,2
225,1768296094608,"Wuro Dole",21,2
226,1768296094613,"Boga Dingai",22,2
227,1768296094619,Duwa,22,2
228,1768296094624,"Ga Anda",22,2
229,1768296094629,Gabun,22,2
230,1768296094634,Garkida,22,2
231,1768296094639,"Gombi North",22,2
232,1768296094645,"Gombi South",22,2
233,1768296094650,Guyaku,22,2
234,1768296094655,Tawa,22,2
235,1768296094661,Yang,22,2
236,1768296094666,Banjiram,23,2
237,1768296094671,Bobini,23,2
238,1768296094676,Bodeno,23,2
239,1768296094682,Chikila,23,2
240,1768296094687,Dukul,23,2
241,1768296094692,Dumna,23,2
242,1768296094698,Guyuk,23,2
243,1768296094703,Kola,23,2
244,1768296094709,Lokoro,23,2
245,1768296094718,Purokayo,23,2
246,1768296094724,Bangshika,24,2
247,1768296094729,Daksiri,24,2
248,1768296094735,Garaha,24,2
249,1768296094740,Gaya,24,2
250,1768296094745,Hildi,24,2
251,1768296094751,Hong,24,2
252,1768296094756,"Hushere Zum",24,2
253,1768296094761,Kwarhi,24,2
254,1768296094767,"Mayo Lope",24,2
255,1768296094772,Shangui,24,2
256,1768296094778,Thilbang,24,2
257,1768296094784,Uba,24,2
258,1768296094791,Danaba,25,2
259,1768296094798,"Jada I",25,2
260,1768296094803,"Jada II",25,2
261,1768296094809,"Koma I",25,2
262,1768296094814,"Koma II",25,2
263,1768296094820,Leko,25,2
264,1768296094825,Mapeo,25,2
265,1768296094830,Mayokalaye,25,2
266,1768296094836,Mbulo,25,2
267,1768296094841,Nyibango,25,2
268,1768296094846,Yelli,25,2
269,1768296094851,Dubwangun,26,2
270,1768296094856,Gyawana,26,2
271,1768296094861,Lafiya,26,2
272,1768296094866,Lamurde,26,2
273,1768296094871,Mgbebongun,26,2
274,1768296094877,Ngbakowo,26,2
275,1768296094882,Opalo,26,2
276,1768296094887,Rigange,26,2
277,1768296094892,Suwa,26,2
278,1768296094897,Waduku,26,2
279,1768296094902,Babel,27,2
280,1768296094908,"Duhu Shuwa",27,2
281,1768296094913,Gulak,27,2
282,1768296094918,Hyambula,27,2
283,1768296094924,"K Wuro Ngayandi",27,2
284,1768296094929,Madagali,27,2
285,1768296094935,Pallam,27,2
286,1768296094940,"Shelmi Sukur Vapura",27,2
287,1768296094946,Wagga,27,2
288,1768296094951,Wula,27,2
289,1768296094957,Belel,28,2
290,1768296094962,Humbutudi,28,2
291,1768296094967,Konkol,28,2
292,1768296094972,"Maiha Gari",28,2
293,1768296094978,Manjekin,28,2
294,1768296094983,Mayonguli,28,2
295,1768296094989,Pakka,28,2
296,1768296094994,"Sorau A",28,2
297,1768296094999,"Sorau B",28,2
298,1768296095005,Tambajam,28,2
299,1768296095010,Bajama,29,2
300,1768296095015,Binyeri,29,2
301,1768296095032,Gangfada,29,2
302,1768296095038,Gengle,29,2
303,1768296095043,Gorobi,29,2
304,1768296095048,"Mayo Farang",29,2
305,1768296095054,"Mayo Belwa",29,2
306,1768296095059,"Nassarawo Jereng",29,2
307,1768296095064,Ndikong,29,2
308,1768296095069,Ribadu,29,2
309,1768296095075,Tola,29,2
310,1768296095080,Yoffo,29,2
311,1768296095091,"Bazza Margi",30,2
312,1768296095096,"Futudou Futules",30,2
313,1768296095102,"Garta Ghunchi",30,2
314,1768296095108,Jigalambu,30,2
315,1768296095113,Madzi,30,2
316,1768296095120,"Michika I",30,2
317,1768296095126,"Michika II",30,2
318,1768296095132,"Minkisi Wuro Ngiki",30,2
319,1768296095139,"Moda Dlaka Ghenjuwa",30,2
320,1768296095145,Munkavicita,30,2
321,1768296095151,"Sina Kamale Kwande",30,2
322,1768296095157,"Sukumu Tillijo",30,2
323,1768296095163,"Thukudou Sufuku Zah",30,2
324,1768296095168,"Tumbara Ngabili",30,2
325,1768296095175,"VI Boka",30,2
326,1768296095181,"Wamblimi Tilli",30,2
327,1768296095187,Bahuli,31,2
328,1768296095193,Betso,31,2
329,1768296095200,Digil,31,2
330,1768296095207,Kolere,31,2
331,1768296095213,Lokuwa,31,2
332,1768296095219,"Mayo Bani",31,2
333,1768296095226,Mijilu,31,2
334,1768296095231,Muchalla,31,2
335,1768296095237,"Sabon Layi",31,2
336,1768296095242,Vimtim,31,2
337,1768296095248,Yelwa,31,2
338,1768296095254,"Dirbishi Gandira",32,2
339,1768296095261,"Duvu Chaba Girburum",32,2
340,1768296095267,Gella,32,2
341,1768296095273,Gude,32,2
342,1768296095279,Kwaja,32,2
343,1768296095284,Lamorde,32,2
344,1768296095290,"Mugulbu Yadafa",32,2
345,1768296095295,Mujara,32,2
346,1768296095301,Nassarawo,32,2
347,1768296095307,Nduku,32,2
348,1768296095313,Bare,33,2
349,1768296095319,Bolki,33,2
350,1768296095325,Gamadio,33,2
351,1768296095332,Imburu,33,2
352,1768296095338,Kodomti,33,2
353,1768296095343,"Numan I",33,2
354,1768296095349,"Numan II",33,2
355,1768296095355,"Numan III",33,2
356,1768296095362,"Sabon Pegi",33,2
357,1768296095370,Vulpi,33,2
358,1768296095376,Bakta,34,2
359,1768296095382,Bodwai,34,2
360,1768296095391,Gundo,34,2
361,1768296095397,Gwapopolok,34,2
362,1768296095403,Jumbul,34,2
363,1768296095409,Ketembere,34,2
364,1768296095415,Kiri,34,2
365,1768296095423,Libbo,34,2
366,1768296095431,Shelleng,34,2
367,1768296095437,Tallum,34,2
368,1768296095442,Dirma,35,2
369,1768296095448,Dumne,35,2
370,1768296095454,"Gudu Mboi",35,2
371,1768296095459,"Kilange Funa",35,2
372,1768296095465,"Kilange Hirna",35,2
373,1768296095471,Sigire,35,2
374,1768296095476,"Song Gari",35,2
375,1768296095481,"Song Waje",35,2
376,1768296095486,Suktu,35,2
377,1768296095492,Waltandi,35,2
378,1768296095497,Zumo,35,2
379,1768296095502,"Dawo I",36,2
380,1768296095507,"Dawo II",36,2
381,1768296095512,Gumti,36,2
382,1768296095518,"Kiri I",36,2
383,1768296095523,"Kiri II",36,2
384,1768296095529,"Kongin Baba I",36,2
385,1768296095534,"Kongin Baba II",36,2
386,1768296095543,"Toungo I",36,2
387,1768296095548,"Toungo II",36,2
388,1768296095554,"Toungo III",36,2
389,1768296095559,Ajiya,37,2
390,1768296095564,Alkalawa,37,2
391,1768296095569,Doubeli,37,2
392,1768296095575,Gwadabawa,37,2
393,1768296095580,Jambutu,37,2
394,1768296095589,Karena,37,2
395,1768296095595,Limawa,37,2
396,1768296095602,Luggere,37,2
397,1768296095608,Nassarawo,37,2
398,1768296095614,Rumde,37,2
399,1768296095619,Yelwa,37,2
400,1768296095624,Adarawo,38,2
401,1768296095643,Bako,38,2
402,1768296095649,"Bole Yolde Pate",38,2
403,1768296095657,"Makama A",38,2
404,1768296095664,"Makama B",38,2
405,1768296095670,Mbamba,38,2
406,1768296095677,Mbamoi,38,2
407,1768296095682,Namtari,38,2
408,1768296095687,Ngurore,38,2
409,1768296095694,Toungo,38,2
410,1768296095699,"Yolde Kohi",38,2
411,1768296095705,"Abak Urban 1",39,3
412,1768296095710,"Abak Urban 11",39,3
413,1768296095715,"Abak Urban 111",39,3
414,1768296095722,"Abak Urban 1V",39,3
415,1768296095727,"Afaha Obong 1",39,3
416,1768296095733,"Afaha Obong 11",39,3
417,1768296095738,"Midim 1",39,3
418,1768296095744,"Midim 11",39,3
419,1768296095750,"Otoro 1",39,3
420,1768296095756,"Otoro 11",39,3
421,1768296095761,"Otoro 111",39,3
422,1768296095767,"Eastern Obolo 1",40,3
423,1768296095772,"Eastern Obolo 11",40,3
424,1768296095777,"Eastern Obolo 111",40,3
425,1768296095783,"Eastern Obolo 1V",40,3
426,1768296095789,"Eastern Obolo IX",40,3
427,1768296095794,"Eastern Obolo V",40,3
428,1768296095800,"Eastern Obolo V1",40,3
429,1768296095805,"Eastern Obolo V11",40,3
430,1768296095810,"Eastern Obolo V111",40,3
431,1768296095816,"Eastern Obolo X",40,3
432,1768296095823,"Central 1",41,3
433,1768296095829,"Central 11",41,3
434,1768296095834,"Central 111",41,3
435,1768296095839,"Central 1V",41,3
436,1768296095844,"Central V",41,3
437,1768296095851,"Okon 1",41,3
438,1768296095857,"Okon 11",41,3
439,1768296095862,"Urban 1",41,3
440,1768296095867,"Urban 11",41,3
441,1768296095873,"Urban 111",41,3
442,1768296095878,"Urban 1V",41,3
443,1768296095884,Akpautong,42,3
444,1768296095889,"Ebe Ekpi",42,3
445,1768296095894,"Ebighi Okpono",42,3
446,1768296095899,Edor,42,3
447,1768296095905,"Ekpene Obo",42,3
448,1768296095910,"Etebi Akwata",42,3
449,1768296095916,"Etebi Idung Assan",42,3
450,1768296095922,Ikpa,42,3
451,1768296095927,"Ntak Inyang",42,3
452,1768296095937,Uquo,42,3
453,1768296095943,Adiasim,43,3
454,1768296095949,Afaha,43,3
455,1768296095955,"Ekpeyong 1",43,3
456,1768296095962,"Ekpeyong 11",43,3
457,1768296095967,"Ikpe Annang",43,3
458,1768296095972,"Odoro Ikot 1",43,3
459,1768296095978,"Odoro Ikot 11",43,3
460,1768296095983,Okon,43,3
461,1768296095988,"Ukana East",43,3
462,1768296095994,"Ukana West 1",43,3
463,1768296095999,"Ukana West 11",43,3
464,1768296096004,"Etim Ekpo 1",44,3
465,1768296096009,"Etim Ekpo 11",44,3
466,1768296096015,"Etim Ekpo 111",44,3
467,1768296096021,"Etim Ekpo 1V",44,3
468,1768296096028,"Etim Ekpo IX",44,3
469,1768296096034,"Etim Ekpo V",44,3
470,1768296096040,"Etim Ekpo V1",44,3
471,1768296096045,"Etim Ekpo V11",44,3
472,1768296096053,"Etim Ekpo V111",44,3
473,1768296096060,"Etim Ekpo X",44,3
474,1768296096066,"Etinan Urban 1",45,3
475,1768296096072,"Etinan Urban 11",45,3
476,1768296096079,"Etinan Urban 111",45,3
477,1768296096085,"Etinan Urban 1V",45,3
478,1768296096090,"Etinan Urban V",45,3
479,1768296096098,"Northern Iman 1",45,3
480,1768296096105,"Northern Iman 11",45,3
481,1768296096113,"Southern Iman 1",45,3
482,1768296096118,"Southern Iman 11",45,3
483,1768296096124,"Southern Iman 111",45,3
484,1768296096130,"Southern Iman 1V",45,3
485,1768296096136,"Ibeno 1",46,3
486,1768296096144,"Ibeno 11",46,3
487,1768296096150,"Ibeno 111",46,3
488,1768296096158,"Ibeno 1V",46,3
489,1768296096164,"Ibeno IX",46,3
490,1768296096171,"Ibeno V",46,3
491,1768296096177,"Ibeno V11",46,3
492,1768296096184,"Ibeno V111",46,3
493,1768296096190,"Ibeno VI",46,3
494,1768296096197,"Ibeno X",46,3
495,1768296096202,"Asutan 1",47,3
496,1768296096207,"Asutan 11",47,3
497,1768296096212,"Asutan 111",47,3
498,1768296096218,"Asutan 1V",47,3
499,1768296096223,"Asutan V",47,3
500,1768296096228,"Ibesikpo 1",47,3
501,1768296096245,"Ibesikpo 11",47,3
502,1768296096250,"Ibesikpo 111",47,3
503,1768296096255,"Ibesikpo 1V",47,3
504,1768296096261,"Ibesikpo V",47,3
505,1768296096266,"Ibiono Central 1",48,3
506,1768296096271,"Ibiono Central 11",48,3
507,1768296096276,"Ibiono Eastern 1",48,3
508,1768296096281,"Ibiono Eastern 11",48,3
509,1768296096286,"Ibiono Northern 1",48,3
510,1768296096291,"Ibiono Northern 11",48,3
511,1768296096297,"Ibiono Southern 1",48,3
512,1768296096302,"Ibiono Southern 11",48,3
513,1768296096307,"Ibiono Western 1",48,3
514,1768296096313,"Ibiono Western 11",48,3
515,1768296096318,Ikpanya,48,3
516,1768296096324,"Achan 11",49,3
517,1768296096329,"Achan 111",49,3
518,1768296096339,"Achan Ika",49,3
519,1768296096344,"Ito 1",49,3
520,1768296096349,"Ito 11",49,3
521,1768296096355,"Ito 111",49,3
522,1768296096361,"Odoro 1",49,3
523,1768296096367,"Odoro 11",49,3
524,1768296096372,"Urban 1",49,3
525,1768296096377,"Urban 11",49,3
526,1768296096382,1Tak,50,3
527,1768296096387,"Ediene 1",50,3
528,1768296096393,"Ediene 11",50,3
529,1768296096398,"Ikono Middle 1",50,3
530,1768296096403,"Ikono Middle 11",50,3
531,1768296096409,"Ikono Middle 111",50,3
532,1768296096414,"Ikono Middle 1V",50,3
533,1768296096419,"Ikono South",50,3
534,1768296096424,"Ndiya Ikot Idana",50,3
535,1768296096429,"Nkwot 1",50,3
536,1768296096434,"Nkwot 11",50,3
537,1768296096439,"Edemaya 1",51,3
538,1768296096445,"Edemaya 11",51,3
539,1768296096450,"Edemaya 111",51,3
540,1768296096455,"Ikpa Ibekwe 1",51,3
541,1768296096460,"Ikpa Ibekwe 11",51,3
542,1768296096465,"Ikpa Nung Asang 1",51,3
543,1768296096471,"Ikpa Nung Asang 11",51,3
544,1768296096476,"Ukpum Ete 1",51,3
545,1768296096481,"Ukpum Ete 11",51,3
546,1768296096486,"Ukpum Okon",51,3
547,1768296096491,"Ikot Ekpene 1",52,3
548,1768296096496,"Ikot Ekpene 11",52,3
549,1768296096501,"Ikot Ekpene 111",52,3
550,1768296096508,"Ikot Ekpene 1V",52,3
551,1768296096514,"Ikot Ekpene IX",52,3
552,1768296096520,"Ikot Ekpene V",52,3
553,1768296096525,"Ikot Ekpene V1",52,3
554,1768296096532,"Ikot Ekpene V11",52,3
555,1768296096538,"Ikot Ekpene V111",52,3
556,1768296096549,"Ikot Ekpene X",52,3
557,1768296096559,"Ikot Ekpene X1",52,3
558,1768296096565,"Ikono North 1",53,3
559,1768296096572,"Ikono North 11",53,3
560,1768296096577,"Ikono North 111",53,3
561,1768296096583,"Ikpe 1",53,3
562,1768296096588,"Ikpe 11",53,3
563,1768296096596,"Itu Mbonuso",53,3
564,1768296096601,Iwerre,53,3
565,1768296096608,Nkari,53,3
566,1768296096613,"Odoro Ukwok",53,3
567,1768296096619,"Usuk Ukwok",53,3
568,1768296096626,"East Itam 1",54,3
569,1768296096632,"East Itam 11",54,3
570,1768296096639,"East Itam 111",54,3
571,1768296096644,"East Itam 1V",54,3
572,1768296096649,"East Itam V",54,3
573,1768296096655,"Mbiase Ayadehe",54,3
574,1768296096660,"Oku Iboku",54,3
575,1768296096665,"West Itam 1",54,3
576,1768296096670,"West Itam 11",54,3
577,1768296096675,"West Itam 111",54,3
578,1768296096681,"Ebughu 1",55,3
579,1768296096686,"Ebughu 11",55,3
580,1768296096691,"Efiat 1",55,3
581,1768296096697,"Efiat 11",55,3
582,1768296096702,"Enwang 1",55,3
583,1768296096707,"Enwang 11",55,3
584,1768296096715,Ibaka,55,3
585,1768296096720,"Uda 1",55,3
586,1768296096725,"Uda 11",55,3
587,1768296096731,Udesi,55,3
588,1768296096736,"Ibiaku 1",56,3
589,1768296096742,"Ibiaku 11",56,3
590,1768296096748,"Ibiaku 111",56,3
591,1768296096754,"Ikpa Ibom 1",56,3
592,1768296096759,"Ikpa Ibom 11",56,3
593,1768296096768,"Ikpa Ibom 111",56,3
594,1768296096773,"Ikpa Ibom 1V",56,3
595,1768296096778,"Ikpa Ikono 1",56,3
596,1768296096784,"Ikpa Ikono 11",56,3
597,1768296096791,"Ikpa Ikono 111",56,3
598,1768296096796,"Ukpum Minya 1",56,3
599,1768296096802,"Ukpum Minya 11",56,3
600,1768296096809,"Ukpum Minya 111",56,3
601,1768296096829,"Ukpum Minya 1V",56,3
602,1768296096835,"Eastern Nsit 1",57,3
603,1768296096841,"Eastern Nsit 11",57,3
604,1768296096846,"Eastern Nsit 111",57,3
605,1768296096852,"Eastern Nsit 1V",57,3
606,1768296096857,"Eastern Nsit IX",57,3
607,1768296096862,"Eastern Nsit V",57,3
608,1768296096867,"Eastern Nsit V1",57,3
609,1768296096872,"Eastern Nsit V11",57,3
610,1768296096877,"Eastern Nsit V111",57,3
611,1768296096884,"Eastern Nsit X",57,3
612,1768296096891,"Asang 1",58,3
613,1768296096896,"Asang 11",58,3
614,1768296096901,"Asang 111",58,3
615,1768296096906,"Asang 1V",58,3
616,1768296096911,"Asang V",58,3
617,1768296096916,"Mbaiso 1",58,3
618,1768296096921,"Mbaiso 11",58,3
619,1768296096926,"Mbaiso 111",58,3
620,1768296096931,"Mbaiso 1V",58,3
621,1768296096936,"Mbaiso V",58,3
622,1768296096942,"Ibiakpan Obotim 1",59,3
623,1768296096947,"Ibiakpan Obotim 11",59,3
624,1768296096952,Itreto,59,3
625,1768296096958,Ndiya,59,3
626,1768296096964,"Ubium North 1",59,3
627,1768296096969,"Ubium North 11",59,3
628,1768296096976,"Ubium North 111",59,3
629,1768296096982,"Ubium South 1",59,3
630,1768296096988,"Ubium South 11",59,3
631,1768296096993,"Ubium South 111",59,3
632,1768296096999,"Ikot Abia 1",60,3
633,1768296097004,"Ikot Abia 11",60,3
634,1768296097010,"Ikot Abia 111",60,3
635,1768296097015,"Nto Edino 1",60,3
636,1768296097021,"Nto Edino 11",60,3
637,1768296097026,"Nto Edino 111",60,3
638,1768296097032,"Nto Edino 1V",60,3
639,1768296097038,"Obot Akara 1",60,3
640,1768296097043,"Obot Akara 11",60,3
641,1768296097049,"Obot Akara 111",60,3
642,1768296097054,"Akai Mbukpo Udung",61,3
643,1768296097060,Ekeya,61,3
644,1768296097065,"Eweme 1",61,3
645,1768296097071,"Eweme 11",61,3
646,1768296097077,"Nung Atai Ube 1",61,3
647,1768296097089,"Nung Atai Ube 11",61,3
648,1768296097095,"Offi 1",61,3
649,1768296097103,"Offi 11",61,3
650,1768296097111,"Okopedi 1",61,3
651,1768296097119,"Okopedi 11",61,3
652,1768296097127,"Awa 1",62,3
653,1768296097132,"Awa 11",62,3
654,1768296097138,"Awa 111",62,3
655,1768296097144,"Awa 1V",62,3
656,1768296097151,"Nung Idem 1",62,3
657,1768296097158,"Nung Idem 11",62,3
658,1768296097167,"Oniong East 1",62,3
659,1768296097172,"Oniong East 11",62,3
660,1768296097177,"Oniong East 111",62,3
661,1768296097183,"Oniong West 1",62,3
662,1768296097188,"Oniong West 11",62,3
663,1768296097193,"Oniong West 111",62,3
664,1768296097198,"Oron Urban IX",63,3
665,1768296097203,"Oron Urban X",63,3
666,1768296097209,"Oron Urban 1",63,3
667,1768296097215,"Oron Urban 11",63,3
668,1768296097221,"Oron Urban 111",63,3
669,1768296097226,"Oron Urban 1V",63,3
670,1768296097232,"Oron Urban V",63,3
671,1768296097237,"Oron Urban V1",63,3
672,1768296097243,"Oron Urban V11",63,3
673,1768296097248,"Oron Urban V111",63,3
674,1768296097253,"Abak Midim 1",64,3
675,1768296097258,"Abak Midim 11",64,3
676,1768296097264,"Abak Midim 111",64,3
677,1768296097270,"Abak Midim 1V",64,3
678,1768296097275,Ekparakwa,64,3
679,1768296097281,"Ibesit Nung Ikot 1",64,3
680,1768296097286,"Ibesit Nung Ikot 11",64,3
681,1768296097291,"Ikot Ibritam 1",64,3
682,1768296097297,"Ikot Ibritam 11",64,3
683,1768296097302,"Ndot Ikot Okoro 1",64,3
684,1768296097309,"Ndot Ikot Okoro 11",64,3
685,1768296097314,"Ndot Ikot Okoro 111",64,3
686,1768296097320,"Ndot Ikot Okoro V1",64,3
687,1768296097326,"Udung Uko 1",65,3
688,1768296097332,"Udung Uko 11",65,3
689,1768296097337,"Udung Uko 111",65,3
690,1768296097343,"Udung Uko 1V",65,3
691,1768296097348,"Udung Uko IX",65,3
692,1768296097353,"Udung Uko V",65,3
693,1768296097359,"Udung Uko V1",65,3
694,1768296097364,"Udung Uko V11",65,3
695,1768296097370,"Udung Uko V111",65,3
696,1768296097375,"Udung Uko X",65,3
697,1768296097380,"Northern Afaha 1",66,3
698,1768296097385,"Northern Afaha 11",66,3
699,1768296097391,"Northern Ukanafun 1",66,3
700,1768296097396,"Northern Ukanafun 11",66,3
701,1768296097414,"Southern Afaha Adat Ifang 1",66,3
702,1768296097421,"Southern Afaha Adat Ifang 11",66,3
703,1768296097427,"Southern Afaha Adat Ifang 111",66,3
704,1768296097433,"Southern Afaha Adat Ifang 1V",66,3
705,1768296097439,"Southern Ukanafun 1",66,3
706,1768296097444,"Southern Ukanafun 11",66,3
707,1768296097449,"Ukanafun Urban",66,3
708,1768296097454,"Central Uruan 11",67,3
709,1768296097459,"Centyral Uruan 1",67,3
710,1768296097465,"Centyral Uruan 111",67,3
711,1768296097470,"Northern Uruan 1",67,3
712,1768296097475,"Northern Uruan 11",67,3
713,1768296097480,"Southern Uruan 1",67,3
714,1768296097486,"Southern Uruan 11",67,3
715,1768296097491,"Southern Uruan 111",67,3
716,1768296097496,"Southern Uruan IV",67,3
717,1768296097501,"Southern Uruan V",67,3
718,1768296097507,"Southern Uruan V1",67,3
719,1768296097512,"Oruko 1",68,3
720,1768296097518,"Oruko 11",68,3
721,1768296097523,"Oruko 111",68,3
722,1768296097529,"Oruko 1V",68,3
723,1768296097534,"Oruko V",68,3
724,1768296097543,"Urue Offong 1",68,3
725,1768296097550,"Urue Offong 11",68,3
726,1768296097557,"Urue Offong 111",68,3
727,1768296097563,"Urue Offong 1V",68,3
728,1768296097569,"Urue Offong V",68,3
729,1768296097574,"Etoi 1",69,3
730,1768296097580,"Etoi 11",69,3
731,1768296097585,"Ikono 1",69,3
732,1768296097591,"Ikono 11",69,3
733,1768296097596,"Offot 1",69,3
734,1768296097602,"Offot 11",69,3
735,1768296097607,"Oku 1",69,3
736,1768296097612,"Oku 11",69,3
737,1768296097617,"Uyo Urban 1",69,3
738,1768296097622,"Uyo Urban 11",69,3
739,1768296097628,"Uyo Urban 111",69,3
740,1768296097633,"Achina I",70,4
741,1768296097638,"Achina II",70,4
742,1768296097643,"Agulueze Chukwu",70,4
743,1768296097649,Akpo,70,4
744,1768296097654,Amesi,70,4
745,1768296097659,"Ekwulobia I",70,4
746,1768296097665,"Ekwulobia II",70,4
747,1768296097671,"Ezinifite I",70,4
748,1768296097676,"Ezinifite II",70,4
749,1768296097682,"Igbo Ukwu II",70,4
750,1768296097687,"Igbo Ukwu I",70,4
751,1768296097692,Ikenga,70,4
752,1768296097697,Isuofia,70,4
753,1768296097702,Nkpologwu,70,4
754,1768296097707,Oreri,70,4
755,1768296097714,"Uga I",70,4
756,1768296097719,"Uga II",70,4
757,1768296097726,"Umuchu I",70,4
758,1768296097732,"Umuchu II",70,4
759,1768296097737,Umuona,70,4
760,1768296097742,Aguleri,71,4
761,1768296097747,"Aguleri II",71,4
762,1768296097752,"Enugwu Otu",71,4
763,1768296097757,"Eziagulu Otu",71,4
764,1768296097761,Igbariam,71,4
765,1768296097766,"Nando I",71,4
766,1768296097770,"Nando II",71,4
767,1768296097775,"Nando III",71,4
768,1768296097779,"Nsugbe I",71,4
769,1768296097784,"Nsugbe II",71,4
770,1768296097789,"Otuocha I",71,4
771,1768296097794,"Otuocha II",71,4
772,1768296097798,"Umuleri II",71,4
773,1768296097803,"Umuoba Anam",71,4
774,1768296097807,"Umureli I",71,4
775,1768296097813,"Ezi Anam",72,4
776,1768296097817,"Ifite Anam",72,4
777,1768296097822,Nzam,72,4
778,1768296097826,"Olumbanasa Ode",72,4
779,1768296097830,"Olumbanasa Inoma",72,4
780,1768296097835,"Oroma Etiti Anam",72,4
781,1768296097839,"Umuenwelum Anam",72,4
782,1768296097844,"Umueze Anam I",72,4
783,1768296097848,"Umueze Anam II",72,4
784,1768296097853,"Umuoba Anam",72,4
785,1768296097857,"Adazi Ani I",73,4
786,1768296097862,"Adazi Ani II",73,4
787,1768296097867,"Adazi Enu I",73,4
788,1768296097871,"Adazi Enu II",73,4
789,1768296097876,"Adazi Nnukwu I",73,4
790,1768296097880,"Adazi Nnukwu II",73,4
791,1768296097885,"Agulu IV",73,4
792,1768296097889,"Agulu I",73,4
793,1768296097893,"Agulu II",73,4
794,1768296097897,"Agulu III",73,4
795,1768296097902,"Agulu Uzoigbo",73,4
796,1768296097906,Akwaeze,73,4
797,1768296097910,"Ichida I",73,4
798,1768296097915,"Ichida II",73,4
799,1768296097922,"Neni I",73,4
800,1768296097927,"Neni II",73,4
801,1768296097944,"Nri I",73,4
802,1768296097948,"Nri II",73,4
803,1768296097953,Obeledu,73,4
804,1768296097957,"Achalla I",74,4
805,1768296097962,"Achalla I1",74,4
806,1768296097966,"Achalla I1I",74,4
807,1768296097970,Amansea,74,4
808,1768296097975,Amanuke,74,4
809,1768296097980,"Awba Ofemmili",74,4
810,1768296097984,"Ebenebe I",74,4
811,1768296097989,"Ebenebe II",74,4
812,1768296097994,"Ebenebe III",74,4
813,1768296097998,"Isu Aniocha",74,4
814,1768296098002,"Mabakwu I Anezike",74,4
815,1768296098007,Ugbene,74,4
816,1768296098012,Ugbenu,74,4
817,1768296098016,Urum,74,4
818,1768296098021,"Agu Oka",75,4
819,1768296098026,"Amawbia I",75,4
820,1768296098030,"Amawbia II",75,4
821,1768296098035,"Amawbia III",75,4
822,1768296098040,"Awka I",75,4
823,1768296098045,"Awka II",75,4
824,1768296098049,"Awka III",75,4
825,1768296098054,"Awka IV",75,4
826,1768296098059,"Awka V",75,4
827,1768296098063,"Awka VI",75,4
828,1768296098068,"Awka VII",75,4
829,1768296098073,"Ezinato Isiagu",75,4
830,1768296098078,"Mba Ukwu",75,4
831,1768296098083,"Nibo I",75,4
832,1768296098088,"Nibo II",75,4
833,1768296098092,"Nibo III",75,4
834,1768296098097,"Nise I",75,4
835,1768296098102,"Nise II",75,4
836,1768296098107,Okpuno,75,4
837,1768296098111,Umuawulu,75,4
838,1768296098116,Anaku,76,4
839,1768296098121,"Ifite Ogwari I",76,4
840,1768296098125,"Ifite Ogwari II",76,4
841,1768296098130,Igbakwu,76,4
842,1768296098134,Omasi,76,4
843,1768296098139,"Omor I",76,4
844,1768296098143,"Omor II",76,4
845,1768296098147,"Omor III",76,4
846,1768296098152,"Ume Rum",76,4
847,1768296098156,"Umueje Umueje",76,4
848,1768296098160,Umumbo,76,4
849,1768296098165,Akwa,77,4
850,1768296098169,"Ifitedunu I",77,4
851,1768296098173,"Ifitedunu II",77,4
852,1768296098177,"Nawgu I",77,4
853,1768296098182,"Nawgu II",77,4
854,1768296098186,"Ukpo I",77,4
855,1768296098190,"Ukpo II",77,4
856,1768296098194,"Ukpo III",77,4
857,1768296098198,"Ukwulu I",77,4
858,1768296098203,"Ukwulu II",77,4
859,1768296098207,"Umudioka I",77,4
860,1768296098212,"Umudioka II",77,4
861,1768296098216,"Umunnachi I",77,4
862,1768296098220,"Umunnachi II",77,4
863,1768296098225,"Amakwa II",78,4
864,1768296098229,Ichi,78,4
865,1768296098238,"Ihembosi Anaubahu",78,4
866,1768296098242,Ihiteoha,78,4
867,1768296098246,"Oraifite I",78,4
868,1768296098250,"Oraifite II",78,4
869,1768296098255,"Oraifite III",78,4
870,1768296098259,"Ozubulu I",78,4
871,1768296098264,"Ozubulu II",78,4
872,1768296098268,"Ozubulu III",78,4
873,1768296098272,"Ozubulu IV",78,4
874,1768296098277,"Ozubulu V",78,4
875,1768296098281,Abacha,79,4
876,1768296098285,Abatete,79,4
877,1768296098289,Eziowele,79,4
878,1768296098294,Ideani,79,4
879,1768296098298,"Nkpor I",79,4
880,1768296098303,"Nkpor II",79,4
881,1768296098307,Obosi,79,4
882,1768296098311,"Ogidi I",79,4
883,1768296098315,"Ogidi II",79,4
884,1768296098320,Oraukwu,79,4
885,1768296098324,Uke,79,4
886,1768296098328,Umuoji,79,4
887,1768296098333,Akwukwu,80,4
888,1768296098337,"Alor I",80,4
889,1768296098341,"Alor II",80,4
890,1768296098345,"Awka Etiti I",80,4
891,1768296098350,"Awka Etiti II",80,4
892,1768296098354,"Nnobi III",80,4
893,1768296098360,"Nnobi I",80,4
894,1768296098365,"Nnobi II",80,4
895,1768296098369,Nnokwa,80,4
896,1768296098373,"Oba I",80,4
897,1768296098378,"Oba II",80,4
898,1768296098382,Ojoto,80,4
899,1768296098387,"Amamu I",81,4
900,1768296098391,"Amamu II",81,4
901,1768296098407,Amorka,81,4
902,1768296098412,Azia,81,4
903,1768296098417,Ihite,81,4
904,1768296098421,Isseke,81,4
905,1768296098425,Lilu,81,4
906,1768296098430,Mbosi,81,4
907,1768296098434,Ogbolo,81,4
908,1768296098438,"Okija I",81,4
909,1768296098443,"Okija II",81,4
910,1768296098447,"Okija III",81,4
911,1768296098451,"Okija IV",81,4
912,1768296098456,"Okija V",81,4
913,1768296098460,Orsumoghu,81,4
914,1768296098464,Ubuluisiuzo,81,4
915,1768296098469,"Uli I",81,4
916,1768296098473,"Uli II",81,4
917,1768296098477,"Uli III",81,4
918,1768296098481,Uzoakwa,81,4
919,1768296098485,"Abagana I",82,4
920,1768296098490,"Abagana II",82,4
921,1768296098494,"Abagana III",82,4
922,1768296098498,"Abagana IV",82,4
923,1768296098503,"Abba I",82,4
924,1768296098507,"Abba II",82,4
925,1768296098511,"Enugwu Ukwu I",82,4
926,1768296098515,"Enugwu Ukwu II",82,4
927,1768296098520,"Enugwu Ukwu III",82,4
928,1768296098524,"Enugwu Ukwu IV",82,4
929,1768296098528,"Enugwu Agidi I",82,4
930,1768296098533,"Enugwu Agidi II",82,4
931,1768296098541,"Nawfia I",82,4
932,1768296098546,"Nawfia II",82,4
933,1768296098551,"Nimo I",82,4
934,1768296098555,"Nimo II",82,4
935,1768296098560,"Nimo III",82,4
936,1768296098564,"Nimo IV",82,4
937,1768296098569,"Nnewi Ichi I",83,4
938,1768296098573,"Nnewi Ichi II",83,4
939,1768296098577,"Otolo I",83,4
940,1768296098582,"Otolo III",83,4
941,1768296098587,"Otolo II",83,4
942,1768296098592,"Umudim I",83,4
943,1768296098596,"Umudim II",83,4
944,1768296098600,"Uruagu I",83,4
945,1768296098605,"Uruagu II",83,4
946,1768296098609,"Uruagu III",83,4
947,1768296098614,"Akwa Ihedi",84,4
948,1768296098619,"Amichi I",84,4
949,1768296098623,"Amichi II",84,4
950,1768296098628,"Amichi III",84,4
951,1768296098633,Azuigbo,84,4
952,1768296098638,Ebenator,84,4
953,1768296098642,Ekwulumili,84,4
954,1768296098646,Ezinifite,84,4
955,1768296098651,"Ezinifite I",84,4
956,1768296098655,"Ezinifite II",84,4
957,1768296098660,"Ezinifite III",84,4
958,1768296098665,"Osumenyi I",84,4
959,1768296098669,"Osumenyi II",84,4
960,1768296098673,"Ukpor I",84,4
961,1768296098678,"Ukpor II",84,4
962,1768296098682,"Ukpor III",84,4
963,1768296098686,"Ukpor IV",84,4
964,1768296098691,"Ukpor V",84,4
965,1768296098695,"Ukpor VI",84,4
966,1768296098699,Unubi,84,4
967,1768296098704,Utuh,84,4
968,1768296098708,"Akili Ozizor",85,4
969,1768296098712,"Akili Ogidi Obeagwe",85,4
970,1768296098717,"Atani I",85,4
971,1768296098721,"Atani II",85,4
972,1768296098726,"Iyiowa Odekpe Ohita",85,4
973,1768296098730,"Ochuche Umuodu Ogbakuba Amiyi",85,4
974,1768296098735,"Ogwu Ikpele",85,4
975,1768296098741,Ogwuaniocha,85,4
976,1768296098747,"Okpoko I",85,4
977,1768296098752,"Okpoko II",85,4
978,1768296098759,"Okpoko III",85,4
979,1768296098763,"Okpoko IV",85,4
980,1768296098768,"Okpoko V",85,4
981,1768296098772,"Okpoko VI",85,4
982,1768296098776,Ossomala,85,4
983,1768296098781,"Umunankwo Mputu",85,4
984,1768296098785,"American Quarters",86,4
985,1768296098789,"G R A",86,4
986,1768296098795,"Inland Town I",86,4
987,1768296098800,"Inland Town II",86,4
988,1768296098804,"Inland Town III",86,4
989,1768296098809,"Inland Town IV",86,4
990,1768296098814,"Inland Town V",86,4
991,1768296098818,"Inland Town VI",86,4
992,1768296098824,"Inland Town VII",86,4
993,1768296098828,"Inland Town VIII",86,4
994,1768296098833,"Ogbe Umuonicha",86,4
995,1768296098837,"Trans Nkisi",86,4
996,1768296098843,"Water Side Central 1",86,4
997,1768296098847,"Water Side Central II",86,4
998,1768296098854,"Woluwo Layout",86,4
999,1768296098859,"Bridge Head I",87,4
1000,1768296098864,"Bridge Head II",87,4
1001,1768296098886,"Bridge Head III",87,4
1002,1768296098892,"Fegge 1",87,4
1003,1768296098897,"Fegge 1V",87,4
1004,1768296098901,"Fegge II",87,4
1005,1768296098907,"Fegge III",87,4
1006,1768296098912,"Fegge V",87,4
1007,1768296098917,"Fegge VI",87,4
1008,1768296098922,"Fegge VII",87,4
1009,1768296098928,"Odoakpu I",87,4
1010,1768296098933,"Odoakpu II",87,4
1011,1768296098938,"Odoakpu III",87,4
1012,1768296098942,"Odoakpu IV",87,4
1013,1768296098947,"Odoakpu V",87,4
1014,1768296098951,"Odoakpu VI",87,4
1015,1768296098956,"Odoakpu VII",87,4
1016,1768296098961,Agbudu,88,4
1017,1768296098965,Akpu,88,4
1018,1768296098970,"Enugu Umonyia",88,4
1019,1768296098975,Eziagu,88,4
1020,1768296098979,Ezira,88,4
1021,1768296098984,Ihite,88,4
1022,1768296098989,Isulo,88,4
1023,1768296098994,Nawfija,88,4
1024,1768296098999,Nkerehi,88,4
1025,1768296099004,Ogboji,88,4
1026,1768296099008,"Ogbunka I",88,4
1027,1768296099013,"Ogbunka II",88,4
1028,1768296099017,"Owerre Ezukala I",88,4
1029,1768296099022,"Owerre Ezukala II",88,4
1030,1768296099026,"Umunze I",88,4
1031,1768296099031,"Umunze II",88,4
1032,1768296099035,"Umunze III",88,4
1033,1768296099040,Umuomaku,88,4
1034,1768296099044,"Ajalli I Obinikpa And Umueve",89,4
1035,1768296099049,"Ajalli II Umuabiama And Amaga",89,4
1036,1768296099053,Amaetiti,89,4
1037,1768296099058,"Amaokpala Omogho",89,4
1038,1768296099062,Awa,89,4
1039,1768296099068,"Awgbu I",89,4
1040,1768296099073,"Awgbu II",89,4
1041,1768296099078,"Nanka I",89,4
1042,1768296099084,"Nanka II",89,4
1043,1768296099090,"Ndi Okpalaeze",89,4
1044,1768296099097,Ndikelionwu,89,4
1045,1768296099103,"Ndiokolo Ndiokpaleke",89,4
1046,1768296099111,Ndiowu,89,4
1047,1768296099117,"Ndiukwuenu Okpeze",89,4
1048,1768296099125,"Oko II",89,4
1049,1768296099131,"Oko I",89,4
1050,1768296099135,"Ufuma I",89,4
1051,1768296099141,"Ufuma II",89,4
1052,1768296099151,"Awkuzu I",90,4
1053,1768296099159,"Awkuzu II",90,4
1054,1768296099164,"Awkuzu III",90,4
1055,1768296099170,"Awkuzu IV",90,4
1056,1768296099175,"Nkwelle Ezunaka I",90,4
1057,1768296099182,"Nkwelle Ezunaka II",90,4
1058,1768296099188,"Nteje I",90,4
1059,1768296099195,"Nteje II",90,4
1060,1768296099199,"Nteje III",90,4
1061,1768296099205,"Nteje IV",90,4
1062,1768296099211,"Nteje V",90,4
1063,1768296099217,"Ogbunike I",90,4
1064,1768296099223,"Ogbunike II",90,4
1065,1768296099229,"Umunya I",90,4
1066,1768296099240,"Umunya II",90,4
1067,1768296099245,Alkaleri,91,5
1068,1768296099249,"Birin Gigara Yankari",91,5
1069,1768296099254,"Dan Kungibar",91,5
1070,1768296099259,Futuk,91,5
1071,1768296099269,Gar,91,5
1072,1768296099274,"Gwana Mansur",91,5
1073,1768296099279,Gwaram,91,5
1074,1768296099283,Maimadi,91,5
1075,1768296099288,Pali,91,5
1076,1768296099293,Yalo,91,5
1077,1768296099297,"Yuli Lim",91,5
1078,1768296099302,"Birshi Miri",92,5
1079,1768296099306,"Dan Iya Hardo",92,5
1080,1768296099310,"Dandango Yamrat",92,5
1081,1768296099314,Dawaki,92,5
1082,1768296099319,"Galambi Gwaskwaram",92,5
1083,1768296099323,"Kangyare Turwun",92,5
1084,1768296099327,"Kundum Durum",92,5
1085,1768296099332,"Majidadi A",92,5
1086,1768296099336,"Majidadi B",92,5
1087,1768296099341,"Makama Sarki Baki",92,5
1088,1768296099345,"Mun Munsal",92,5
1089,1768296099349,"Zungur Liman Katagum",92,5
1090,1768296099354,"B O I A",93,5
1091,1768296099359,"B O I B",93,5
1092,1768296099364,"B O I C",93,5
1093,1768296099368,"Bogoro A",93,5
1094,1768296099373,"Bogoro B",93,5
1095,1768296099377,"Bogoro C",93,5
1096,1768296099381,"Bogoro D",93,5
1097,1768296099388,"Lusa A",93,5
1098,1768296099393,"Lusa B",93,5
1099,1768296099397,"Lusa C",93,5
1100,1768296099401,Dagauda,94,5
1101,1768296099416,Dambam,94,5
1102,1768296099421,Gargawa,94,5
1103,1768296099425,Garuza,94,5
1104,1768296099429,Gurbana,94,5
1105,1768296099434,"Jalam Central",94,5
1106,1768296099438,"Jalam East",94,5
1107,1768296099442,Yame,94,5
1108,1768296099446,Yanda,94,5
1109,1768296099451,Zaura,94,5
1110,1768296099455,Darazo,95,5
1111,1768296099459,Gabarin,95,5
1112,1768296099463,Gabciyari,95,5
1113,1768296099468,Konkiyal,95,5
1114,1768296099472,Lago,95,5
1115,1768296099476,Lanzai,95,5
1116,1768296099480,Papa,95,5
1117,1768296099484,Sade,95,5
1118,1768296099489,Tauya,95,5
1119,1768296099493,Wahu,95,5
1120,1768296099497,Yautare,95,5
1121,1768296099502,"Bagel Bajar",96,5
1122,1768296099506,Baraza,96,5
1123,1768296099510,Bundot,96,5
1124,1768296099515,"Bununu Central",96,5
1125,1768296099520,"Bununu South",96,5
1126,1768296099525,Dott,96,5
1127,1768296099529,Durr,96,5
1128,1768296099534,Polchi,96,5
1129,1768296099538,Wandi,96,5
1130,1768296099543,"Zumbul Lukshi",96,5
1131,1768296099548,"Alagarno Jadori",97,5
1132,1768296099552,Gadiya,97,5
1133,1768296099557,Gamawa,97,5
1134,1768296099561,Gololo,97,5
1135,1768296099566,"Kafin Romi",97,5
1136,1768296099571,Kubdiya,97,5
1137,1768296099580,Raga,97,5
1138,1768296099585,Tarmasuwa,97,5
1139,1768296099589,Tumbi,97,5
1140,1768296099594,Udubo,97,5
1141,1768296099599,Zindi,97,5
1142,1768296099603,Ganjuwa,98,5
1143,1768296099607,Gungura,98,5
1144,1768296099612,"Kafin Madaki",98,5
1145,1768296099617,Kariya,98,5
1146,1768296099621,"Kubi East",98,5
1147,1768296099626,"Kubi West",98,5
1148,1768296099630,"Miya East",98,5
1149,1768296099635,"Miya West",98,5
1150,1768296099639,"Nasarawa South",98,5
1151,1768296099644,"Nasarawa North",98,5
1152,1768296099649,Yali,98,5
1153,1768296099653,Chinkani,99,5
1154,1768296099658,"Doguwa South",99,5
1155,1768296099663,"Doguwa Central",99,5
1156,1768296099667,Giade,99,5
1157,1768296099672,Isawa,99,5
1158,1768296099676,"Sabon Sara",99,5
1159,1768296099680,"U Zum A",99,5
1160,1768296099685,"Uzum B",99,5
1161,1768296099689,Zabi,99,5
1162,1768296099694,Zirrami,99,5
1163,1768296099698,"Abdallawa Magarya",100,5
1164,1768296099703,Bambal,100,5
1165,1768296099707,Bilkicheri,100,5
1166,1768296099712,Buzawa,100,5
1167,1768296099716,Gadau,100,5
1168,1768296099721,Gwarai,100,5
1169,1768296099725,Itas,100,5
1170,1768296099729,Kashuri,100,5
1171,1768296099734,Mashema,100,5
1172,1768296099738,Zubuki,100,5
1173,1768296099742,"Dogon Jeji A",101,5
1174,1768296099746,"Dogon Jeji B",101,5
1175,1768296099750,"Dogon Jeji C",101,5
1176,1768296099755,Galdimari,101,5
1177,1768296099759,Hanafari,101,5
1178,1768296099764,"Jama Are A",101,5
1179,1768296099768,"Jama Are B",101,5
1180,1768296099774,"Jama Are C",101,5
1181,1768296099778,"Jama Are D",101,5
1182,1768296099782,Jurara,101,5
1183,1768296099787,"Bulkachuwa Dagaro",102,5
1184,1768296099791,Buskuri,102,5
1185,1768296099795,Chinade,102,5
1186,1768296099800,"Gambaki Bidir",102,5
1187,1768296099804,"Madachi Gangai",102,5
1188,1768296099808,Madangala,102,5
1189,1768296099813,Madara,102,5
1190,1768296099817,"Nasarawa Bakin Kasuwa",102,5
1191,1768296099822,"Ragwam Magonshi",102,5
1192,1768296099827,"Tsakuwa Kofar Gabas Kofar Kuka",102,5
1193,1768296099832,Yayu,102,5
1194,1768296099838,Badara,103,5
1195,1768296099842,Bara,103,5
1196,1768296099847,"Beni A",103,5
1197,1768296099851,"Beni B",103,5
1198,1768296099855,"Dewu Central",103,5
1199,1768296099860,"Dewu East",103,5
1200,1768296099865,Kirfi,103,5
1201,1768296099883,Shango,103,5
1202,1768296099892,Tubule,103,5
1203,1768296099896,Wanka,103,5
1204,1768296099901,"Ajilin Gugulin",104,5
1205,1768296099906,Beti,104,5
1206,1768296099910,Gwaram,104,5
1207,1768296099914,Hardawa,104,5
1208,1768296099919,Jarkasa,104,5
1209,1768296099923,"Kukadi Gundari",104,5
1210,1768296099928,"Sarma Akuyam",104,5
1211,1768296099932,Sirko,104,5
1212,1768296099936,Tofu,104,5
1213,1768296099941,Zadawa,104,5
1214,1768296099946,Balma,105,5
1215,1768296099951,Bashe,105,5
1216,1768296099956,"Burra Kyata",105,5
1217,1768296099960,Dingis,105,5
1218,1768296099965,Jangu,105,5
1219,1768296099969,"Kudu Yamma",105,5
1220,1768296099974,Kurmi,105,5
1221,1768296099979,Nasaru,105,5
1222,1768296099983,Ningi,105,5
1223,1768296099988,Sama,105,5
1224,1768296099992,"Tiffi Guda",105,5
1225,1768296099996,Andubun,106,5
1226,1768296100001,"Beli Gagidaba",106,5
1227,1768296100005,"Bukul Bangire",106,5
1228,1768296100011,Disina,106,5
1229,1768296100016,Faggo,106,5
1230,1768296100020,Kilbori,106,5
1231,1768296100025,Sambuwal,106,5
1232,1768296100029,Shira,106,5
1233,1768296100034,Tsafi,106,5
1234,1768296100038,Tumfafi,106,5
1235,1768296100043,Zubo,106,5
1236,1768296100047,Ball,107,5
1237,1768296100052,Bula,107,5
1238,1768296100056,Bununu,107,5
1239,1768296100061,Dajin,107,5
1240,1768296100065,Dull,107,5
1241,1768296100070,"Kardam A",107,5
1242,1768296100074,"Kardam B",107,5
1243,1768296100078,"Lere South",107,5
1244,1768296100083,"Lere North",107,5
1245,1768296100087,Tapshin,107,5
1246,1768296100091,Wai,107,5
1247,1768296100096,"Jama A Zaranda",108,5
1248,1768296100100,Lame,108,5
1249,1768296100105,"Mara Palama",108,5
1250,1768296100109,Rahama,108,5
1251,1768296100114,"Rauta Geji",108,5
1252,1768296100118,Ribina,108,5
1253,1768296100123,Tama,108,5
1254,1768296100127,"Tilden Fulani",108,5
1255,1768296100132,"Toro Tulai",108,5
1256,1768296100136,Wonu,108,5
1257,1768296100141,"Zalau Rishi",108,5
1258,1768296100145,"Baima South East",109,5
1259,1768296100150,"Baima North West",109,5
1260,1768296100155,"Dagu East",109,5
1261,1768296100159,"Dagu West",109,5
1262,1768296100163,Gabanga,109,5
1263,1768296100168,Katanga,109,5
1264,1768296100172,Kilbori,109,5
1265,1768296100177,Rangan,109,5
1266,1768296100181,Tiyin,109,5
1267,1768296100185,"Tudun Wada West",109,5
1268,1768296100190,"Alangawari Kafin Larabawa",110,5
1269,1768296100195,Bursali,110,5
1270,1768296100199,Gumai,110,5
1271,1768296100203,Katagum,110,5
1272,1768296100207,Mainako,110,5
1273,1768296100214,Maiwa,110,5
1274,1768296100218,Makawa,110,5
1275,1768296100222,"Murmur South",110,5
1276,1768296100227,"Murmur North",110,5
1277,1768296100235,Sakwa,110,5
1278,1768296100240,"Tashena Gadai",110,5
1279,1768296100244,"Brass 1",111,6
1280,1768296100251,"Brass Ward II",111,6
1281,1768296100255,"Cape Farmosa",111,6
1282,1768296100260,"Ewoama Fantuo",111,6
1283,1768296100264,Konsho,111,6
1284,1768296100269,Minibie,111,6
1285,1768296100273,"Odioma Diema",111,6
1286,1768296100277,Okpoama,111,6
1287,1768296100282,"Os Inibiri",111,6
1288,1768296100286,Sangana,111,6
1289,1768296100291,"Eduwini I",112,6
1290,1768296100296,"Eduwini II",112,6
1291,1768296100302,"Oporomor I",112,6
1292,1768296100307,"Oporomor II",112,6
1293,1768296100312,"Oporomor III",112,6
1294,1768296100317,"Oporomor IV",112,6
1295,1768296100322,"Oporomor V",112,6
1296,1768296100326,"Oyiakiri I",112,6
1297,1768296100331,"Oyiakiri II",112,6
1298,1768296100335,"Oyiakiri III",112,6
1299,1768296100340,"Oyiakiri IV",112,6
1300,1768296100344,Tarakiri,112,6
1301,1768296100360,Igbedi,113,6
1302,1768296100364,Kaiama,113,6
1303,1768296100369,"Kaiama Olobiri",113,6
1304,1768296100374,"Odi Central II",113,6
1305,1768296100378,"Odi North I",113,6
1306,1768296100382,"Odi South III",113,6
1307,1768296100386,"Okoloba Sabagreia II",113,6
1308,1768296100392,"Opokuma North",113,6
1309,1768296100396,Opokumasouth,113,6
1310,1768296100401,"Sampou Kalama",113,6
1311,1768296100405,"Seibokorogha Sabagreia 1",113,6
1312,1768296100409,"Bassambiri 1",114,6
1313,1768296100413,"Bassambiri 11",114,6
1314,1768296100418,"Bassambiri 111",114,6
1315,1768296100423,"Bassambiri 1V",114,6
1316,1768296100427,"Igbeta Ewoama Fantuo",114,6
1317,1768296100432,Ikensi,114,6
1318,1768296100436,Mini,114,6
1319,1768296100440,"Ogbolomabiri 1",114,6
1320,1768296100445,"Ogbolomabiri 11",114,6
1321,1768296100449,"Ogbolomabiri 111",114,6
1322,1768296100453,"Okoroma 1",114,6
1323,1768296100458,"Okoroma 11",114,6
1324,1768296100463,Oluasiri,114,6
1325,1768296100467,Anyama,115,6
1326,1768296100471,Emeyal,115,6
1327,1768296100477,Imiringi,115,6
1328,1768296100482,Kolo,115,6
1329,1768296100487,Ogbia,115,6
1330,1768296100494,Okodi,115,6
1331,1768296100499,Ologi,115,6
1332,1768296100504,Oloibiri,115,6
1333,1768296100509,Opume,115,6
1334,1768296100513,Otakeme,115,6
1335,1768296100520,Otuabula,115,6
1336,1768296100525,Otuasega,115,6
1337,1768296100529,Otuokpoti,115,6
1338,1768296100533,Adagbabiri,116,6
1339,1768296100539,Adoni,116,6
1340,1768296100543,Agbere,116,6
1341,1768296100549,Agoro,116,6
1342,1768296100554,Angalabiri,116,6
1343,1768296100564,Asamabiri,116,6
1344,1768296100569,Ebedebiri,116,6
1345,1768296100574,"Ofoni I",116,6
1346,1768296100579,"Ofoni II",116,6
1347,1768296100584,Osekwenike,116,6
1348,1768296100589,Ossiama,116,6
1349,1768296100594,Sagbama,116,6
1350,1768296100598,"Toru Ebeni",116,6
1351,1768296100603,Trofani,116,6
1352,1768296100607,"Amassoma I",117,6
1353,1768296100612,"Amassoma II",117,6
1354,1768296100616,"Amassoma III",117,6
1355,1768296100622,Apoi,117,6
1356,1768296100628,"Central Boma I",117,6
1357,1768296100633,"Central Boma II",117,6
1358,1768296100637,"East Boma I",117,6
1359,1768296100642,"East Boma II",117,6
1360,1768296100648,Foropa,117,6
1361,1768296100654,Koluama,117,6
1362,1768296100658,"Olodiama I",117,6
1363,1768296100664,"Olodiama II",117,6
1364,1768296100668,"Oporoma II",117,6
1365,1768296100674,"Oporoma 1",117,6
1366,1768296100679,Otuan,117,6
1367,1768296100684,Ukubie,117,6
1368,1768296100688,"West Boma",117,6
1369,1768296100693,"Attissa I",118,6
1370,1768296100698,"Attissa II",118,6
1371,1768296100702,"Attissa III",118,6
1372,1768296100707,"Biseni 1",118,6
1373,1768296100711,"Biseni 11",118,6
1374,1768296100715,"Ekpetiama 11",118,6
1375,1768296100721,"Ekpetiama I",118,6
1376,1768296100726,"Epie 11",118,6
1377,1768296100732,"Epie I",118,6
1378,1768296100738,"Epie III",118,6
1379,1768296100744,"Gbarain I",118,6
1380,1768296100749,"Gbarain II",118,6
1381,1768296100754,"Gbarain III",118,6
1382,1768296100758,Okordia,118,6
1383,1768296100763,Zarama,118,6
1384,1768296100768,"Akoge Ogbilolo",119,7
1385,1768296100773,Apa,119,7
1386,1768296100777,Ekile,119,7
1387,1768296100783,"Igumale I",119,7
1388,1768296100787,"Igumale II",119,7
1389,1768296100791,Ijigban,119,7
1390,1768296100796,Ogege,119,7
1391,1768296100801,Royongo,119,7
1392,1768296100805,Ukwonyo,119,7
1393,1768296100810,Ulayi,119,7
1394,1768296100817,Egba,120,7
1395,1768296100821,Enungba,120,7
1396,1768296100825,Obagaji,120,7
1397,1768296100832,Odugbeho,120,7
1398,1768296100839,Ogbaulu,120,7
1399,1768296100844,"Ogwule Ogbaulu",120,7
1400,1768296100848,"Ogwule Kaduna",120,7
1401,1768296100864,Okokolo,120,7
1402,1768296100868,Oshigbudu,120,7
1403,1768296100873,Usha,120,7
1404,1768296100878,"Akpete Ojantelle",121,7
1405,1768296100882,Auke,121,7
1406,1768296100886,"Edikwu I",121,7
1407,1768296100891,"Edikwu II",121,7
1408,1768296100896,"Igah Okpaya",121,7
1409,1768296100904,Igoro,121,7
1410,1768296100908,Ikobi,121,7
1411,1768296100913,Oba,121,7
1412,1768296100917,Ofoke,121,7
1413,1768296100924,Oiji,121,7
1414,1768296100929,Ugbokpo,121,7
1415,1768296100935,Binev,122,7
1416,1768296100939,Etulo,122,7
1417,1768296100943,Mbaade,122,7
1418,1768296100948,Mbaakura,122,7
1419,1768296100952,Mbaapen,122,7
1420,1768296100957,Mbaatirkyaa,122,7
1421,1768296100962,Mbaazagee,122,7
1422,1768296100967,"Mbaikyongo Nyifon",122,7
1423,1768296100972,Mbaityough,122,7
1424,1768296100976,Mbakyaan,122,7
1425,1768296100981,Mbaya,122,7
1426,1768296100986,Mbayaka,122,7
1427,1768296100992,Shorov,122,7
1428,1768296100997,"Gbk Central Market",123,7
1429,1768296101001,"Gboko East",123,7
1430,1768296101006,"Gboko North West",123,7
1431,1768296101010,"Gboko South",123,7
1432,1768296101015,Igyorov,123,7
1433,1768296101019,"Mbaa Varakaa",123,7
1434,1768296101025,Mbaanku,123,7
1435,1768296101029,Mbadam,123,7
1436,1768296101034,Mbadim,123,7
1437,1768296101038,Mbakper,123,7
1438,1768296101043,Mbakwen,123,7
1439,1768296101047,Mbatan,123,7
1440,1768296101051,Mbatser,123,7
1441,1768296101056,Mbatyu,123,7
1442,1768296101060,Ukpekpe,123,7
1443,1768296101064,"Yandev North",123,7
1444,1768296101068,"Yandev South",123,7
1445,1768296101073,Abinsi,124,7
1446,1768296101077,Kaambe,124,7
1447,1768296101083,Mbabai,124,7
1448,1768296101088,Mbadwem,124,7
1449,1768296101092,Mbawa,124,7
1450,1768296101096,"Mbayer Yandev",124,7
1451,1768296101101,Nyiev,124,7
1452,1768296101106,Nzorov,124,7
1453,1768296101111,Saghev,124,7
1454,1768296101115,Uvir,124,7
1455,1768296101120,"Akpach Ayi",125,7
1456,1768296101124,"Aliade Town",125,7
1457,1768296101129,Gbemacha,125,7
1458,1768296101134,Ikyogbajir,125,7
1459,1768296101138,Ikyonov,125,7
1460,1768296101143,Mbabur,125,7
1461,1768296101147,Mbaiase,125,7
1462,1768296101152,Mbaikyaan,125,7
1463,1768296101157,Mbaikyu,125,7
1464,1768296101161,Mbalom,125,7
1465,1768296101166,Mbasombo,125,7
1466,1768296101170,Mbayom,125,7
1467,1768296101175,Shough,125,7
1468,1768296101179,Ugee,125,7
1469,1768296101184,Avihijime,126,7
1470,1768296101188,"Gaambe Ushin",126,7
1471,1768296101193,"Gbaange Tongov",126,7
1472,1768296101197,Ikyaghev,126,7
1473,1768296101201,"Isambe Mbasev",126,7
1474,1768296101211,"Ityoughatee Injaha",126,7
1475,1768296101215,Mbabuande,126,7
1476,1768296101222,Mbachohon,126,7
1477,1768296101229,Mbanyamshi,126,7
1478,1768296101233,Mbapa,126,7
1479,1768296101240,Merkyen,126,7
1480,1768296101246,"Sagher Ukusu",126,7
1481,1768296101255,Sengev,126,7
1482,1768296101260,"Sengev Yengev",126,7
1483,1768296101265,Tijime,126,7
1484,1768296101272,"Ikurav Tiev I",127,7
1485,1768296101276,"Ikurav Tiev II",127,7
1486,1768296101281,"Iwar Tongov I",127,7
1487,1768296101285,"Katsina Ala Town",127,7
1488,1768296101290,Mbacher,127,7
1489,1768296101294,Mbajir,127,7
1490,1768296101298,"Mbatula Mberev",127,7
1491,1768296101304,Mbayongo,127,7
1492,1768296101309,Michihe,127,7
1493,1768296101314,"Tiir Tongov II",127,7
1494,1768296101318,Utange,127,7
1495,1768296101325,Yooyo,127,7
1496,1768296101330,"Ikyurav Mbatwer",128,7
1497,1768296101335,"Mbagusa Mbatser",128,7
1498,1768296101339,Mbaikyase,128,7
1499,1768296101344,Mbaiwarnyam,128,7
1500,1768296101349,Mbake,128,7
1501,1768296101367,Mbanor,128,7
1502,1768296101372,Mbatsen,128,7
1503,1768296101378,Mbavoa,128,7
1504,1768296101384,Mbawar,128,7
1505,1768296101388,"Mbayegh Mbaikyer",128,7
1506,1768296101393,"Tse Agberagba",128,7
1507,1768296101402,"Adikpo Metropolis",129,7
1508,1768296101406,Kumakwagh,129,7
1509,1768296101411,"Liev I",129,7
1510,1768296101415,"Liev II",129,7
1511,1768296101420,Mbadura,129,7
1512,1768296101424,"Mbagba Mbaikyan",129,7
1513,1768296101429,Mbaikyor,129,7
1514,1768296101434,Mbaketsa,129,7
1515,1768296101438,Mbayoo,129,7
1516,1768296101444,Menev,129,7
1517,1768296101449,Moon,129,7
1518,1768296101454,"Tondov I",129,7
1519,1768296101459,"Tondov II",129,7
1520,1768296101463,Usar,129,7
1521,1768296101468,Yaav,129,7
1522,1768296101472,Mbadyul,130,7
1523,1768296101479,Mbagber,130,7
1524,1768296101483,Mbater,130,7
1525,1768296101488,Mbavuur,130,7
1526,1768296101492,Mbayam,130,7
1527,1768296101500,Nenzev,130,7
1528,1768296101505,Tombo,130,7
1529,1768296101509,Turan,130,7
1530,1768296101514,"Ukembergya Iswarev",130,7
1531,1768296101520,Yonov,130,7
1532,1768296101525,Agan,131,7
1533,1768296101529,"Ankpa Wadata",131,7
1534,1768296101533,Bar,131,7
1535,1768296101538,"Central South Mission",131,7
1536,1768296101542,"Clerks Market",131,7
1537,1768296101547,Fildi,131,7
1538,1768296101551,Mbalagh,131,7
1539,1768296101557,"Modern Market",131,7
1540,1768296101562,"North Bank I",131,7
1541,1768296101567,"North Bank II",131,7
1542,1768296101572,Wailomayo,131,7
1543,1768296101577,Adiko,132,7
1544,1768296101581,"Adum West",132,7
1545,1768296101586,Ikwokwu,132,7
1546,1768296101590,Irabi,132,7
1547,1768296101595,Itogo,132,7
1548,1768296101600,Obarike,132,7
1549,1768296101604,Obeko,132,7
1550,1768296101612,Odiapa,132,7
1551,1768296101617,Ogore,132,7
1552,1768296101621,Okpokwu,132,7
1553,1768296101626,Okwutungbe,132,7
1554,1768296101630,Orihi,132,7
1555,1768296101634,"Ai Oodo I",133,7
1556,1768296101639,"Ai Oodo II",133,7
1557,1768296101644,"Ai Oono I",133,7
1558,1768296101648,"Ai Oono II",133,7
1559,1768296101653,"Ai Oono III",133,7
1560,1768296101657,"Ehaje I",133,7
1561,1768296101662,"Ehaje II",133,7
1562,1768296101666,"Itabono I",133,7
1563,1768296101671,"Itabono II",133,7
1564,1768296101675,Olachagbaha,133,7
1565,1768296101680,"Orokam I",133,7
1566,1768296101684,"Orokam II",133,7
1567,1768296101688,"Orokam III",133,7
1568,1768296101692,Agadagba,134,7
1569,1768296101696,"Awume Ehaje",134,7
1570,1768296101701,"Awume Icho",134,7
1571,1768296101705,Ehatokpe,134,7
1572,1768296101709,Idekpa,134,7
1573,1768296101714,Ochobo,134,7
1574,1768296101718,"Oglewu Ehaje",134,7
1575,1768296101722,"Oglewu Icho",134,7
1576,1768296101726,"Onyagede Icho Ogoli",134,7
1577,1768296101730,"Onyagede Ehaje Alle",134,7
1578,1768296101734,Adokpa,135,7
1579,1768296101738,Ainu,135,7
1580,1768296101743,Ibilla,135,7
1581,1768296101748,Idelle,135,7
1582,1768296101755,Iyeche,135,7
1583,1768296101760,"Oboru Oye",135,7
1584,1768296101764,Oju,135,7
1585,1768296101769,Okpokpo,135,7
1586,1768296101773,Okwudu,135,7
1587,1768296101777,Owo,135,7
1588,1768296101782,"Ukpa Ainu Ette",135,7
1589,1768296101786,Amejo,136,7
1590,1768296101791,Eke,136,7
1591,1768296101795,"Ichama II",136,7
1592,1768296101799,Ojigo,136,7
1593,1768296101804,Ojoga,136,7
1594,1768296101808,Okonobo,136,7
1595,1768296101812,"Okpaile Ingle",136,7
1596,1768296101816,"Okpoga Central",136,7
1597,1768296101821,"Okpoga North",136,7
1598,1768296101825,"Okpoga South",136,7
1599,1768296101830,"Okpoga West",136,7
1600,1768296101834,Ugbokolo,136,7
1601,1768296101850,"Adoka Haje",137,7
1602,1768296101854,"Adoka Icho",137,7
1603,1768296101859,Allan,137,7
1604,1768296101863,Entekpa,137,7
1605,1768296101867,Ewulo,137,7
1606,1768296101872,Okete,137,7
1607,1768296101876,Otobi,137,7
1608,1768296101881,"Otukpo Town Central",137,7
1609,1768296101885,"Otukpo Town East",137,7
1610,1768296101889,"Otukpo Town West",137,7
1611,1768296101893,"Ugboju Ehaje",137,7
1612,1768296101898,"Ugboju Icho",137,7
1613,1768296101902,"Ugboju Otahe",137,7
1614,1768296101907,"Mbaajir Akaa",138,7
1615,1768296101911,Mbaayo,138,7
1616,1768296101920,"Mbachaver Ikyondo",138,7
1617,1768296101925,Mbaigba,138,7
1618,1768296101930,Mbaikyaa,138,7
1619,1768296101934,"Mbaikyo Mbayia",138,7
1620,1768296101939,Mbakwakem,138,7
1621,1768296101943,Mbanyagber,138,7
1622,1768296101948,Shitile,138,7
1623,1768296101952,Tongov,138,7
1624,1768296101957,Aterayange,139,7
1625,1768296101961,Azendeshi,139,7
1626,1768296101966,Borikyo,139,7
1627,1768296101970,Ityuluv,139,7
1628,1768296101975,Kendev,139,7
1629,1768296101980,Kundav,139,7
1630,1768296101985,Lumbuv,139,7
1631,1768296101990,Mbatian,139,7
1632,1768296101994,Mbayenge,139,7
1633,1768296101999,Mbazun,139,7
1634,1768296102005,Tsaav,139,7
1635,1768296102010,Ugbaam,139,7
1636,1768296102015,Uyam,139,7
1637,1768296102020,Atikyese,140,7
1638,1768296102025,Ikyov,140,7
1639,1768296102029,Lessel,140,7
1640,1768296102034,Mbaaka,140,7
1641,1768296102038,Mbaanyam,140,7
1642,1768296102043,Mbagba,140,7
1643,1768296102047,Mbagwaza,140,7
1644,1768296102052,Mbagwe,140,7
1645,1768296102057,Mbakuha,140,7
1646,1768296102061,Mbayegh,140,7
1647,1768296102066,Utange,140,7
1648,1768296102070,Mbadede,141,7
1649,1768296102075,Mbagbam,141,7
1650,1768296102079,Mbagbera,141,7
1651,1768296102085,Mbajor,141,7
1652,1768296102090,Mbakaange,141,7
1653,1768296102095,Mbakyaha,141,7
1654,1768296102100,Mbanyumangbagh,141,7
1655,1768296102104,Mbatyough,141,7
1656,1768296102108,Mbayongo,141,7
1657,1768296102113,Ningev,141,7
1658,1768296102118,Tsambe,141,7
1659,1768296102122,"Vandeikya Township",141,7
1660,1768296102127,Arege,142,8
1661,1768296102131,Banowa,142,8
1662,1768296102136,Fuguwa,142,8
1663,1768296102141,Jabullam,142,8
1664,1768296102146,Kudokurgu,142,8
1665,1768296102150,"Malam Kaunari",142,8
1666,1768296102155,"Mallamfatori Kessa",142,8
1667,1768296102159,Yau,142,8
1668,1768296102164,"Yawa Kura",142,8
1669,1768296102169,Yituwa,142,8
1670,1768296102173,"Askira East",143,8
1671,1768296102178,"Chul Rumirgo",143,8
1672,1768296102182,"Dille Huyum",143,8
1673,1768296102186,"Husara Tampul",143,8
1674,1768296102191,"Kopa Multhafu",143,8
1675,1768296102196,Lassa,143,8
1676,1768296102200,Mussa,143,8
1677,1768296102205,Ngohi,143,8
1678,1768296102209,Ngulde,143,8
1679,1768296102214,Uba,143,8
1680,1768296102218,"Uda Uvu",143,8
1681,1768296102222,"Wamdeo Giwi",143,8
1682,1768296102227,"Zadawa Hausari",143,8
1683,1768296102232,"Andara Ajiri Wulba",144,8
1684,1768296102236,"Buduwa Bula Chirabe",144,8
1685,1768296102241,"Dipchari Jere Dar Jamal Kotembe",144,8
1686,1768296102245,"Gulumba Jukkuri Batra",144,8
1687,1768296102249,Kasugula,144,8
1688,1768296102254,"Kumshe Nduguno",144,8
1689,1768296102258,"Lawanti Malam Mastari Abbaram",144,8
1690,1768296102263,"Marka Malge Amchaka",144,8
1691,1768296102271,"Mbuliya Goniri Siraja",144,8
1692,1768296102275,"Sabsabwa Soye Bulongu",144,8
1693,1768296102280,"Shehuri Hausari Mairi",144,8
1694,1768296102284,"Wulbari Ndine Chachile",144,8
1695,1768296102288,"Yabiri Kura Yabiri Gana Chongolo",144,8
1696,1768296102293,"Zangeri Kash Kash",144,8
1697,1768296102297,Balbaya,145,8
1698,1768296102302,Briyel,145,8
1699,1768296102306,Fikayel,145,8
1700,1768296102311,Gamadadi,145,8
1701,1768296102326,"Jara Dali",145,8
1702,1768296102330,"Jara Gol",145,8
1703,1768296102335,Limanti,145,8
1704,1768296102340,Teli,145,8
1705,1768296102344,Wuyo,145,8
1706,1768296102348,Zara,145,8
1707,1768296102353,Buratai,146,8
1708,1768296102357,"Dadin Kowa",146,8
1709,1768296102362,Dugja,146,8
1710,1768296102366,Garubula,146,8
1711,1768296102371,Gur,146,8
1712,1768296102375,Kenken,146,8
1713,1768296102380,"Mandara Girau",146,8
1714,1768296102384,Miringa,146,8
1715,1768296102389,Sulumthla,146,8
1716,1768296102393,Yawi,146,8
1717,1768296102398,Zarawuyaku,146,8
1718,1768296102403,"Chibok Garu",147,8
1719,1768296102408,"Chibok Likama",147,8
1720,1768296102413,"Chibok Wuntaku",147,8
1721,1768296102418,Gatamarwa,147,8
1722,1768296102422,Kautikari,147,8
1723,1768296102427,Korongilim,147,8
1724,1768296102432,Kuburmbula,147,8
1725,1768296102436,Mbalala,147,8
1726,1768296102441,"Mboa Kura",147,8
1727,1768296102445,Pemi,147,8
1728,1768296102450,Shikarkir,147,8
1729,1768296102455,"Ajign A",148,8
1730,1768296102459,"Ajign B",148,8
1731,1768296102464,"Azur Multe Forfor",148,8
1732,1768296102468,"Bego Yerwa Ngurna",148,8
1733,1768296102475,Damboa,148,8
1734,1768296102479,"Gumsuri Misakurbudu",148,8
1735,1768296102484,"Kafa Mafi",148,8
1736,1768296102489,"Mulgwai Kopchi",148,8
1737,1768296102494,"Nguda Wuyaram",148,8
1738,1768296102499,"Wawa Korede",148,8
1739,1768296102503,Boboshe,149,8
1740,1768296102508,Dikwa,149,8
1741,1768296102513,Gajibo,149,8
1742,1768296102518,"Magarta Sheffri",149,8
1743,1768296102522,"Mallam Maja",149,8
1744,1768296102527,"Mudu Kaza",149,8
1745,1768296102531,"Muliye Jemuri",149,8
1746,1768296102536,Ngudoram,149,8
1747,1768296102541,"Sogoma Afuye",149,8
1748,1768296102545,"Ufaye Gujile",149,8
1749,1768296102549,Ardimini,150,8
1750,1768296102554,Dabira,150,8
1751,1768296102559,Felo,150,8
1752,1768296102563,Gamowo,150,8
1753,1768296102567,Gazabure,150,8
1754,1768296102572,"Gubio Town I",150,8
1755,1768296102577,"Gubio Town II",150,8
1756,1768296102586,Kingowa,150,8
1757,1768296102590,Ngetra,150,8
1758,1768296102595,Zowo,150,8
1759,1768296102599,Aduwa,151,8
1760,1768296102604,"Gudumbali East",151,8
1761,1768296102609,"Gudumbali West",151,8
1762,1768296102613,Guworam,151,8
1763,1768296102618,"Guzamala East",151,8
1764,1768296102622,"Guzamala West",151,8
1765,1768296102627,Kingarwa,151,8
1766,1768296102631,Mairari,151,8
1767,1768296102636,Moduri,151,8
1768,1768296102640,Wamiri,151,8
1769,1768296102644,Ashigashiya,152,8
1770,1768296102649,"Bita Izge",152,8
1771,1768296102653,"Dure Wala Warabe",152,8
1772,1768296102657,"Gavva Agapalwa",152,8
1773,1768296102662,"Guduf Nagadiyo",152,8
1774,1768296102666,"Gwoza Town Gadamayo",152,8
1775,1768296102671,"Gwoza Wakane Bulabulin",152,8
1776,1768296102675,"Hambagda Liman Kara New Settlement",152,8
1777,1768296102679,"Johode Chikide Kughum",152,8
1778,1768296102683,"Kirawa Jimini",152,8
1779,1768296102688,"Kurana Bassa Ngoshe Sama A",152,8
1780,1768296102692,Ngoshe,152,8
1781,1768296102696,"Pulka Bokko",152,8
1782,1768296102701,Bilingwi,153,8
1783,1768296102705,"Dzar Vinadum Birni Dlandi",153,8
1784,1768296102710,"Gwanzang Pusda",153,8
1785,1768296102714,Hizhi,153,8
1786,1768296102719,Kida,153,8
1787,1768296102723,"Kwajaffa Hang",153,8
1788,1768296102727,"Kwaya Bur Tanga Rumta",153,8
1789,1768296102732,"Marama Kidang",153,8
1790,1768296102736,"Pama Whitambaya",153,8
1791,1768296102741,"Puba Vidau Lokoja",153,8
1792,1768296102745,"Sakwa Hema",153,8
1793,1768296102749,Shaffa,153,8
1794,1768296102753,Alau,154,8
1795,1768296102758,"Bale Galtimari",154,8
1796,1768296102763,"Dala Lawanti",154,8
1797,1768296102768,Dusuman,154,8
1798,1768296102773,Gomari,154,8
1799,1768296102777,Gongulong,154,8
1800,1768296102782,Maimusari,154,8
1801,1768296102797,Mairi,154,8
1802,1768296102801,Mashamari,154,8
1803,1768296102805,"Ngudaa Addamari",154,8
1804,1768296102810,"Old Maiduguri",154,8
1805,1768296102814,Tuba,154,8
1806,1768296102819,"Afa Dig Maudori",155,8
1807,1768296102823,Benisheikh,155,8
1808,1768296102828,Borgozo,155,8
1809,1768296102832,"Dogoma Jalori",155,8
1810,1768296102837,Dongo,155,8
1811,1768296102841,Galangi,155,8
1812,1768296102847,Guwo,155,8
1813,1768296102852,Karagawaru,155,8
1814,1768296102856,Mainok,155,8
1815,1768296102861,Marguba,155,8
1816,1768296102865,Ngamdu,155,8
1817,1768296102870,Shettimari,155,8
1818,1768296102874,Tobolo,155,8
1819,1768296102879,"Wajiro Burgumma",155,8
1820,1768296102883,Wassaram,155,8
1821,1768296102887,"Jarawa Sangaya",156,8
1822,1768296102896,"Jilbe A",156,8
1823,1768296102901,"Jilbe B Koma Kaudi",156,8
1824,1768296102905,Kala,156,8
1825,1768296102910,Kumaga,156,8
1826,1768296102914,Mada,156,8
1827,1768296102919,Moholo,156,8
1828,1768296102924,"Rann A",156,8
1829,1768296102928,"Rann B Daima",156,8
1830,1768296102933,"Sigal Karche",156,8
1831,1768296102938,"Auno Chabbol",157,8
1832,1768296102942,"Dalori Wanori",157,8
1833,1768296102947,"Dawa East Malari Kangamari",157,8
1834,1768296102951,"Jewu Lamboa",157,8
1835,1768296102956,Kawuri,157,8
1836,1768296102969,"Kelumiri Ngalbi Amari Yale",157,8
1837,1768296102974,Konduga,157,8
1838,1768296102979,"Mairamri Yeleri Bazamri",157,8
1839,1768296102985,"Masba Dalwa West",157,8
1840,1768296102990,"Nyaleri Sandia Yejiwa",157,8
1841,1768296102995,"Sojiri Nguro Nguro",157,8
1842,1768296103000,Alagarno,158,8
1843,1768296103004,Baga,158,8
1844,1768296103009,Bundur,158,8
1845,1768296103014,Dogoshi,158,8
1846,1768296103019,"Doro Duguri",158,8
1847,1768296103024,Kauwa,158,8
1848,1768296103028,Kekeno,158,8
1849,1768296103033,Kukawa,158,8
1850,1768296103038,"Moduari Barwari",158,8
1851,1768296103042,Yoyo,158,8
1852,1768296103047,Gondi,159,8
1853,1768296103051,"Gusi Billa",159,8
1854,1768296103056,Guwal,159,8
1855,1768296103060,Kubuku,159,8
1856,1768296103065,Kurba,159,8
1857,1768296103070,"Kwaya Kusar",159,8
1858,1768296103075,Peta,159,8
1859,1768296103079,Wada,159,8
1860,1768296103084,Wawa,159,8
1861,1768296103089,Yimirthalang,159,8
1862,1768296103093,Abbari,160,8
1863,1768296103097,Anadua,160,8
1864,1768296103102,Gawa,160,8
1865,1768296103106,Koshebe,160,8
1866,1768296103110,Laje,160,8
1867,1768296103115,Limanti,160,8
1868,1768296103119,Loskuri,160,8
1869,1768296103124,"Ma Afa",160,8
1870,1768296103128,Mafa,160,8
1871,1768296103133,Masu,160,8
1872,1768296103138,Mujigine,160,8
1873,1768296103142,"Tamsu Ngamdua",160,8
1874,1768296103146,"Ardo Ram",161,8
1875,1768296103150,"Ayi Yasku",161,8
1876,1768296103155,"Borno Yesu",161,8
1877,1768296103159,Furram,161,8
1878,1768296103164,"Gaji Ganna I",161,8
1879,1768296103168,"Gaji Ganna II",161,8
1880,1768296103173,"Hoyo Chin Gowa",161,8
1881,1768296103178,"Kalizoram Banoram",161,8
1882,1768296103183,Kareram,161,8
1883,1768296103187,Kubti,161,8
1884,1768296103192,Magumeri,161,8
1885,1768296103196,Ngamma,161,8
1886,1768296103200,Ngubala,161,8
1887,1768296103205,"Bolori I",162,8
1888,1768296103209,"Bolori II",162,8
1889,1768296103214,Bulablin,162,8
1890,1768296103218,Fezzan,162,8
1891,1768296103223,"Gamboru Liberty",162,8
1892,1768296103227,"Gwange I",162,8
1893,1768296103232,"Gwange II",162,8
1894,1768296103237,"Gwange III",162,8
1895,1768296103241,"Hausari Zango",162,8
1896,1768296103245,"Lamisula Jabba Mari",162,8
1897,1768296103253,Limanti,162,8
1898,1768296103257,Mafoni,162,8
1899,1768296103262,Maisandari,162,8
1900,1768296103266,"Shehuri North",162,8
1901,1768296103281,"Shehuri South",162,8
1902,1768296103286,Ala,163,8
1903,1768296103290,"Alla Lawanti",163,8
1904,1768296103294,Borsori,163,8
1905,1768296103299,Gumna,163,8
1906,1768296103303,Kabulawa,163,8
1907,1768296103307,Kirenowa,163,8
1908,1768296103312,Kulli,163,8
1909,1768296103316,Marte,163,8
1910,1768296103320,Mawulli,163,8
1911,1768296103325,Musune,163,8
1912,1768296103329,Ngeleiwa,163,8
1913,1768296103334,Njine,163,8
1914,1768296103338,Zaga,163,8
1915,1768296103343,Asaga,164,8
1916,1768296103347,Bogum,164,8
1917,1768296103352,Chamba,164,8
1918,1768296103356,Damasak,164,8
1919,1768296103361,Duji,164,8
1920,1768296103365,Gashagar,164,8
1921,1768296103370,Kareto,164,8
1922,1768296103375,Layi,164,8
1923,1768296103380,"Zanna Umorti",164,8
1924,1768296103384,Zari,164,8
1925,1768296103390,Damakuli,165,8
1926,1768296103395,Kaguram,165,8
1927,1768296103399,Kumalia,165,8
1928,1768296103404,Mandala,165,8
1929,1768296103409,Mintar,165,8
1930,1768296103414,Mofio,165,8
1931,1768296103419,Monguno,165,8
1932,1768296103423,Ngurno,165,8
1933,1768296103427,Sure,165,8
1934,1768296103432,Wulo,165,8
1935,1768296103437,Yele,165,8
1936,1768296103441,Zulum,165,8
1937,1768296103449,Fuye,166,8
1938,1768296103454,"Gamboru B",166,8
1939,1768296103459,"Gamboru C",166,8
1940,1768296103465,Logumane,166,8
1941,1768296103470,Ndufu,166,8
1942,1768296103476,"Ngala Ward",166,8
1943,1768296103481,"Old Gamboru A",166,8
1944,1768296103487,Sagir,166,8
1945,1768296103491,Tunokalia,166,8
1946,1768296103496,Warshele,166,8
1947,1768296103500,Wulgo,166,8
1948,1768296103505,Wurge,166,8
1949,1768296103509,Alarge,167,8
1950,1768296103514,Badu,167,8
1951,1768296103519,Damaram,167,8
1952,1768296103523,Gadai,167,8
1953,1768296103528,Gajiram,167,8
1954,1768296103533,Jigalta,167,8
1955,1768296103537,Kuda,167,8
1956,1768296103542,Kurnawa,167,8
1957,1768296103547,Maiwa,167,8
1958,1768296103551,Miye,167,8
1959,1768296103556,Sabsabuwa,167,8
1960,1768296103561,Sugundure,167,8
1961,1768296103565,"Bargu Burashika",168,8
1962,1768296103570,Buma,168,8
1963,1768296103578,"Gasi Salifawa",168,8
1964,1768296103583,Gora,168,8
1965,1768296103587,Gwalasho,168,8
1966,1768296103592,Gwaskara,168,8
1967,1768296103596,Kombo,168,8
1968,1768296103601,Kubo,168,8
1969,1768296103605,Kwaba,168,8
1970,1768296103610,Shani,168,8
1971,1768296103614,Walama,168,8
1972,1768296103618,Adadama,169,9
1973,1768296103623,"Afafanyi Igonigoni",169,9
1974,1768296103627,Ebom,169,9
1975,1768296103632,Ediba,169,9
1976,1768296103637,"Ekureku I",169,9
1977,1768296103643,"Ekureku II",169,9
1978,1768296103649,"Imabana I",169,9
1979,1768296103654,"Imabana II",169,9
1980,1768296103659,Itigidi,169,9
1981,1768296103664,Usumutong,169,9
1982,1768296103669,"Akamkpa Urban",170,9
1983,1768296103674,Awi,170,9
1984,1768296103680,Eku,170,9
1985,1768296103684,Iko,170,9
1986,1768296103690,Ikpai,170,9
1987,1768296103695,Mbarakom,170,9
1988,1768296103699,Oban,170,9
1989,1768296103703,"Ojuk North",170,9
1990,1768296103708,"Ojuk South",170,9
1991,1768296103713,Uyanga,170,9
1992,1768296103717,"Atimbo East",171,9
1993,1768296103724,"Atimbo West",171,9
1994,1768296103730,Eneyo,171,9
1995,1768296103735,"Idundu Anyanganse",171,9
1996,1768296103741,"Ikang Central",171,9
1997,1768296103746,"Ikang North",171,9
1998,1768296103750,"Ikang South",171,9
1999,1768296103755,"Ikot Edem Odo",171,9
2000,1768296103759,"Ikot Eyo",171,9
2001,1768296103775,"Ikot Nakanda",171,9
2002,1768296103779,Abana,172,9
2003,1768296103784,Akpankanya,172,9
2004,1768296103789,Akwa,172,9
2005,1768296103794,"Ambai Ekpa",172,9
2006,1768296103799,Amoto,172,9
2007,1768296103803,Archibong,172,9
2008,1768296103807,"Atai Ema",172,9
2009,1768296103812,"Efut Inwang",172,9
2010,1768296103816,"Ekpot Abia",172,9
2011,1768296103821,Odiong,172,9
2012,1768296103825,Abuochiche,173,9
2013,1768296103829,"Afrike Ochagbe",173,9
2014,1768296103834,"Afrike Okpeche",173,9
2015,1768296103838,Beten,173,9
2016,1768296103843,Gakem,173,9
2017,1768296103847,Ibiaragidi,173,9
2018,1768296103853,Nyanya,173,9
2019,1768296103858,Otukpuru,173,9
2020,1768296103862,Ugboro,173,9
2021,1768296103867,Ukpah,173,9
2022,1768296103872,Abayong,174,9
2023,1768296103876,Adim,174,9
2024,1768296103881,"Agwagune Okurike",174,9
2025,1768296103885,"Akpet Abini",174,9
2026,1768296103890,Biakpan,174,9
2027,1768296103894,Ehom,174,9
2028,1768296103899,"Erei North",174,9
2029,1768296103907,"Erei South",174,9
2030,1768296103912,"Ikun Etono",174,9
2031,1768296103916,"Umon North",174,9
2032,1768296103921,"Umon South",174,9
2033,1768296103925,Abo,175,9
2034,1768296103930,Alankwe,175,9
2035,1768296103935,"Beebo Bumaji",175,9
2036,1768296103939,Boje,175,9
2037,1768296103944,Buda,175,9
2038,1768296103948,Buentsebe,175,9
2039,1768296103952,"Bunyia Okubuchi",175,9
2040,1768296103957,Ekpashi,175,9
2041,1768296103961,"Kakwagom Bawop",175,9
2042,1768296103965,"Ogep Osokom",175,9
2043,1768296103970,"Oku Borum Njua",175,9
2044,1768296103975,I,176,9
2045,1768296103979,II,176,9
2046,1768296103984,III,176,9
2047,1768296103988,IV,176,9
2048,1768296103993,IX,176,9
2049,1768296103998,V,176,9
2050,1768296104003,VI,176,9
2051,1768296104008,VII,176,9
2052,1768296104012,VIII,176,9
2053,1768296104017,X,176,9
2054,1768296104022,"Eight 8",177,9
2055,1768296104027,"Eleven 11",177,9
2056,1768296104031,"Five 5",177,9
2057,1768296104036,"Four 4",177,9
2058,1768296104040,"Nine 9",177,9
2059,1768296104045,"One 1",177,9
2060,1768296104050,"Seven 7",177,9
2061,1768296104054,"Six 6",177,9
2062,1768296104059,"Ten 10",177,9
2063,1768296104063,"Three 3",177,9
2064,1768296104068,"Twelve 12",177,9
2065,1768296104072,"Two 2",177,9
2066,1768296104077,Abia,178,9
2067,1768296104082,Abijang,178,9
2068,1768296104087,Agbokim,178,9
2069,1768296104092,Ajassor,178,9
2070,1768296104096,"Bendeghe Ekiem",178,9
2071,1768296104101,Effraya,178,9
2072,1768296104106,Etomi,178,9
2073,1768296104110,Itaka,178,9
2074,1768296104115,"Mkpot Ayuk Aba",178,9
2075,1768296104119,Nsofang,178,9
2076,1768296104124,Abanyum,179,9
2077,1768296104128,Akparabong,179,9
2078,1768296104133,"Ikom Urban I",179,9
2079,1768296104138,"Ikom Urban II",179,9
2080,1768296104142,Nde,179,9
2081,1768296104147,Nnam,179,9
2082,1768296104152,"Nta Nselle",179,9
2083,1768296104156,"Ofutop I",179,9
2084,1768296104161,"Ofutop II",179,9
2085,1768296104166,Olulumo,179,9
2086,1768296104171,"Yala Nkum",179,9
2087,1768296104175,Basang,180,9
2088,1768296104179,Bebi,180,9
2089,1768296104184,Becheve,180,9
2090,1768296104188,"Bendi I",180,9
2091,1768296104193,"Bendi II",180,9
2092,1768296104197,"Bishiri North",180,9
2093,1768296104202,"Bishiri South",180,9
2094,1768296104206,Bisu,180,9
2095,1768296104211,Busi,180,9
2096,1768296104215,Utanga,180,9
2097,1768296104219,Ababene,181,9
2098,1768296104223,Apiapum,181,9
2099,1768296104228,Iyamoyong,181,9
2100,1768296104233,"Obubra Urban",181,9
2101,1768296104252,Ochon,181,9
2102,1768296104257,Ofat,181,9
2103,1768296104261,Ofodua,181,9
2104,1768296104265,"Ofumbongha Yala",181,9
2105,1768296104270,"Osopong I",181,9
2106,1768296104274,"Osopong II",181,9
2107,1768296104278,Ovonum,181,9
2108,1768296104283,"Alege Ubang",182,9
2109,1768296104287,"Angiaba Begiaka",182,9
2110,1768296104292,Begiading,182,9
2111,1768296104297,Ipong,182,9
2112,1768296104301,"Obudu Urban I",182,9
2113,1768296104305,"Obudu Urban II",182,9
2114,1768296104310,Ukpe,182,9
2115,1768296104314,"Utugwang Central",182,9
2116,1768296104319,"Utugwang North",182,9
2117,1768296104323,"Utugwang South",182,9
2118,1768296104328,"Adiabo Efut",183,9
2119,1768296104333,Akamkpa,183,9
2120,1768296104337,"Creek Town I",183,9
2121,1768296104342,"Creek Town II",183,9
2122,1768296104346,Eki,183,9
2123,1768296104350,"Ekori Anaku",183,9
2124,1768296104355,Eniong,183,9
2125,1768296104360,Ikoneto,183,9
2126,1768296104364,"Ito Idere Ukwa",183,9
2127,1768296104369,"Obomitiat Mbiabo Ediong",183,9
2128,1768296104373,Odot,183,9
2129,1768296104378,"Odukpani Central",183,9
2130,1768296104382,"Oniman Kiong",183,9
2131,1768296104386,"Ekajuk I",184,9
2132,1768296104391,"Ekajuk II",184,9
2133,1768296104395,"Mbube East I",184,9
2134,1768296104400,"Mbube East II",184,9
2135,1768296104404,"Mbube West I",184,9
2136,1768296104409,"Mbube West II",184,9
2137,1768296104413,"Nkum Iborr",184,9
2138,1768296104418,"Nkum Irede",184,9
2139,1768296104422,"Ogoja Urban I",184,9
2140,1768296104427,"Ogoja Urban II",184,9
2141,1768296104431,Abanakpai,185,9
2142,1768296104436,"Afrekpe Ekpenti",185,9
2143,1768296104441,Ajere,185,9
2144,1768296104445,Assiga,185,9
2145,1768296104449,"Biko Biko",185,9
2146,1768296104454,Idomi,185,9
2147,1768296104458,Ijiman,185,9
2148,1768296104462,Ijom,185,9
2149,1768296104466,Ikpakapit,185,9
2150,1768296104470,Inyima,185,9
2151,1768296104475,"Mkpani Agoi",185,9
2152,1768296104479,"Nkpolo Ukpawen",185,9
2153,1768296104484,Ntan,185,9
2154,1768296104489,Echumofana,186,9
2155,1768296104493,Gabu,186,9
2156,1768296104498,Ijiraga,186,9
2157,1768296104502,"Njrigom Mfuma",186,9
2158,1768296104507,Okpoma,186,9
2159,1768296104512,Okuku,186,9
2160,1768296104517,Wanakom,186,9
2161,1768296104522,Wanihem,186,9
2162,1768296104526,Wanikade,186,9
2163,1768296104531,Yache,186,9
2164,1768296104535,Yahe,186,9
2165,1768296104540,Ezi,187,10
2166,1768296104545,"Idumuje Unor",187,10
2167,1768296104550,"Issele Azagba",187,10
2168,1768296104559,"Issele Uku I",187,10
2169,1768296104564,"Issele Uku II",187,10
2170,1768296104569,Obior,187,10
2171,1768296104573,Obomkpa,187,10
2172,1768296104578,"Onicha Olona",187,10
2173,1768296104582,"Onicha Ugbo",187,10
2174,1768296104587,"Ukwu Nzu",187,10
2175,1768296104591,"Aba Unor",188,10
2176,1768296104596,Ejeme,188,10
2177,1768296104600,"Isheagu Ewulu",188,10
2178,1768296104605,Nsukwa,188,10
2179,1768296104609,"Ogwashi Uku I",188,10
2180,1768296104613,"Ogwashi Uku II",188,10
2181,1768296104618,"Ogwashi Uku Village",188,10
2182,1768296104622,"Ubulu Uku I",188,10
2183,1768296104626,"Ubulu Uku II",188,10
2184,1768296104631,"Ubulu Unor",188,10
2185,1768296104635,"Ubulu Okiti",188,10
2186,1768296104640,"Akugbene I",189,10
2187,1768296104644,"Akugbene II",189,10
2188,1768296104649,"Akugbene III",189,10
2189,1768296104653,Bomadi,189,10
2190,1768296104658,"Kolafiogbene Ekametagbene",189,10
2191,1768296104662,Kpakiama,189,10
2192,1768296104667,"Ogbeinama Okoloba",189,10
2193,1768296104671,"Ogo Eze",189,10
2194,1768296104675,Ogriagbene,189,10
2195,1768296104680,Syama,189,10
2196,1768296104684,"Bulou Ndoro",190,10
2197,1768296104689,"Ngbilebiri I",190,10
2198,1768296104693,"Ngbilebiri II",190,10
2199,1768296104697,Obotebe,190,10
2200,1768296104702,Ogbolubiri,190,10
2201,1768296104719,Ogulagha,190,10
2202,1768296104723,Ojobo,190,10
2203,1768296104729,Seimbiri,190,10
2204,1768296104734,Tamigbe,190,10
2205,1768296104738,Torugbene,190,10
2206,1768296104743,Tuomo,190,10
2207,1768296104748,"Jesse I",191,10
2208,1768296104752,"Jesse II",191,10
2209,1768296104757,"Jesse III",191,10
2210,1768296104761,"Jesse IV",191,10
2211,1768296104766,"Mosogar I",191,10
2212,1768296104771,"Mosogar II",191,10
2213,1768296104775,"Oghara I",191,10
2214,1768296104780,"Oghara II",191,10
2215,1768296104784,"Oghara III",191,10
2216,1768296104789,"Oghara IV",191,10
2217,1768296104794,"Oghara V",191,10
2218,1768296104798,"Abraka I",192,10
2219,1768296104803,"Abraka II",192,10
2220,1768296104807,"Abraka III",192,10
2221,1768296104811,"Agbon I",192,10
2222,1768296104816,"Agbon II",192,10
2223,1768296104820,"Agbon III",192,10
2224,1768296104824,"Agbon IV",192,10
2225,1768296104829,"Agbon V",192,10
2226,1768296104833,"Agbon VI",192,10
2227,1768296104838,"Agbon VII",192,10
2228,1768296104842,"Agbon VIII",192,10
2229,1768296104846,Akumazi,193,10
2230,1768296104851,Idumuesah,193,10
2231,1768296104856,Igbodo,193,10
2232,1768296104860,Mbiri,193,10
2233,1768296104864,Otolokpo,193,10
2234,1768296104874,"Owa V",193,10
2235,1768296104880,"Owa VI",193,10
2236,1768296104885,"Owa I",193,10
2237,1768296104890,"Owa II",193,10
2238,1768296104895,"Owa III",193,10
2239,1768296104899,"Owa IV",193,10
2240,1768296104904,Umunede,193,10
2241,1768296104908,"Ute Ogbeje",193,10
2242,1768296104913,"Ute Okpu",193,10
2243,1768296104919,"Abavo I",194,10
2244,1768296104925,"Abavo II",194,10
2245,1768296104930,"Abavo III",194,10
2246,1768296104935,"Agbor Town I",194,10
2247,1768296104939,"Agbor Town II",194,10
2248,1768296104943,"Boji Boji I",194,10
2249,1768296104948,"Boji Boji II",194,10
2250,1768296104952,"Boji Boji III",194,10
2251,1768296104957,"Ekuku Agbor",194,10
2252,1768296104961,"Ihiuiyase I",194,10
2253,1768296104966,"Ihuiyase II",194,10
2254,1768296104971,"Ihuozomor Ozanogogo Alisimie",194,10
2255,1768296104976,Ellu,195,10
2256,1768296104980,Emevor,195,10
2257,1768296104985,Iluelogbo,195,10
2258,1768296104990,"Iyede I",195,10
2259,1768296104994,"Iyede II",195,10
2260,1768296104999,"Okpe Isoko",195,10
2261,1768296105003,Otibio,195,10
2262,1768296105008,Ovrode,195,10
2263,1768296105012,"Owhe Akiehwe",195,10
2264,1768296105017,Oyede,195,10
2265,1768296105022,"Ozoro I",195,10
2266,1768296105026,"Ozoro II",195,10
2267,1768296105031,"Ozoro III",195,10
2268,1768296105035,Aviara,196,10
2269,1768296105040,Emede,196,10
2270,1768296105045,"Enhwe Okpolo",196,10
2271,1768296105050,"Erowa Umeh",196,10
2272,1768296105054,Igbide,196,10
2273,1768296105059,"Irri II",196,10
2274,1768296105064,"Irri I",196,10
2275,1768296105068,"Oleh I",196,10
2276,1768296105073,"Oleh II",196,10
2277,1768296105077,Olomoro,196,10
2278,1768296105082,Uzere,196,10
2279,1768296105086,"Abarra Inyi Onuaboh",197,10
2280,1768296105091,"Aboh Akarrai",197,10
2281,1768296105095,"Afor Obikwele",197,10
2282,1768296105100,Ase,197,10
2283,1768296105105,Ashaka,197,10
2284,1768296105110,Ibedeni,197,10
2285,1768296105114,"Ibrede Igbuku Onogbokor",197,10
2286,1768296105121,"Okpai Utchi Beneku",197,10
2287,1768296105125,"Onyia Adiai Otuoku Umuolu",197,10
2288,1768296105129,Ossissa,197,10
2289,1768296105134,"Abbi II",198,10
2290,1768296105139,"Abbi I",198,10
2291,1768296105144,Emu,198,10
2292,1768296105149,"Ogume I",198,10
2293,1768296105153,"Ogume II",198,10
2294,1768296105158,"Onicha Ukwani",198,10
2295,1768296105162,"Utagba Ogbe",198,10
2296,1768296105167,"Utagba Uno I",198,10
2297,1768296105171,"Utagba Uno II",198,10
2298,1768296105176,"Utagba Uno III",198,10
2299,1768296105180,Aghalokpe,199,10
2300,1768296105184,"Aragba Town",199,10
2301,1768296105204,"Mereje I",199,10
2302,1768296105208,"Mereje II",199,10
2303,1768296105213,"Mereje III",199,10
2304,1768296105217,"Oha I",199,10
2305,1768296105222,"Oha II",199,10
2306,1768296105226,Orerokpe,199,10
2307,1768296105231,"Oviri Okpe",199,10
2308,1768296105235,Ughoton,199,10
2309,1768296105240,Akwukwu,200,10
2310,1768296105244,Ebu,200,10
2311,1768296105249,"Ibusa I",200,10
2312,1768296105253,"Ibusa II",200,10
2313,1768296105258,"Ibusa III",200,10
2314,1768296105262,"Ibusa IV",200,10
2315,1768296105267,"Ibusa V",200,10
2316,1768296105272,Illah,200,10
2317,1768296105276,Okpanam,200,10
2318,1768296105281,Ukala,200,10
2319,1768296105286,Agu,201,10
2320,1768296105290,"Anala Amakom",201,10
2321,1768296105294,"Cable Point I",201,10
2322,1768296105299,"Cable Point II",201,10
2323,1768296105303,"Ogbele Akpako",201,10
2324,1768296105308,Okwe,201,10
2325,1768296105313,"Ugbomanta Quarters",201,10
2326,1768296105317,Umuaji,201,10
2327,1768296105322,Umuezei,201,10
2328,1768296105326,Umuonaje,201,10
2329,1768296105331,"West End",201,10
2330,1768296105335,Abari,202,10
2331,1768296105340,Agoloma,202,10
2332,1768296105344,"Bolou Angiama",202,10
2333,1768296105349,"Odorubu Adobu Bolou Apelebri",202,10
2334,1768296105354,"Patani II",202,10
2335,1768296105358,"Patani III",202,10
2336,1768296105365,"Patani I",202,10
2337,1768296105370,"Taware Kolowara Aven",202,10
2338,1768296105375,"Toru Angiama",202,10
2339,1768296105380,Uduophori,202,10
2340,1768296105385,Amuokpe,203,10
2341,1768296105391,Elume,203,10
2342,1768296105396,"Okokporo Ugborhen",203,10
2343,1768296105401,"Sapele Urban III",203,10
2344,1768296105406,"Sapele Urban IV",203,10
2345,1768296105411,"Sapele Urban V",203,10
2346,1768296105415,"Sapele Urban VI",203,10
2347,1768296105419,"Sapele Urban VII",203,10
2348,1768296105424,"Sapele Urban VIII",203,10
2349,1768296105430,"Sapele Urban I",203,10
2350,1768296105435,"Sapele Urban II",203,10
2351,1768296105440,Aladja,204,10
2352,1768296105445,Ekete,204,10
2353,1768296105450,"Opete Assagba Edjophe",204,10
2354,1768296105455,Orhuwerun,204,10
2355,1768296105461,"Ovwian I",204,10
2356,1768296105466,"Ovwian II",204,10
2357,1768296105471,"Udu I",204,10
2358,1768296105475,"Udu II",204,10
2359,1768296105481,"Udu III",204,10
2360,1768296105485,"Udu IV",204,10
2361,1768296105491,Agbarha,205,10
2362,1768296105496,"Agbarho I",205,10
2363,1768296105500,"Agbarho II",205,10
2364,1768296105504,Evwreni,205,10
2365,1768296105509,Ogor,205,10
2366,1768296105514,"Orogun I",205,10
2367,1768296105518,"Orogun II",205,10
2368,1768296105523,"Ughelli I",205,10
2369,1768296105527,"Ughelli II",205,10
2370,1768296105532,"Ughelli III",205,10
2371,1768296105537,Uwheru,205,10
2372,1768296105542,"Effurun Otor",206,10
2373,1768296105548,Ekakpamre,206,10
2374,1768296105558,"Ewu I",206,10
2375,1768296105562,"Ewu II",206,10
2376,1768296105569,"Ewu III",206,10
2377,1768296105574,"Jeremi I",206,10
2378,1768296105579,"Jeremi II",206,10
2379,1768296105584,"Jeremi III",206,10
2380,1768296105589,"Jeremi IV",206,10
2381,1768296105593,"Olomu I",206,10
2382,1768296105598,"Olomu II",206,10
2383,1768296105603,Akoku,207,10
2384,1768296105608,Amai,207,10
2385,1768296105613,Ebedei,207,10
2386,1768296105619,Eziokpor,207,10
2387,1768296105623,Ezionum,207,10
2388,1768296105628,"Obiaruku I",207,10
2389,1768296105633,"Obiaruku II",207,10
2390,1768296105638,Umuebu,207,10
2391,1768296105643,Umukwata,207,10
2392,1768296105648,Umutu,207,10
2393,1768296105654,"Army Barracks Area",208,10
2394,1768296105659,"Effurun I",208,10
2395,1768296105664,"Effurun II",208,10
2396,1768296105670,"Ekpan I",208,10
2397,1768296105675,"Ekpan II",208,10
2398,1768296105680,"Enerhen I",208,10
2399,1768296105686,"Enerhen II",208,10
2400,1768296105691,"Ugbomro Ugbolokposo",208,10
2401,1768296105708,Ugborikoko,208,10
2402,1768296105713,Ugboroke,208,10
2403,1768296105717,Ebrohimi,209,10
2404,1768296105722,Eghoro,209,10
2405,1768296105727,Gbokoda,209,10
2406,1768296105734,"Isekelewu Egbema II",209,10
2407,1768296105740,"Koko I",209,10
2408,1768296105745,"Koko II",209,10
2409,1768296105750,"Ogbinbiri Egbema III",209,10
2410,1768296105756,"Ogbudugbudu Egbema IV",209,10
2411,1768296105761,Ogheye,209,10
2412,1768296105766,"Opuama Egbema I",209,10
2413,1768296105772,Bowen,210,10
2414,1768296105777,Edjeba,210,10
2415,1768296105781,"G R A",210,10
2416,1768296105786,Igbudu,210,10
2417,1768296105791,"Obodo Omadino",210,10
2418,1768296105796,"Ode Itsekiri",210,10
2419,1768296105801,"Ogunu Ekurede Urhobo",210,10
2420,1768296105805,Okere,210,10
2421,1768296105810,"Okumagba I",210,10
2422,1768296105814,"Okumagba II",210,10
2423,1768296105819,Pessu,210,10
2424,1768296105823,"Ugbuwangue Ekurede Itsekiri",210,10
2425,1768296105828,"Aja Udaibo",211,10
2426,1768296105832,Akpikpa,211,10
2427,1768296105836,Gbaramatu,211,10
2428,1768296105841,Isaba,211,10
2429,1768296105845,Madangho,211,10
2430,1768296105849,"Ogbe Ijoh",211,10
2431,1768296105854,Ogidigben,211,10
2432,1768296105858,Oporoza,211,10
2433,1768296105863,Orere,211,10
2434,1768296105867,Ugborodo,211,10
2435,1768296105873,Abakpa,212,11
2436,1768296105878,"Amachi Ndebo",212,11
2437,1768296105882,"Amachi Ndegu",212,11
2438,1768296105887,"Amagu Enyieba",212,11
2439,1768296105891,"Amagu Unuhu",212,11
2440,1768296105900,"Azuii Udene",212,11
2441,1768296105905,"Azuiyiokwu Layout",212,11
2442,1768296105909,"Azumili Azugwu",212,11
2443,1768296105914,Edda,212,11
2444,1768296105918,"Izzi Unuhu",212,11
2445,1768296105923,Ndiagu,212,11
2446,1768296105928,"Okpoitumo Ndebor",212,11
2447,1768296105933,"Okpoitumo Ndiegu",212,11
2448,1768296105937,"Timber Shed",212,11
2449,1768296105942,Amaeke,213,11
2450,1768296105946,"Amangwu Edda",213,11
2451,1768296105951,Amaoso,213,11
2452,1768296105955,Amato,213,11
2453,1768296105959,"Amigbo Etiti Edda",213,11
2454,1768296105964,Amiri,213,11
2455,1768296105968,Ebunwana,213,11
2456,1768296105972,"Ndioke Ekoli Edda",213,11
2457,1768296105977,Nguzu,213,11
2458,1768296105981,Oso,213,11
2459,1768296105986,Owutu,213,11
2460,1768296105990,"Amata Akpoha",214,11
2461,1768296105995,"Amogu Akpoha",214,11
2462,1768296105999,"Ezeke Amasiri",214,11
2463,1768296106003,"Ibii Oziza Afikpo",214,11
2464,1768296106008,"Itim Afikpo",214,11
2465,1768296106012,"Nkpoghoro Afikpo",214,11
2466,1768296106017,"Ohaisu Afikpo A",214,11
2467,1768296106021,"Ohaisu Afikpo B",214,11
2468,1768296106026,"Poperi Amasiri",214,11
2469,1768296106030,"Ugwuegu Afikpo",214,11
2470,1768296106035,"Uwana Afikpo 1",214,11
2471,1768296106039,"Uwana Afikpo II",214,11
2472,1768296106044,Abakpa,215,11
2473,1768296106048,Abofia,215,11
2474,1768296106053,Agalegu,215,11
2475,1768296106058,Echiaba,215,11
2476,1768296106064,Egwudinagu,215,11
2477,1768296106068,"Enyibichiri I",215,11
2478,1768296106073,"Enyibichiri II",215,11
2479,1768296106078,Kpirikpiri,215,11
2480,1768296106084,Mbeke,215,11
2481,1768296106089,Ndiebo,215,11
2482,1768296106094,Ndiegu,215,11
2483,1768296106098,Onuenyim,215,11
2484,1768296106103,"Urban New Layout",215,11
2485,1768296106107,"Amuda Ama Wula",216,11
2486,1768296106111,Ekka,216,11
2487,1768296106116,Inyere,216,11
2488,1768296106120,"Ndieguazu Umuoghara",216,11
2489,1768296106125,Nkomoro,216,11
2490,1768296106129,Ogboji,216,11
2491,1768296106134,"Okposi Umuoghara",216,11
2492,1768296106139,"Omege Umuezeokoha",216,11
2493,1768296106144,Oriuzor,216,11
2494,1768296106149,"Oshiegbe Umuez Eokoha",216,11
2495,1768296106154,Umuezeoka,216,11
2496,1768296106158,Amaeka,217,11
2497,1768296106163,Amaezekwe,217,11
2498,1768296106167,"Amagu Nsokara",217,11
2499,1768296106172,Amana,217,11
2500,1768296106176,"Amudo Okoffia",217,11
2501,1768296106192,Amuzu,217,11
2502,1768296106196,Echare,217,11
2503,1768296106200,Ezzama,217,11
2504,1768296106204,"Ikwuator Idembia",217,11
2505,1768296106209,Onueke,217,11
2506,1768296106217,"Umunwagu Idembia",217,11
2507,1768296106221,"Ama Inyima",218,11
2508,1768296106226,Echialike,218,11
2509,1768296106230,"Eka Awoke",218,11
2510,1768296106234,Ekpanwudele,218,11
2511,1768296106239,Ekpelu,218,11
2512,1768296106243,Enyibichiri,218,11
2513,1768296106247,Etam,218,11
2514,1768296106252,"Igbudu I",218,11
2515,1768296106256,"Igbudu II",218,11
2516,1768296106260,"Inyimagu I",218,11
2517,1768296106264,"Inyimagu II",218,11
2518,1768296106269,"Ndiagu Amagu I",218,11
2519,1768296106273,"Ndiagu Amagu II",218,11
2520,1768296106278,"Ndiagu Echara I",218,11
2521,1768296106282,"Ndiagu Echara II",218,11
2522,1768296106287,"Ndufu Amagu",218,11
2523,1768296106291,"Ndufu Amagu I",218,11
2524,1768296106295,"Ndufu Awke",218,11
2525,1768296106299,"Ndufu Echara",218,11
2526,1768296106304,"Noye Alike",218,11
2527,1768296106308,Agba,219,11
2528,1768296106313,Amaezu,219,11
2529,1768296106317,"Azuinyaba A",219,11
2530,1768296106321,"Azuinyaba B",219,11
2531,1768296106326,"Ezillo I",219,11
2532,1768296106331,"Ezillo II",219,11
2533,1768296106336,"Ezzagu Nkomor",219,11
2534,1768296106341,"Ezzagu Ogboji",219,11
2535,1768296106345,Iyionu,219,11
2536,1768296106350,Nkalagu,219,11
2537,1768296106355,Nkalaha,219,11
2538,1768296106360,Ntezi,219,11
2539,1768296106365,Obeagu,219,11
2540,1768296106370,Ohofia,219,11
2541,1768296106374,Okpoto,219,11
2542,1768296106379,Umuhuali,219,11
2543,1768296106383,"Akaeze Ishiagu",220,11
2544,1768296106388,"Akaeze Ukwu",220,11
2545,1768296106392,Amagu,220,11
2546,1768296106397,Amonye,220,11
2547,1768296106401,"Ihenta Ogidi",220,11
2548,1768296106406,"Iyioji Akaeze",220,11
2549,1768296106411,"Ndiokoro Ukwu",220,11
2550,1768296106415,Ngwogwo,220,11
2551,1768296106419,Obinagu,220,11
2552,1768296106424,Okue,220,11
2553,1768296106428,Umobo,220,11
2554,1768296106432,"Agbaja Anyanwuigwe",221,11
2555,1768296106437,"Agbaja Offia Onwe",221,11
2556,1768296106441,"Agbaja Mgbo",221,11
2557,1768296106445,"Ezza Inyimagu Igweled Oha",221,11
2558,1768296106450,"Ezza Inyimagu Iziogo",221,11
2559,1768296106454,"Ezza Inyimagu Igbuhu",221,11
2560,1768296106458,"Ezza Inyimagu Ndiagu",221,11
2561,1768296106463,"Igbeagu III",221,11
2562,1768296106467,"Igbeagu Ndi Ettah",221,11
2563,1768296106472,"Igbeagu Nduogbu",221,11
2564,1768296106476,"Mgbalaku Inyimagu I",221,11
2565,1768296106481,"Mgbalaku Inyimagu II",221,11
2566,1768296106485,"Ndieze Inyimagu 11 Ndiabor Ishiagu",221,11
2567,1768296106489,"Ndieze Inyimagu Mgbabeluzor",221,11
2568,1768296106494,"Amaechi Okposi",222,11
2569,1768296106498,"Enena Ezeraku",222,11
2570,1768296106503,"Mgbom Okposi",222,11
2571,1768296106507,Obiozara,222,11
2572,1768296106512,"Okposi Achara",222,11
2573,1768296106517,"Okposi Okwu",222,11
2574,1768296106521,"Ugbogologo Ugwulangwu",222,11
2575,1768296106526,"Uhuo Taru Ugwu Langwu",222,11
2576,1768296106530,"Umic Hima",222,11
2577,1768296106535,Umunaga,222,11
2578,1768296106540,Umuobuna,222,11
2579,1768296106544,"Effium II",223,11
2580,1768296106549,"Effium I",223,11
2581,1768296106558,Ezzamgbo,223,11
2582,1768296106563,"Ishi Ngbo I",223,11
2583,1768296106567,"Ishi Ngbo II",223,11
2584,1768296106571,Ngbo,223,11
2585,1768296106576,"Okposhi I",223,11
2586,1768296106581,"Okposhi II",223,11
2587,1768296106585,"Umu Ogudu Akpu I",223,11
2588,1768296106590,"Umu Ogudu Akpu II",223,11
2589,1768296106594,"Umu Ogudu Oshia",223,11
2590,1768296106598,"Umuagara Amechi",223,11
2591,1768296106603,"Wigbeke I",223,11
2592,1768296106607,"Wigbeke II",223,11
2593,1768296106611,"Wigbeke III",223,11
2594,1768296106616,Abaomege,224,11
2595,1768296106620,"Agbabor Isu",224,11
2596,1768296106625,"Amanator Isu",224,11
2597,1768296106629,"Ebia Oshiri",224,11
2598,1768296106634,"Enuagu Onicha",224,11
2599,1768296106638,"Isi Onicha",224,11
2600,1768296106643,"Isinkwo Ukamu",224,11
2601,1768296106659,"Obeagu Isu",224,11
2602,1768296106663,"Oguduukwor Oshiri",224,11
2603,1768296106668,"Okuzu Ukawu",224,11
2604,1768296106673,"Ugwu Oshiri",224,11
2605,1768296106678,"Umudomi Onicha",224,11
2606,1768296106683,"Enwan Atte Ikpeshi Egbigele",225,12
2607,1768296106687,"Ibillo Ekpesa Ekor Ikiran Ile Oke",225,12
2608,1768296106692,"Igarra I",225,12
2609,1768296106696,"Igarra II",225,12
2610,1768296106700,"Imoga Lampese Bekuma Ekpe",225,12
2611,1768296106704,"Makeke Ojah Dangbala Ojirami Anyawoza",225,12
2612,1768296106709,"Oloma Okpe Ijaja Kakuma Anyara",225,12
2613,1768296106713,Ososo,225,12
2614,1768296106717,"Somorika Ogbe Sasaro Onumu Eshawa Ogugu Igboshi Afe Igboshi Ele Aiyegunle",225,12
2615,1768296106721,"Uneme Nekhua Akpama Aiyetoro Ekpedo Erhurun Uneme Osu",225,12
2616,1768296106726,Egor,226,12
2617,1768296106730,Evbareke,226,12
2618,1768296106734,"Ogida Use",226,12
2619,1768296106738,Okhoro,226,12
2620,1768296106743,Oliha,226,12
2621,1768296106747,Otubu,226,12
2622,1768296106751,Ugbowo,226,12
2623,1768296106755,"Uselu I",226,12
2624,1768296106760,"Uselu II",226,12
2625,1768296106764,Uwelu,226,12
2626,1768296106768,"Ewu I",227,12
2627,1768296106773,"Ewu II",227,12
2628,1768296106777,Ikekato,227,12
2629,1768296106782,Opoji,227,12
2630,1768296106786,"Otoruwo I",227,12
2631,1768296106791,"Otoruwo II",227,12
2632,1768296106796,Ugbegun,227,12
2633,1768296106801,Uneah,227,12
2634,1768296106806,"Uwessan I",227,12
2635,1768296106811,"Uwessan II",227,12
2636,1768296106816,Amedokhian,228,12
2637,1768296106821,Arue,228,12
2638,1768296106826,Efandion,228,12
2639,1768296106831,Egbele,228,12
2640,1768296106836,Ewoyi,228,12
2641,1768296106840,"Idumu Okojie",228,12
2642,1768296106845,Obeidu,228,12
2643,1768296106850,Ubierumu,228,12
2644,1768296106854,"Uelen Okugbe",228,12
2645,1768296106859,Uwalor,228,12
2646,1768296106864,Uzea,228,12
2647,1768296106874,Emu,229,12
2648,1768296106879,Ewatto,229,12
2649,1768296106883,"Ewohimi I",229,12
2650,1768296106888,"Ewohimi II",229,12
2651,1768296106892,"Illushi I",229,12
2652,1768296106897,"Illushi II",229,12
2653,1768296106901,Ohordua,229,12
2654,1768296106906,"Ubiaja I",229,12
2655,1768296106910,"Ubiaja II",229,12
2656,1768296106915,Ugboha,229,12
2657,1768296106919,"Egoro Idoa Ukhun",230,12
2658,1768296106924,"Emaudo Eguare Ekpoma",230,12
2659,1768296106928,"Emuhi Ukpenu Ujoelen",230,12
2660,1768296106932,"Ihunmudumu Idumebo Uke Ujemen",230,12
2661,1768296106937,"Illeh Eko Ine",230,12
2662,1768296106941,Iruekpen,230,12
2663,1768296106946,Ogwa,230,12
2664,1768296106951,Uhiele,230,12
2665,1768296106955,Ujiogba,230,12
2666,1768296106960,Urohi,230,12
2667,1768296106964,Anwain,231,12
2668,1768296106969,Auchi,231,12
2669,1768296106973,"Auchi III",231,12
2670,1768296106978,"Auchi I",231,12
2671,1768296106982,"Auchi II",231,12
2672,1768296106987,Aviele,231,12
2673,1768296106992,Jagbe,231,12
2674,1768296106997,"South Ibie",231,12
2675,1768296107001,"Uzairue North East",231,12
2676,1768296107006,"Uzairue North West",231,12
2677,1768296107011,"Uzairue South East",231,12
2678,1768296107016,"Uzairue South West",231,12
2679,1768296107020,"Ekperi I",232,12
2680,1768296107025,"Ekperi II",232,12
2681,1768296107030,"Ekperi III",232,12
2682,1768296107034,"Fugar I",232,12
2683,1768296107039,"Fugar II",232,12
2684,1768296107044,"Fugar III",232,12
2685,1768296107048,Iraokhor,232,12
2686,1768296107053,Ogbona,232,12
2687,1768296107058,"South Uneme I",232,12
2688,1768296107062,"South Uneme II",232,12
2689,1768296107067,Agenebode,233,12
2690,1768296107071,Okpekpe,233,12
2691,1768296107076,"Okpella I",233,12
2692,1768296107081,"Okpella II",233,12
2693,1768296107087,"Okpella III",233,12
2694,1768296107095,"Okpella IV",233,12
2695,1768296107100,"Three Ibies",233,12
2696,1768296107107,"Wanno I",233,12
2697,1768296107114,"Wanno II",233,12
2698,1768296107119,Weppa,233,12
2699,1768296107124,"Afuda Idumuoka",234,12
2700,1768296107128,"Amahor Ugun",234,12
2701,1768296107144,"Ekekhen Idumu Ogo Egbike",234,12
2702,1768296107150,Ekpon,234,12
2703,1768296107154,Ewossa,234,12
2704,1768296107159,"Idigun Idumedo",234,12
2705,1768296107164,"Okalo Okpujie",234,12
2706,1768296107168,"Owu Okuta Eguare Ebelle",234,12
2707,1768296107173,Udo,234,12
2708,1768296107177,"Uhe Idumuogbo Idumueke",234,12
2709,1768296107182,"Aduwawa Evbo Modu",235,12
2710,1768296107186,Gorretti,235,12
2711,1768296107190,Idogbo,235,12
2712,1768296107198,"Iwogban Uteh",235,12
2713,1768296107203,Obayantor,235,12
2714,1768296107208,Ogbeson,235,12
2715,1768296107212,Ologbo,235,12
2716,1768296107217,Oregbeni,235,12
2717,1768296107222,"St Saviour",235,12
2718,1768296107228,Ugbekun,235,12
2719,1768296107233,"Gra Etete",236,12
2720,1768296107238,"Ibiwe Iwegie Ugbague",236,12
2721,1768296107242,"Ihogbe Isekhere Oreoghene Ibiwe Ice Road",236,12
2722,1768296107247,"Ikpema Eguadase",236,12
2723,1768296107252,"New Benin I",236,12
2724,1768296107257,"New Benin II",236,12
2725,1768296107261,Ogbe,236,12
2726,1768296107265,"Ogbelaka Nekpenekpen",236,12
2727,1768296107270,Oredo,236,12
2728,1768296107274,"Unueru Ogboka",236,12
2729,1768296107279,"Urubi Evbiemwen Iwehen",236,12
2730,1768296107283,Uzebu,236,12
2731,1768296107288,"Aibiokula I",237,12
2732,1768296107292,"Aibiokula II",237,12
2733,1768296107297,Evboesi,237,12
2734,1768296107301,"Igbanke East",237,12
2735,1768296107306,"Igbanke West",237,12
2736,1768296107310,Iyoba,237,12
2737,1768296107315,Ugbeka,237,12
2738,1768296107320,Ugboko,237,12
2739,1768296107324,Ugu,237,12
2740,1768296107329,Ukpato,237,12
2741,1768296107334,"Urhonigbe North",237,12
2742,1768296107339,"Urhonigbe South",237,12
2743,1768296107343,Adolor,238,12
2744,1768296107348,Iguoshodin,238,12
2745,1768296107352,Isiuwa,238,12
2746,1768296107357,Oduna,238,12
2747,1768296107362,Ofunmwegbe,238,12
2748,1768296107366,Oghede,238,12
2749,1768296107372,"Okada East",238,12
2750,1768296107376,"Okada West",238,12
2751,1768296107381,Okokhuo,238,12
2752,1768296107386,Oluku,238,12
2753,1768296107390,Uhen,238,12
2754,1768296107394,Uhiere,238,12
2755,1768296107399,Utoka,238,12
2756,1768296107403,"Iguobazuwa East",239,12
2757,1768296107408,"Iguobazuwa West",239,12
2758,1768296107412,Nikorogha,239,12
2759,1768296107416,Ofunama,239,12
2760,1768296107421,Ora,239,12
2761,1768296107425,Siluko,239,12
2762,1768296107429,Udo,239,12
2763,1768296107433,Ugbogui,239,12
2764,1768296107438,Umaza,239,12
2765,1768296107442,Usen,239,12
2766,1768296107446,"Emai I",240,12
2767,1768296107450,"Emai II",240,12
2768,1768296107455,"Igue Ikao",240,12
2769,1768296107459,"Ihievbe I",240,12
2770,1768296107463,"Ihievbe II",240,12
2771,1768296107468,Ivbiadaobi,240,12
2772,1768296107473,Ivbianion,240,12
2773,1768296107477,"Otuo I",240,12
2774,1768296107481,"Otuo II",240,12
2775,1768296107486,"Uokha Ake",240,12
2776,1768296107491,Warrake,240,12
2777,1768296107495,Avbiosi,241,12
2778,1768296107499,"Eme Ora Oke",241,12
2779,1768296107504,Eruere,241,12
2780,1768296107508,Okpuje,241,12
2781,1768296107512,Ozalla,241,12
2782,1768296107517,"Sabongida Ora Ogbeturu",241,12
2783,1768296107522,Sobe,241,12
2784,1768296107527,Uhonmora,241,12
2785,1768296107531,"Ukhuse Osi",241,12
2786,1768296107535,"Uzebba I",241,12
2787,1768296107544,"Uzebba II",241,12
2788,1768296107548,Egbede,242,12
2789,1768296107553,Ehor,242,12
2790,1768296107558,Igieduma,242,12
2791,1768296107563,Irhue,242,12
2792,1768296107568,"Isi North",242,12
2793,1768296107573,"Isi South",242,12
2794,1768296107577,Ohuan,242,12
2795,1768296107582,Uhi,242,12
2796,1768296107587,"Umagbae North",242,12
2797,1768296107592,"Umagbae South",242,12
2798,1768296107597,"Ado A Idofin",243,13
2799,1768296107601,"Ado B Inisa",243,13
2800,1768296107606,"Ado C Idolofin",243,13
2801,1768296107621,"Ado D Ijigbo",243,13
2802,1768296107626,"Ado E Ijoka Orereowu",243,13
2803,1768296107630,"Ado F Okeyinmi",243,13
2804,1768296107635,"Ado G Oke Ila",243,13
2805,1768296107640,"Ado H Ereguru",243,13
2806,1768296107645,"Ado I Dallimore",243,13
2807,1768296107651,"Ado J Okesa",243,13
2808,1768296107656,"Ado K Irona",243,13
2809,1768296107661,"Ado L Igbehin",243,13
2810,1768296107667,"Ado M Farm Settlement",243,13
2811,1768296107672,"Efon III",244,13
2812,1768296107678,"Efon I",244,13
2813,1768296107683,"Efon II",244,13
2814,1768296107689,"Efon V",244,13
2815,1768296107694,"Efon VI",244,13
2816,1768296107700,"Efon VII",244,13
2817,1768296107708,"Efon VIII",244,13
2818,1768296107714,"Efon X",244,13
2819,1768296107718,"Efon IV",244,13
2820,1768296107723,"Efon IX",244,13
2821,1768296107727,Araromi,245,13
2822,1768296107731,"Ilasa I",245,13
2823,1768296107737,"Ilasa II Ikun Araromi Eda Ile",245,13
2824,1768296107741,Isinbode,245,13
2825,1768296107746,"Kota I",245,13
2826,1768296107750,"Kota II",245,13
2827,1768296107754,"Obadore I",245,13
2828,1768296107759,"Obadore II",245,13
2829,1768296107764,"Obadore III",245,13
2830,1768296107768,"Obadore IV",245,13
2831,1768296107772,"Omuo Oke I",245,13
2832,1768296107776,"Omuo Oke II",245,13
2833,1768296107781,"Igbara Odo I",246,13
2834,1768296107785,"Igbara Odo II",246,13
2835,1768296107789,"Ilawe III",246,13
2836,1768296107793,"Ilawe IV",246,13
2837,1768296107798,"Ilawe V",246,13
2838,1768296107802,"Ilawe I",246,13
2839,1768296107806,"Ilawe II",246,13
2840,1768296107811,"Ilawe VI",246,13
2841,1768296107815,"Ilawe VII",246,13
2842,1768296107820,"Ogotun I",246,13
2843,1768296107824,"Ogotun II",246,13
2844,1768296107829,"Aramoko I",247,13
2845,1768296107833,"Aramoko II",247,13
2846,1768296107837,"Aramoko III Erio",247,13
2847,1768296107842,"Erijiyan I",247,13
2848,1768296107846,"Erijiyan II",247,13
2849,1768296107851,"Ido Ajinare",247,13
2850,1768296107855,Ikogosi,247,13
2851,1768296107860,"Ipole Iloro",247,13
2852,1768296107864,"Okemesi I",247,13
2853,1768296107872,"Okemesi II",247,13
2854,1768296107876,"Okemesi III",247,13
2855,1768296107880,"Ida Mudu II",248,13
2856,1768296107885,"Idamudu I",248,13
2857,1768296107890,"Odo Emure I",248,13
2858,1768296107894,"Odo Emure II",248,13
2859,1768296107898,"Odo Emure III",248,13
2860,1768296107903,"Odo Emure IV",248,13
2861,1768296107907,"Ogbontioro I",248,13
2862,1768296107912,"Ogbontioro II",248,13
2863,1768296107916,"Oke Emure I",248,13
2864,1768296107920,"Oke Emure II",248,13
2865,1768296107925,"Adegba I",249,13
2866,1768296107929,"Adegba II",249,13
2867,1768296107933,Agbado,249,13
2868,1768296107937,"Egbe Iro",249,13
2869,1768296107942,Ijan,249,13
2870,1768296107946,Iluomoba,249,13
2871,1768296107950,Imesi,249,13
2872,1768296107955,"Ode I",249,13
2873,1768296107959,"Ode II",249,13
2874,1768296107964,"Ode III",249,13
2875,1768296107969,"Ayetoro I",250,13
2876,1768296107973,"Ayetoro II",250,13
2877,1768296107977,"Ido I",250,13
2878,1768296107982,"Ido II",250,13
2879,1768296107986,"Ifaki I",250,13
2880,1768296107990,"Ifaki II",250,13
2881,1768296107995,"Igbole Ifisin Aaye",250,13
2882,1768296107999,Ilogbo,250,13
2883,1768296108004,"Orin Ora",250,13
2884,1768296108009,Osi,250,13
2885,1768296108013,Usi,250,13
2886,1768296108018,"Ekamarun Ward A",251,13
2887,1768296108022,"Ekamarun Ward B",251,13
2888,1768296108026,"Ijero Ward A",251,13
2889,1768296108031,"Ijero Ward B",251,13
2890,1768296108035,"Ijero Ward C",251,13
2891,1768296108040,"Ijero Ward D",251,13
2892,1768296108044,"Ikoro Ward A",251,13
2893,1768296108049,"Iloro Ijunrin Ward B",251,13
2894,1768296108053,"Iloro Ward A",251,13
2895,1768296108058,"Ipoti Odo Owa Ward C",251,13
2896,1768296108062,"Ipoti Ward A",251,13
2897,1768296108067,"Ipoti Ward B",251,13
2898,1768296108072,"Afao Kajola Ayetoro",252,13
2899,1768296108076,"Agbado Oyo",252,13
2900,1768296108080,"Are Araromi",252,13
2901,1768296108097,"Atiba Aafin",252,13
2902,1768296108102,Idemo,252,13
2903,1768296108107,"Ilapetu Ijao",252,13
2904,1768296108111,Odose,252,13
2905,1768296108116,Ogbonjana,252,13
2906,1768296108121,"Oke Osun",252,13
2907,1768296108125,Okeruku,252,13
2908,1768296108130,"Ugele Aroku",252,13
2909,1768296108134,"Araromi Bolorunduro",253,13
2910,1768296108138,"Ijesa Isu",253,13
2911,1768296108143,"Ikole East",253,13
2912,1768296108147,"Ikole North",253,13
2913,1768296108152,"Ikole South",253,13
2914,1768296108156,"Ikole West I",253,13
2915,1768296108161,"Ikole West II",253,13
2916,1768296108166,"Ipao Oke Ako Irele",253,13
2917,1768296108170,"Itapaji Iyemero",253,13
2918,1768296108175,"Odo Ayedun I",253,13
2919,1768296108184,"Odo Ayedun Ayebode",253,13
2920,1768296108189,"Oke Ayedun",253,13
2921,1768296108193,"Eda Oniyo",254,13
2922,1768296108198,Ewu,254,13
2923,1768296108202,Ijesamodu,254,13
2924,1768296108207,"Iludun I",254,13
2925,1768296108211,"Iludun II",254,13
2926,1768296108216,Ipere,254,13
2927,1768296108220,"Iye I",254,13
2928,1768296108225,"Iye II",254,13
2929,1768296108230,"Iye III",254,13
2930,1768296108234,Obada,254,13
2931,1768296108239,Afao,255,13
2932,1768296108243,Are,255,13
2933,1768296108247,Awo,255,13
2934,1768296108252,Igbemo,255,13
2935,1768296108256,"Igede I",255,13
2936,1768296108260,"Igede II",255,13
2937,1768296108265,"Igede III",255,13
2938,1768296108269,"Iropora Esure Eyio",255,13
2939,1768296108273,Iworoko,255,13
2940,1768296108277,"Iyin I",255,13
2941,1768296108282,"Iyin II",255,13
2942,1768296108286,"Erinwa I",256,13
2943,1768296108291,"Erinwa II",256,13
2944,1768296108295,"Odo Ise I",256,13
2945,1768296108300,"Odo Ise II",256,13
2946,1768296108304,"Odo Ise III",256,13
2947,1768296108308,"Oraye III",256,13
2948,1768296108313,"Oraye I",256,13
2949,1768296108317,"Oraye II",256,13
2950,1768296108321,"Orun I",256,13
2951,1768296108325,"Orun II",256,13
2952,1768296108330,"Erinmope I",257,13
2953,1768296108335,"Erinmope II",257,13
2954,1768296108339,"Igogo I",257,13
2955,1768296108344,"Igogo II",257,13
2956,1768296108348,"Ikun I",257,13
2957,1768296108353,"Ikun II",257,13
2958,1768296108358,Osan,257,13
2959,1768296108363,Osun,257,13
2960,1768296108367,"Otun I",257,13
2961,1768296108372,"Otun II",257,13
2962,1768296108376,"Otun III",257,13
2963,1768296108380,"Ayede North",258,13
2964,1768296108385,"Ayede South Itaji",258,13
2965,1768296108389,Ayegbaju,258,13
2966,1768296108394,"Ilupeju I",258,13
2967,1768296108398,"Ilupeju II",258,13
2968,1768296108403,"Ire I",258,13
2969,1768296108407,"Ire II",258,13
2970,1768296108412,"Isan Ilafon Ilemeso",258,13
2971,1768296108417,"Itapa Osin",258,13
2972,1768296108422,"Omu Oke Omu Odo Ijelu",258,13
2973,1768296108426,"Oye I",258,13
2974,1768296108431,"Oye II",258,13
2975,1768296108436,Mpu,259,14
2976,1768296108441,Ndeabo,259,14
2977,1768296108446,"Nnenwe I",259,14
2978,1768296108450,"Nnenwe II",259,14
2979,1768296108455,"Nnenwe III",259,14
2980,1768296108460,"Oduma I",259,14
2981,1768296108464,"Oduma II",259,14
2982,1768296108469,"Oduma III",259,14
2983,1768296108473,"Oduma IV",259,14
2984,1768296108478,Okpanku,259,14
2985,1768296108483,Agbogugu,260,14
2986,1768296108487,"Anikenano Ugwueme",260,14
2987,1768296108492,"Awgu I",260,14
2988,1768296108497,"Awgu II",260,14
2989,1768296108501,Ihe,260,14
2990,1768296108506,"Isu Awa Ogugu Agbudu Ituku",260,14
2991,1768296108511,"Mgbidi Mmaku",260,14
2992,1768296108515,Mgbowo,260,14
2993,1768296108520,Obeagu,260,14
2994,1768296108530,Ogbaku,260,14
2995,1768296108535,"Owelli Amoli Ugbo Ogugu",260,14
2996,1768296108539,"Abakpa I",261,14
2997,1768296108544,"Abakpa II",261,14
2998,1768296108549,Amorji,261,14
2999,1768296108554,"Ibagwa Nike Edem",261,14
3000,1768296108558,"Mbulu Njodo East",261,14
3001,1768296108573,"Mbulu Njodo West",261,14
3002,1768296108578,Mbuluiyiukwu,261,14
3003,1768296108582,Mbuluowehe,261,14
3004,1768296108587,"Trans Ekulu",261,14
3005,1768296108592,"Ugwugo Nike",261,14
3006,1768296108596,Umuchigbo,261,14
3007,1768296108601,Umuenwene,261,14
3008,1768296108605,"Asata Township",262,14
3009,1768296108609,"China Town",262,14
3010,1768296108614,"G R A",262,14
3011,1768296108618,"Gui Newlayout",262,14
3012,1768296108623,Ihewuzi,262,14
3013,1768296108627,"Independence Layout",262,14
3014,1768296108631,"New Haven",262,14
3015,1768296108636,"Ogbette East",262,14
3016,1768296108640,"Ogbette West",262,14
3017,1768296108644,"Ogui Township",262,14
3018,1768296108649,"Onu Asata",262,14
3019,1768296108653,"Udi Siding Iva Valley",262,14
3020,1768296108657,Umunevo,262,14
3021,1768296108661,"Achara Layout East",263,14
3022,1768296108665,"Achara Layout West",263,14
3023,1768296108669,Akwuke,263,14
3024,1768296108674,"Amechi I",263,14
3025,1768296108678,"Amechi II",263,14
3026,1768296108682,"Awkunanaw East",263,14
3027,1768296108686,"Awkunanaw West",263,14
3028,1768296108690,Maryland,263,14
3029,1768296108695,"Obeagu I",263,14
3030,1768296108699,"Obeagu II",263,14
3031,1768296108703,Ugwuaji,263,14
3032,1768296108707,"Uwani East",263,14
3033,1768296108711,"Uwani West",263,14
3034,1768296108716,"Agba Umana",264,14
3035,1768296108720,"Aguobu Umumba",264,14
3036,1768296108725,"Aguobu Owa 1",264,14
3037,1768296108729,"Aguobu Owa 11",264,14
3038,1768296108734,Awha,264,14
3039,1768296108738,"Imezi Owa I",264,14
3040,1768296108743,"Imezi Owa II",264,14
3041,1768296108747,Iwollo,264,14
3042,1768296108751,"Mgbagbu Owa I",264,14
3043,1768296108756,"Mgbagbu Owa III",264,14
3044,1768296108760,"Mgbagbu Owa II",264,14
3045,1768296108765,"Obe Agu Umana",264,14
3046,1768296108770,Obinofia,264,14
3047,1768296108774,"Oghe I",264,14
3048,1768296108779,"Oghe II",264,14
3049,1768296108784,Okpogho,264,14
3050,1768296108788,"Olo Amagu Umulokpa I",264,14
3051,1768296108793,"Ulo Amagu Umulokpa II",264,14
3052,1768296108797,"Umana Ndiagu",264,14
3053,1768296108802,"Umumba Ndiumo",264,14
3054,1768296108806,"Aku I",265,14
3055,1768296108811,"Aku II",265,14
3056,1768296108815,"Aku III",265,14
3057,1768296108819,"Aku IV",265,14
3058,1768296108824,"Aku V Idueme",265,14
3059,1768296108828,"Diogbe Umunko",265,14
3060,1768296108836,"Ejuoha Udeme",265,14
3061,1768296108841,"Ekwegbe I",265,14
3062,1768296108846,"Ekwegbe II",265,14
3063,1768296108851,"Ikolo Ohebe",265,14
3064,1768296108856,"Ohaodo I",265,14
3065,1768296108862,"Ohaodo II",265,14
3066,1768296108868,"Onyohor Ochima Idoha",265,14
3067,1768296108872,"Ozalla I",265,14
3068,1768296108877,"Ozalla II",265,14
3069,1768296108881,"Ukehe I",265,14
3070,1768296108886,"Ukehe II",265,14
3071,1768296108891,"Ukehe III",265,14
3072,1768296108895,"Ukehe IV",265,14
3073,1768296108900,"Ukehe V",265,14
3074,1768296108904,"Essodo 1",266,14
3075,1768296108909,"Essodo 11",266,14
3076,1768296108913,"Essodo 111",266,14
3077,1768296108917,"Ette 1",266,14
3078,1768296108922,"Ette 11",266,14
3079,1768296108926,"Ette Central",266,14
3080,1768296108931,Ezzodo,266,14
3081,1768296108935,"Umuitodo I",266,14
3082,1768296108939,"Umuitodo II",266,14
3083,1768296108944,"Umuitodo III",266,14
3084,1768296108948,"Umuozzi I",266,14
3085,1768296108953,"Umuozzi II",266,14
3086,1768296108957,"Umuozzi III",266,14
3087,1768296108961,"Umuozzi IV",266,14
3088,1768296108966,"Umuozzi IX",266,14
3089,1768296108970,"Umuozzi V",266,14
3090,1768296108975,"Umuozzi VI",266,14
3091,1768296108979,"Umuozzi VII",266,14
3092,1768296108984,"Umuozzi VIII",266,14
3093,1768296108989,"Umuozzi X",266,14
3094,1768296108993,"Alor Agu",267,14
3095,1768296108997,"Amabo Hausa Yoruba",267,14
3096,1768296109002,Echara,267,14
3097,1768296109006,"Ezema Ward",267,14
3098,1768296109011,"Iheaka Likki Akutara Ward",267,14
3099,1768296109015,"Iheaka Ugo Akohi Ward",267,14
3100,1768296109020,"Iheakpu Ajuona Ogbagu Ward",267,14
3101,1768296109036,"Iheakpu Ezzi Ngwu Ward",267,14
3102,1768296109042,"Itchi Uwani I",267,14
3103,1768296109048,"Itchi Uwani II",267,14
3104,1768296109057,"Nkalagu Obukpa",267,14
3105,1768296109062,"Ovoko Ajuona Ward",267,14
3106,1768296109066,"Ovoko Umuelo Ovoko Agu Ward",267,14
3107,1768296109071,"Ovoko Umulolo Ward",267,14
3108,1768296109075,Uhunowerre,267,14
3109,1768296109079,Unadu,267,14
3110,1768296109084,"Ehamufu I",268,14
3111,1768296109089,"Ehamufu II",268,14
3112,1768296109093,"Ehamufu III",268,14
3113,1768296109097,"Ehamufu IV",268,14
3114,1768296109102,"Ikem I",268,14
3115,1768296109107,"Ikem II",268,14
3116,1768296109111,"Mbu I",268,14
3117,1768296109116,"Mbu II",268,14
3118,1768296109122,"Neke I",268,14
3119,1768296109128,"Neke II",268,14
3120,1768296109132,Umualor,268,14
3121,1768296109137,"Akpawfu Isienu Amangunze",269,14
3122,1768296109141,Amagunze,269,14
3123,1768296109145,"Amankanu Ogbahu",269,14
3124,1768296109149,"Amechi Idodo Oruku",269,14
3125,1768296109154,Ihuokpara,269,14
3126,1768296109162,Mburubu,269,14
3127,1768296109167,"Nara I",269,14
3128,1768296109171,"Nara II",269,14
3129,1768296109175,"Nkerefi I",269,14
3130,1768296109180,"Nkerefi II",269,14
3131,1768296109185,Nomeh,269,14
3132,1768296109190,Owo,269,14
3133,1768296109196,"Ugbawka I",269,14
3134,1768296109202,"Ugbawka II",269,14
3135,1768296109206,Agbani,270,14
3136,1768296109211,"Akegbe Ugwu Okwuo",270,14
3137,1768296109215,"Akpugo II",270,14
3138,1768296109219,"Akpugo III",270,14
3139,1768296109224,"Akpugo IV",270,14
3140,1768296109228,"Akugbo IV",270,14
3141,1768296109233,Amodu,270,14
3142,1768296109237,Amurri,270,14
3143,1768296109241,"Ibite Akegbe Ugwu",270,14
3144,1768296109246,"Ndiuno Uwani Akpugo I",270,14
3145,1768296109250,Obe,270,14
3146,1768296109255,"Obinagu Uwani Akpugo I",270,14
3147,1768296109259,Obuoffia,270,14
3148,1768296109264,Ozalla,270,14
3149,1768296109268,Umueze,270,14
3150,1768296109273,"Agbemebe Umabor",271,14
3151,1768296109277,Akalite,271,14
3152,1768296109282,"Akpa Ozzi",271,14
3153,1768296109286,"Alor Uno",271,14
3154,1768296109291,"Ede Nta",271,14
3155,1768296109295,"Ede Ukwu",271,14
3156,1768296109300,"Edem Ani",271,14
3157,1768296109305,"Eha Ndiagu",271,14
3158,1768296109310,"Eha Uno",271,14
3159,1768296109314,"Ejuona Uwani",271,14
3160,1768296109318,"Ibagwani Ibagwaga Okpaligbo",271,14
3161,1768296109323,Ibeku,271,14
3162,1768296109327,Ihe,271,14
3163,1768296109332,Mkpunano,271,14
3164,1768296109336,Nnu,271,14
3165,1768296109341,"Obimo Ikwoka",271,14
3166,1768296109346,Obukpa,271,14
3167,1768296109350,"Ogbozalla Idi",271,14
3168,1768296109355,"Okpuje Okutu Anuka",271,14
3169,1768296109361,"Owerre Umuoyo",271,14
3170,1768296109366,"Achiagu I",272,14
3171,1768296109371,"Achiagu II",272,14
3172,1768296109375,"Achiagu III",272,14
3173,1768296109380,"Achiuno I",272,14
3174,1768296109386,"Achiuno II",272,14
3175,1768296109390,"Achiuno III",272,14
3176,1768296109395,"Achiuno IV",272,14
3177,1768296109400,Akpugoeze,272,14
3178,1768296109405,Awlaw,272,14
3179,1768296109410,"Inyi I",272,14
3180,1768296109415,"Inyi II",272,14
3181,1768296109420,"Inyi III",272,14
3182,1768296109424,"Inyi IV",272,14
3183,1768296109429,"Oji River I",272,14
3184,1768296109433,"Oji River II",272,14
3185,1768296109438,"Oji River III",272,14
3186,1768296109442,"Oji River IV",272,14
3187,1768296109447,"Ugwuoba I",272,14
3188,1768296109451,"Ugwuoba II",272,14
3189,1768296109456,"Ugwuoba III",272,14
3190,1768296109460,Amala,273,14
3191,1768296109464,Ezimo,273,14
3192,1768296109469,Imilike,273,14
3193,1768296109473,"Obollo Afor",273,14
3194,1768296109478,"Obollo Eke",273,14
3195,1768296109482,"Obollo Etiti",273,14
3196,1768296109486,"Ogbodu Aba",273,14
3197,1768296109491,"Orba I",273,14
3198,1768296109495,"Orba II",273,14
3199,1768296109499,Udunedem,273,14
3200,1768296109504,Abia,274,14
3201,1768296109524,Abor,274,14
3202,1768296109528,"Affa Oghu Ikono",274,14
3203,1768296109533,"Akpa Kwume Nze",274,14
3204,1768296109537,Amokwe,274,14
3205,1768296109542,"Awhum Ukana",274,14
3206,1768296109546,Ebe,274,14
3207,1768296109551,"Egede Umuoka",274,14
3208,1768296109556,Eke,274,14
3209,1768296109560,Nachi,274,14
3210,1768296109564,"Ngwo Asa",274,14
3211,1768296109569,"Ngwo Uno",274,14
3212,1768296109573,Nsude,274,14
3213,1768296109577,Obinagu,274,14
3214,1768296109582,Obioma,274,14
3215,1768296109586,Okpatu,274,14
3216,1768296109590,"Udi Agbudu",274,14
3217,1768296109595,Umuabi,274,14
3218,1768296109599,Umuaga,274,14
3219,1768296109603,Umulumgbe,274,14
3220,1768296109607,Abbi,275,14
3221,1768296109612,"Adaba Nkume",275,14
3222,1768296109616,Adani,275,14
3223,1768296109621,Akpogu,275,14
3224,1768296109625,"Igga Asaba",275,14
3225,1768296109629,"Nimbo I",275,14
3226,1768296109634,"Nimbo II",275,14
3227,1768296109638,Nkpologu,275,14
3228,1768296109642,Nrobo,275,14
3229,1768296109647,Ogurugu,275,14
3230,1768296109651,Ojo,275,14
3231,1768296109656,"Ugbene I",275,14
3232,1768296109660,"Ugbene II",275,14
3233,1768296109664,Ukpata,275,14
3234,1768296109669,Umulokpa,275,14
3235,1768296109673,Uvuru,275,14
3236,1768296109678,Akko,276,15
3237,1768296109682,Garko,276,15
3238,1768296109687,Kalshingi,276,15
3239,1768296109691,Kashere,276,15
3240,1768296109696,"Kumo Central",276,15
3241,1768296109701,"Kumo East",276,15
3242,1768296109705,"Kumo North",276,15
3243,1768296109709,"Kumo West",276,15
3244,1768296109714,Pindiga,276,15
3245,1768296109719,Tukulma,276,15
3246,1768296109723,Tumu,276,15
3247,1768296109728,Bambam,277,15
3248,1768296109732,Bangu,277,15
3249,1768296109737,Dadiya,277,15
3250,1768296109743,"Gelengu Balanga",277,15
3251,1768296109747,Kindiyo,277,15
3252,1768296109751,"Kulani Degre Sikkam",277,15
3253,1768296109756,Mwona,277,15
3254,1768296109760,"Nyuwar Jessu",277,15
3255,1768296109765,"Swa Ref W Waja",277,15
3256,1768296109770,"Talasse Dong Reme",277,15
3257,1768296109775,"Baganje North",278,15
3258,1768296109780,"Baganje South",278,15
3259,1768296109785,Bare,278,15
3260,1768296109790,"Billiri North",278,15
3261,1768296109796,"Billiri South",278,15
3262,1768296109801,Kalmai,278,15
3263,1768296109806,Tal,278,15
3264,1768296109811,Tanglang,278,15
3265,1768296109816,Todi,278,15
3266,1768296109825,"Tudu Kwaya",278,15
3267,1768296109830,"Gombe Abba",279,15
3268,1768296109836,Hashidu,279,15
3269,1768296109844,Jamari,279,15
3270,1768296109850,Kunde,279,15
3271,1768296109856,Lafiya,279,15
3272,1768296109861,Malala,279,15
3273,1768296109865,"Waziri North",279,15
3274,1768296109870,"Waziri South Central",279,15
3275,1768296109874,"Wuro Tale",279,15
3276,1768296109879,Zange,279,15
3277,1768296109885,Zaune,279,15
3278,1768296109889,"Ashaka Magaba",280,15
3279,1768296109894,Bage,280,15
3280,1768296109898,"Bajoga West",280,15
3281,1768296109903,"Bajoga East",280,15
3282,1768296109907,"Bodor Tilde",280,15
3283,1768296109911,Jillahi,280,15
3284,1768296109916,Kupto,280,15
3285,1768296109920,Ribadu,280,15
3286,1768296109925,Tongo,280,15
3287,1768296109929,"Wawa Wakkulutu",280,15
3288,1768296109934,Ajiya,281,15
3289,1768296109938,Bajoga,281,15
3290,1768296109943,"Bolari East",281,15
3291,1768296109948,"Bolari West",281,15
3292,1768296109953,Dawaki,281,15
3293,1768296109958,Herwagana,281,15
3294,1768296109962,"Jeka Dafari",281,15
3295,1768296109967,"Kumbiya Kumbiya",281,15
3296,1768296109971,Nasarawa,281,15
3297,1768296109976,Pantami,281,15
3298,1768296109980,Shamaki,281,15
3299,1768296109985,Awak,282,15
3300,1768296109990,"Bule Kaltin",282,15
3301,1768296110005,"Kaltungo East",282,15
3302,1768296110009,"Kaltungo West",282,15
3303,1768296110013,Kamo,282,15
3304,1768296110018,"Tula Yiri",282,15
3305,1768296110023,"Tula Baule",282,15
3306,1768296110028,"Tula Wange",282,15
3307,1768296110032,Tungo,282,15
3308,1768296110037,Ture,282,15
3309,1768296110041,Bojude,283,15
3310,1768296110046,"Daban Fulani",283,15
3311,1768296110051,Doho,283,15
3312,1768296110055,Dukul,283,15
3313,1768296110060,Gadam,283,15
3314,1768296110065,Jurara,283,15
3315,1768296110070,Komfulata,283,15
3316,1768296110075,Kwami,283,15
3317,1768296110079,"Malam Sidi",283,15
3318,1768296110084,Malleri,283,15
3319,1768296110088,"Barwo Nasarawo",284,15
3320,1768296110093,"Barwo Winde",284,15
3321,1768296110097,"Birin Bolewa",284,15
3322,1768296110101,"Birin Fulani East",284,15
3323,1768296110106,"Birin Fulani West",284,15
3324,1768296110111,Gudukku,284,15
3325,1768296110117,Jigawa,284,15
3326,1768296110122,"Nafada Central",284,15
3327,1768296110126,"Nafada East",284,15
3328,1768296110132,"Nafada West",284,15
3329,1768296110137,Bangunji,285,15
3330,1768296110142,Boh,285,15
3331,1768296110147,Burak,285,15
3332,1768296110156,Filiya,285,15
3333,1768296110161,Gundale,285,15
3334,1768296110165,Gwandum,285,15
3335,1768296110169,Kulishin,285,15
3336,1768296110174,Kushi,285,15
3337,1768296110178,Lalaipido,285,15
3338,1768296110183,Lapan,285,15
3339,1768296110187,Deba,286,15
3340,1768296110192,"Difa Lubo Kinafa",286,15
3341,1768296110196,"Gwani Shinga Wade",286,15
3342,1768296110200,Hinna,286,15
3343,1768296110204,"Jagali North",286,15
3344,1768296110209,"Jagali South",286,15
3345,1768296110213,"Kanawa Wajari",286,15
3346,1768296110217,"Kuri Lano Lambam",286,15
3347,1768296110221,"Kwadon Liji Kurba",286,15
3348,1768296110226,"Nono Kunwal W Birdeka",286,15
3349,1768296110230,"Zambul Kwali",286,15
3350,1768296110234,Amuzu,287,16
3351,1768296110239,Enyiogugu,287,16
3352,1768296110243,Ibeku,287,16
3353,1768296110247,Lagwa,287,16
3354,1768296110252,Lorji,287,16
3355,1768296110256,Mbutu,287,16
3356,1768296110260,"Nguru Ahiato",287,16
3357,1768296110265,"Nguru Nweke",287,16
3358,1768296110269,"Nguru Nwenkwo",287,16
3359,1768296110274,Umuhu,287,16
3360,1768296110279,"Uvuru 1",287,16
3361,1768296110283,"Uvuru II",287,16
3362,1768296110287,"Amuzi Ihenworie",288,16
3363,1768296110292,Mpam,288,16
3364,1768296110296,Nnarambia,288,16
3365,1768296110300,"Obohia Ekwereazu",288,16
3366,1768296110305,Ogbe,288,16
3367,1768296110309,"Ogbor Umueze",288,16
3368,1768296110313,"Okirika Nweke",288,16
3369,1768296110318,"Okirika Nwenkwo",288,16
3370,1768296110322,Oparanadim,288,16
3371,1768296110327,"Oru Na Lude",288,16
3372,1768296110331,"Otulu Aguneze",288,16
3373,1768296110336,"Umunumo Umuchieze",288,16
3374,1768296110340,Agbaja,289,16
3375,1768296110345,"Nsu A Ikpe",289,16
3376,1768296110350,"Nsu B Ihitte",289,16
3377,1768296110354,"Nzerem Ikpem",289,16
3378,1768296110360,"Umualumaku Umuihim",289,16
3379,1768296110364,"Umueze I",289,16
3380,1768296110369,"Umueze II Umueleke",289,16
3381,1768296110373,Umuezeala,289,16
3382,1768296110378,Umukabia,289,16
3383,1768296110383,Umunakanu,289,16
3384,1768296110388,Umunumo,289,16
3385,1768296110393,Amumara,290,16
3386,1768296110399,"Chokoneze Akpodim Ife",290,16
3387,1768296110405,Eziudo,290,16
3388,1768296110410,Ihitte,290,16
3389,1768296110415,Itu,290,16
3390,1768296110419,"Oboama Umunama",290,16
3391,1768296110423,"Okpofe Ezeagbogu",290,16
3392,1768296110428,"Onicha I",290,16
3393,1768296110433,"Onicha II",290,16
3394,1768296110437,"Onicha III",290,16
3395,1768296110441,"Onicha IV",290,16
3396,1768296110446,"Udo Na Obizi",290,16
3397,1768296110450,Akpulu,291,16
3398,1768296110455,"Akwu Owerre",291,16
3399,1768296110459,"Ezemazu Ozu",291,16
3400,1768296110464,Isiokpo,291,16
3401,1768296110482,"Izuogu I",291,16
3402,1768296110487,"Izuogu II",291,16
3403,1768296110491,"Ndi Iheme Arondizuogu",291,16
3404,1768296110495,Ndimoko,291,16
3405,1768296110500,Obodoukwu,291,16
3406,1768296110504,Osina,291,16
3407,1768296110509,"Ozuakoki Umuago",291,16
3408,1768296110513,"Umuokwara Umuezeaga",291,16
3409,1768296110518,"Umuopia Umukegwu",291,16
3410,1768296110523,"Uzii Umualoma",291,16
3411,1768296110528,"Amanator Umueshi",292,16
3412,1768296110532,Dikenafai,292,16
3413,1768296110537,"Isiekenesi I",292,16
3414,1768296110541,"Isiekenesi II",292,16
3415,1768296110546,Ntueke,292,16
3416,1768296110550,Obiohia,292,16
3417,1768296110555,"Ogboko I",292,16
3418,1768296110559,"Ogboko II",292,16
3419,1768296110563,Ugbelle,292,16
3420,1768296110568,"Umuakam Umuago",292,16
3421,1768296110573,Umuchima,292,16
3422,1768296110577,"Umuma Isiaku",292,16
3423,1768296110582,Umuobom,292,16
3424,1768296110586,Abueke,293,16
3425,1768296110590,Amainyi,293,16
3426,1768296110595,Amakohia,293,16
3427,1768296110599,Atonerim,293,16
3428,1768296110604,Awuchinumo,293,16
3429,1768296110608,Dimneze,293,16
3430,1768296110612,Ikperejere,293,16
3431,1768296110617,Okata,293,16
3432,1768296110621,Umuezegwu,293,16
3433,1768296110625,Umuihi,293,16
3434,1768296110629,Akabo,294,16
3435,1768296110634,Amaimo,294,16
3436,1768296110638,Amakohia,294,16
3437,1768296110643,Amatta,294,16
3438,1768296110647,"Atta I",294,16
3439,1768296110652,"Atta II",294,16
3440,1768296110656,Avuvu,294,16
3441,1768296110661,Iho,294,16
3442,1768296110665,"Inyishi Umudim",294,16
3443,1768296110670,"Ngugo Ikembara",294,16
3444,1768296110674,"Ugirike Okwu Eziama",294,16
3445,1768296110678,Uzoagba,294,16
3446,1768296110683,Amaraku,295,16
3447,1768296110687,Amauzari,295,16
3448,1768296110691,Ibeme,295,16
3449,1768296110695,Obollo,295,16
3450,1768296110700,Ogbor,295,16
3451,1768296110704,"Osu Achara",295,16
3452,1768296110708,"Osu Owerre I",295,16
3453,1768296110712,"Osu Owerre II",295,16
3454,1768296110717,"Osuama Anara",295,16
3455,1768296110721,"Ugiri Oka",295,16
3456,1768296110725,Umunkwo,295,16
3457,1768296110729,Umuozu,295,16
3458,1768296110734,"Amandugba I",296,16
3459,1768296110738,"Amandugba II",296,16
3460,1768296110742,"Amurie Omanze I",296,16
3461,1768296110747,"Amurie Omanze II",296,16
3462,1768296110751,"Ekwe I",296,16
3463,1768296110755,"Ekwe II",296,16
3464,1768296110760,"Isu Njaba III",296,16
3465,1768296110764,"Isu Njaba I",296,16
3466,1768296110769,"Isu Njaba II",296,16
3467,1768296110774,"Umundugba I",296,16
3468,1768296110778,"Umundugba II",296,16
3469,1768296110783,"Afara Eziama",297,16
3470,1768296110788,"Amaike Mbieri",297,16
3471,1768296110796,"Ezinihitie Mbieri",297,16
3472,1768296110801,Ifakala,297,16
3473,1768296110806,Ogbaku,297,16
3474,1768296110810,"Ogwa I",297,16
3475,1768296110815,"Ogwa II",297,16
3476,1768296110819,"Orodo A",297,16
3477,1768296110824,"Orodo B",297,16
3478,1768296110829,Ubomiri,297,16
3479,1768296110833,"Umunoha Azara",297,16
3480,1768296110838,"Umunwoha Mbieri Umuawu",297,16
3481,1768296110843,"Amala Alulu Oburu Obokwe Ntu",298,16
3482,1768296110847,"Elelem Obike",298,16
3483,1768296110852,"Eziama Okpala",298,16
3484,1768296110856,Imerienwe,298,16
3485,1768296110860,"Logara Umuohiagu",298,16
3486,1768296110865,"Ngor Ihitte Umukabia",298,16
3487,1768296110870,"Nguru Umuowa",298,16
3488,1768296110874,Obiangwu,298,16
3489,1768296110878,"Ohekelem Nnorie",298,16
3490,1768296110883,Ozuzu,298,16
3491,1768296110888,Umuhu,298,16
3492,1768296110892,"Amucha I",299,16
3493,1768296110897,"Amucha II",299,16
3494,1768296110901,"Atta I",299,16
3495,1768296110906,"Atta II",299,16
3496,1768296110911,"Atta III",299,16
3497,1768296110915,Nkume,299,16
3498,1768296110920,Okwudor,299,16
3499,1768296110924,"Umuaka I",299,16
3500,1768296110929,"Umuaka II",299,16
3501,1768296110944,"Umuaka III",299,16
3502,1768296110949,"Umuaka IV",299,16
3503,1768296110953,Amaokpara,300,16
3504,1768296110958,"Eziama Obaire",300,16
3505,1768296110963,"Nkwerre IV Umunubo Umunachi",300,16
3506,1768296110967,"Nkwerre V",300,16
3507,1768296110971,"Nnanano Nkwerre II",300,16
3508,1768296110976,Onusa,300,16
3509,1768296110980,"Owerre Nkworji I",300,16
3510,1768296110985,"Owerre Nkworji II",300,16
3511,1768296110989,"Umudi Umuwala",300,16
3512,1768296110993,"Umukor Nkwerre III",300,16
3513,1768296110998,"Abajah Ward I",301,16
3514,1768296111002,"Abajah Ward II",301,16
3515,1768296111006,"Abba Ward",301,16
3516,1768296111011,"Amaju Community Ward Amaigbo III",301,16
3517,1768296111015,"Amamnaisi Amaigbo IV",301,16
3518,1768296111020,"Amano Umudurumba Ward Amaigbo I",301,16
3519,1768296111025,"Dim Na Nume",301,16
3520,1768296111029,"Ezeobolo Ofeahia Duruoha Umukabia Amaigbo Ward V",301,16
3521,1768296111034,"Kara Na Orlu",301,16
3522,1768296111038,"Umuanu Community Ward Amaigbo II",301,16
3523,1768296111043,"Umuozu Ward",301,16
3524,1768296111047,Alike,302,16
3525,1768296111052,"Amanze Umungwa",302,16
3526,1768296111056,Amuzi,302,16
3527,1768296111061,Avutu,302,16
3528,1768296111066,Ehume,302,16
3529,1768296111070,"Odenkume Umuosochie",302,16
3530,1768296111075,Okenalogho,302,16
3531,1768296111080,Okwuohia,302,16
3532,1768296111084,"Umuariam Achara",302,16
3533,1768296111089,Umunachi,302,16
3534,1768296111094,Awa,303,16
3535,1768296111099,"Egwe Egbuoma",303,16
3536,1768296111104,Izombe,303,16
3537,1768296111112,"Mbala Uba",303,16
3538,1768296111117,"Ndeuloukwu Umuowere",303,16
3539,1768296111121,"Obudi Aro",303,16
3540,1768296111125,"Oguta A",303,16
3541,1768296111130,"Oguta B",303,16
3542,1768296111134,Oru,303,16
3543,1768296111139,"Ossemotor Enuigbo",303,16
3544,1768296111143,Uwaorie,303,16
3545,1768296111148,"Assa Obile",304,16
3546,1768296111153,"Awara Ikwerede",304,16
3547,1768296111158,"Egbema A",304,16
3548,1768296111163,"Egbema B",304,16
3549,1768296111168,"Egbema C",304,16
3550,1768296111172,"Egbema D",304,16
3551,1768296111177,"Egbema E",304,16
3552,1768296111181,Ekwuato,304,16
3553,1768296111185,"Obitti Mgbishi",304,16
3554,1768296111190,Ohoba,304,16
3555,1768296111194,Umuagwo,304,16
3556,1768296111198,Umuapu,304,16
3557,1768296111203,Agbobu,305,16
3558,1768296111207,Aku,305,16
3559,1768296111212,Amuro,305,16
3560,1768296111216,Ezinachi,305,16
3561,1768296111220,Ihube,305,16
3562,1768296111225,"Ndimoko Ofeimo Ibinta Okanachi Umuowa Ibu",305,16
3563,1768296111229,Ogii,305,16
3564,1768296111234,"Okigwe I",305,16
3565,1768296111238,"Okigwe II",305,16
3566,1768296111243,Umualumuoke,305,16
3567,1768296111247,Umulolo,305,16
3568,1768296111251,"Aboh Okohia",306,16
3569,1768296111255,Ezelu,306,16
3570,1768296111260,Eziama,306,16
3571,1768296111264,"Ofeahia Umuanumeze",306,16
3572,1768296111269,"Okwelle I",306,16
3573,1768296111273,"Okwelle II",306,16
3574,1768296111277,"Owerre Okwe",306,16
3575,1768296111282,"Ozimo Umuneze",306,16
3576,1768296111286,Umucheke,306,16
3577,1768296111291,Umuna,306,16
3578,1768296111295,Amaifeke,307,16
3579,1768296111299,"Ebenese Umueze Nnachi Ihioma",307,16
3580,1768296111304,"Eziachi Amike",307,16
3581,1768296111308,"Ihite Owerre",307,16
3582,1768296111312,"Ogberuru Obibi",307,16
3583,1768296111317,"Ohafor Okporo Umutanze",307,16
3584,1768296111321,"Okaeke Okporo",307,16
3585,1768296111325,"Okwua Bala Ihioma",307,16
3586,1768296111330,"Orlu Mgbee Orlu Govt Station",307,16
3587,1768296111334,"Owerri Ebeiri",307,16
3588,1768296111338,Umudioka,307,16
3589,1768296111342,Umuna,307,16
3590,1768296111347,"Umuzike Umuowa",307,16
3591,1768296111351,Amaruru,308,16
3592,1768296111356,"Assah Ubiri Elem",308,16
3593,1768296111360,Ebenator,308,16
3594,1768296111364,Eziawa,308,16
3595,1768296111369,Ihitenansa,308,16
3596,1768296111373,"Okwuamaraihie I",308,16
3597,1768296111378,"Okwuamaraihie II",308,16
3598,1768296111383,Okwuetiti,308,16
3599,1768296111387,Okwufuruaku,308,16
3600,1768296111392,"Orsu Ihiteukwa",308,16
3601,1768296111408,"Umuhu Okabia",308,16
3602,1768296111412,Akata,309,16
3603,1768296111421,Akuma,309,16
3604,1768296111426,Amagu,309,16
3605,1768296111430,"Amiri I",309,16
3606,1768296111435,"Amiri II",309,16
3607,1768296111439,"Awo Omamma I",309,16
3608,1768296111444,"Awo Omamma II",309,16
3609,1768296111448,"Awo Omamma III",309,16
3610,1768296111453,"Awo Omamma IV",309,16
3611,1768296111458,Omuma,309,16
3612,1768296111462,Aji,310,16
3613,1768296111467,Amafuo,310,16
3614,1768296111471,"Ibiaso Egbe",310,16
3615,1768296111476,"Mgbidi I",310,16
3616,1768296111480,"Mgbidi II",310,16
3617,1768296111484,"Nempi Elem",310,16
3618,1768296111489,Ohakpu,310,16
3619,1768296111493,Otulu,310,16
3620,1768296111497,Ozara,310,16
3621,1768296111502,Ubulu,310,16
3622,1768296111507,"Agbala Obube Ulakwo",311,16
3623,1768296111513,"Awaka Ihitte Ogada",311,16
3624,1768296111517,Egbu,311,16
3625,1768296111522,"Emekuku I",311,16
3626,1768296111527,"Emekuku II",311,16
3627,1768296111532,Emii,311,16
3628,1768296111538,"Ihitta Oha",311,16
3629,1768296111543,Naze,311,16
3630,1768296111549,"Obibi Uratta I",311,16
3631,1768296111555,"Obibi Uratta II",311,16
3632,1768296111561,Obibiezena,311,16
3633,1768296111567,Orji,311,16
3634,1768296111577,"Aladinma I",312,16
3635,1768296111582,"Aladinma II",312,16
3636,1768296111588,"Azuzi I",312,16
3637,1768296111595,"Azuzi II",312,16
3638,1768296111604,"Azuzi III",312,16
3639,1768296111611,"Azuzi IV",312,16
3640,1768296111618,Gra,312,16
3641,1768296111625,"Ikenegbu I",312,16
3642,1768296111632,"Ikenegbu II",312,16
3643,1768296111637,"New Owerri I",312,16
3644,1768296111641,"New Owerri II",312,16
3645,1768296111646,"Amakohia Ubi Ndegwu Ohii",313,16
3646,1768296111650,"Avu Oforola",313,16
3647,1768296111655,"Emeabiam Okolochi",313,16
3648,1768296111659,Eziobodo,313,16
3649,1768296111664,Ihiagwa,313,16
3650,1768296111669,"Irete Orogwe",313,16
3651,1768296111674,Nekede,313,16
3652,1768296111679,Obinze,313,16
3653,1768296111684,Okuku,313,16
3654,1768296111688,Umuguma,313,16
3655,1768296111694,Auyakayi,314,17
3656,1768296111698,Auyo,314,17
3657,1768296111703,Ayama,314,17
3658,1768296111707,Ayan,314,17
3659,1768296111712,Gamafoi,314,17
3660,1768296111716,Gamsarka,314,17
3661,1768296111721,Gatafa,314,17
3662,1768296111726,Kafur,314,17
3663,1768296111730,Tsidir,314,17
3664,1768296111735,Unik,314,17
3665,1768296111742,Babura,315,17
3666,1768296111747,Batali,315,17
3667,1768296111752,Dorawa,315,17
3668,1768296111757,Garu,315,17
3669,1768296111762,Gasakoli,315,17
3670,1768296111766,Insharuwa,315,17
3671,1768296111771,Jigawa,315,17
3672,1768296111776,Kanya,315,17
3673,1768296111783,Kuzunzumi,315,17
3674,1768296111788,Kyambo,315,17
3675,1768296111793,Takwasa,315,17
3676,1768296111803,"Birnin Kudu",316,17
3677,1768296111819,Kangire,316,17
3678,1768296111833,Kantoga,316,17
3679,1768296111838,Kiyako,316,17
3680,1768296111844,Kwangwara,316,17
3681,1768296111850,Lafiya,316,17
3682,1768296111855,Sundimina,316,17
3683,1768296111860,Surko,316,17
3684,1768296111865,"Unguwar Ya",316,17
3685,1768296111870,Wurno,316,17
3686,1768296111874,"Yalwan Damai",316,17
3687,1768296111879,Batu,317,17
3688,1768296111884,Birniwa,317,17
3689,1768296111888,Dangwaleri,317,17
3690,1768296111895,Diginsa,317,17
3691,1768296111901,Fagi,317,17
3692,1768296111906,Kachallari,317,17
3693,1768296111911,Karanka,317,17
3694,1768296111916,Kazura,317,17
3695,1768296111921,Machinamari,317,17
3696,1768296111926,Matamu,317,17
3697,1768296111931,Nguwa,317,17
3698,1768296111937,Ahoto,318,17
3699,1768296111941,Buji,318,17
3700,1768296111946,Churbun,318,17
3701,1768296111962,Falageri,318,17
3702,1768296111966,Gantsa,318,17
3703,1768296111971,"K Lelen Kudu",318,17
3704,1768296111976,Kawaya,318,17
3705,1768296111982,Kukuma,318,17
3706,1768296111989,Madabe,318,17
3707,1768296111995,"Y Tukur",318,17
3708,1768296112001,Abaya,319,17
3709,1768296112007,Chamo,319,17
3710,1768296112012,Dundubus,319,17
3711,1768296112017,Duru,319,17
3712,1768296112023,"Jigawar Tsada",319,17
3713,1768296112029,Kachi,319,17
3714,1768296112035,Karnaya,319,17
3715,1768296112042,Kudai,319,17
3716,1768296112047,Limawa,319,17
3717,1768296112053,Madobi,319,17
3718,1768296112058,Sakwaya,319,17
3719,1768296112064,"Gagarawa Gari",320,17
3720,1768296112070,"Gagarawa Tasha",320,17
3721,1768296112075,"Garin Chiroma",320,17
3722,1768296112080,"Kore Balatu",320,17
3723,1768296112085,Madaka,320,17
3724,1768296112090,Maiaduwa,320,17
3725,1768296112095,Maikilili,320,17
3726,1768296112099,Medu,320,17
3727,1768296112104,Yalawa,320,17
3728,1768296112111,Zarada,320,17
3729,1768296112116,Buduru,321,17
3730,1768296112121,Doko,321,17
3731,1768296112126,Garki,321,17
3732,1768296112131,"Gwarzon Garki",321,17
3733,1768296112135,Jirma,321,17
3734,1768296112140,Kanya,321,17
3735,1768296112144,Kargo,321,17
3736,1768296112148,Kore,321,17
3737,1768296112153,Muku,321,17
3738,1768296112157,"Rafin Marke",321,17
3739,1768296112162,Siyori,321,17
3740,1768296112167,Baikarya,322,17
3741,1768296112171,Danama,322,17
3742,1768296112177,Dantanoma,322,17
3743,1768296112181,Galagamma,322,17
3744,1768296112189,"Garin Alhaji Barka",322,17
3745,1768296112194,"Garin Gambo",322,17
3746,1768296112198,Gusau,322,17
3747,1768296112202,Hammado,322,17
3748,1768296112207,"Kofar Arewa",322,17
3749,1768296112211,"Kofar Yamma",322,17
3750,1768296112216,Zango,322,17
3751,1768296112220,Abunabo,323,17
3752,1768296112226,Adiyani,323,17
3753,1768296112231,Dawa,323,17
3754,1768296112236,Garbagal,323,17
3755,1768296112241,Guri,323,17
3756,1768296112245,Kadira,323,17
3757,1768296112249,Lafiya,323,17
3758,1768296112254,Margadu,323,17
3759,1768296112258,"Matara Baba",323,17
3760,1768296112262,Musari,323,17
3761,1768296112266,Basirka,324,17
3762,1768296112271,Dingaya,324,17
3763,1768296112275,Fagam,324,17
3764,1768296112279,"Farin Dutse",324,17
3765,1768296112283,"Gwaram Tsohuwa",324,17
3766,1768296112288,Kila,324,17
3767,1768296112293,Kwandiko,324,17
3768,1768296112297,Maruta,324,17
3769,1768296112302,Sara,324,17
3770,1768296112307,Tsangarwa,324,17
3771,1768296112311,"Zandan Nagogo",324,17
3772,1768296112316,Buntusu,325,17
3773,1768296112321,Dabi,325,17
3774,1768296112329,Darina,325,17
3775,1768296112333,"F Yamma",325,17
3776,1768296112338,Guntai,325,17
3777,1768296112343,Gwiwa,325,17
3778,1768296112347,Korayel,325,17
3779,1768296112351,Rorau,325,17
3780,1768296112355,Shafe,325,17
3781,1768296112360,Yola,325,17
3782,1768296112365,"Zaumar Sainawa",325,17
3783,1768296112369,Atafi,326,17
3784,1768296112374,Dubantu,326,17
3785,1768296112378,Gagulmari,326,17
3786,1768296112382,"Kasuwar Kofa",326,17
3787,1768296112387,"Kasuwar Kuda",326,17
3788,1768296112391,Majema,326,17
3789,1768296112396,Matsaro,326,17
3790,1768296112400,Rumfa,326,17
3791,1768296112405,"Sabon Garu",326,17
3792,1768296112409,Yankoli,326,17
3793,1768296112413,Yayari,326,17
3794,1768296112417,Aujara,327,17
3795,1768296112422,Gangawa,327,17
3796,1768296112426,"Gauza Tazara",327,17
3797,1768296112431,Gunka,327,17
3798,1768296112435,"Harbo Sabuwa",327,17
3799,1768296112440,"Harbo Tsohuwa",327,17
3800,1768296112445,Idanuna,327,17
3801,1768296112462,Jabarna,327,17
3802,1768296112469,Jahun,327,17
3803,1768296112473,Kale,327,17
3804,1768296112478,Kanwa,327,17
3805,1768296112483,Balangu,328,17
3806,1768296112488,"Dumadumin Toka",328,17
3807,1768296112493,Gafaya,328,17
3808,1768296112498,Jabo,328,17
3809,1768296112502,"Kafin Hausa",328,17
3810,1768296112511,Kazalewa,328,17
3811,1768296112516,Majawa,328,17
3812,1768296112521,Mezan,328,17
3813,1768296112526,Ruba,328,17
3814,1768296112531,Sarawa,328,17
3815,1768296112535,Zago,328,17
3816,1768296112540,Arbus,329,17
3817,1768296112545,Askandu,329,17
3818,1768296112549,Dabuwaran,329,17
3819,1768296112554,Dakaiyawa,329,17
3820,1768296112559,Hadin,329,17
3821,1768296112563,"Ja E",329,17
3822,1768296112568,Jarkasa,329,17
3823,1768296112573,Kaugama,329,17
3824,1768296112577,Marke,329,17
3825,1768296112581,"Unguwar Jibrin",329,17
3826,1768296112586,Yalo,329,17
3827,1768296112590,"Ba Auzini",330,17
3828,1768296112596,Daba,330,17
3829,1768296112600,Dabaza,330,17
3830,1768296112604,Dandi,330,17
3831,1768296112609,Gada,330,17
3832,1768296112613,Kanti,330,17
3833,1768296112617,Maradawa,330,17
3834,1768296112622,Sabaru,330,17
3835,1768296112626,"Unguwar Arewa",330,17
3836,1768296112631,"Unguwar Gabas",330,17
3837,1768296112635,"Unguwar Yamma",330,17
3838,1768296112639,Baturiya,331,17
3839,1768296112643,Bulunchai,331,17
3840,1768296112648,Doleri,331,17
3841,1768296112652,Fandum,331,17
3842,1768296112656,Gayin,331,17
3843,1768296112660,"Kirika Samma",331,17
3844,1768296112665,Madachi,331,17
3845,1768296112669,Marma,331,17
3846,1768296112673,Tarabu,331,17
3847,1768296112678,Tsheguwa,331,17
3848,1768296112682,Abalago,332,17
3849,1768296112686,Andaza,332,17
3850,1768296112691,Fake,332,17
3851,1768296112695,Garko,332,17
3852,1768296112699,Guruduba,332,17
3853,1768296112704,Katanga,332,17
3854,1768296112708,Katuka,332,17
3855,1768296112712,Kiyawa,332,17
3856,1768296112716,Kwanda,332,17
3857,1768296112721,Maje,332,17
3858,1768296112725,Tsurma,332,17
3859,1768296112729,Balarabe,333,17
3860,1768296112733,Dankumbo,333,17
3861,1768296112737,Fulata,333,17
3862,1768296112742,Galadi,333,17
3863,1768296112746,Jajeri,333,17
3864,1768296112750,Kukayasku,333,17
3865,1768296112754,Madana,333,17
3866,1768296112759,"Maigatari Arewa",333,17
3867,1768296112763,"Maigatari Kudu",333,17
3868,1768296112768,Matoya,333,17
3869,1768296112772,Turbus,333,17
3870,1768296112776,Arki,334,17
3871,1768296112780,Dunari,334,17
3872,1768296112784,"Fateka Akurya",334,17
3873,1768296112789,"Garin Gabas",334,17
3874,1768296112793,"Maira Kumi Bara Musa",334,17
3875,1768296112798,"Maka Ddari",334,17
3876,1768296112802,"Malam Madori",334,17
3877,1768296112806,Shaiya,334,17
3878,1768296112811,Tagwaro,334,17
3879,1768296112815,Tashena,334,17
3880,1768296112820,Tonikutara,334,17
3881,1768296112824,Dangyatin,335,17
3882,1768296112829,Hantsu,335,17
3883,1768296112833,Harbo,335,17
3884,1768296112838,Koya,335,17
3885,1768296112845,Miga,335,17
3886,1768296112850,"Sabon Gari Takanebu",335,17
3887,1768296112854,Sansani,335,17
3888,1768296112859,Tsakuwawa,335,17
3889,1768296112863,Yanduna,335,17
3890,1768296112867,Zareku,335,17
3891,1768296112871,"Chai Chai",336,17
3892,1768296112876,Dabi,336,17
3893,1768296112880,"Kafin Babushe",336,17
3894,1768296112884,Karshi,336,17
3895,1768296112888,Kyarama,336,17
3896,1768296112893,Ringim,336,17
3897,1768296112897,Sankara,336,17
3898,1768296112901,Sintilmawa,336,17
3899,1768296112906,Tofa,336,17
3900,1768296112910,Yandutse,336,17
3901,1768296112925,Amaryawa,337,17
3902,1768296112930,Baragumi,337,17
3903,1768296112934,Dansure,337,17
3904,1768296112939,Fara,337,17
3905,1768296112943,Gora,337,17
3906,1768296112947,Kwaita,337,17
3907,1768296112952,Roni,337,17
3908,1768296112956,Sankau,337,17
3909,1768296112960,Tunas,337,17
3910,1768296112964,Yanzaki,337,17
3911,1768296112969,Zugai,337,17
3912,1768296112973,Albasu,338,17
3913,1768296112978,Amanga,338,17
3914,1768296112982,Dangwanki,338,17
3915,1768296112986,Danladi,338,17
3916,1768296112991,Danzomo,338,17
3917,1768296112995,Jeke,338,17
3918,1768296112999,Shabaru,338,17
3919,1768296113004,"Sule Tankarkar",338,17
3920,1768296113008,Takatsaba,338,17
3921,1768296113012,Yandamo,338,17
3922,1768296113017,Ajaura,339,17
3923,1768296113021,Chakwaikwaiwa,339,17
3924,1768296113025,Chukuto,339,17
3925,1768296113029,Gujungu,339,17
3926,1768296113033,Kiri,339,17
3927,1768296113037,Kwalam,339,17
3928,1768296113042,Maje,339,17
3929,1768296113046,Majiya,339,17
3930,1768296113050,"S Garin Yaya",339,17
3931,1768296113054,Taura,339,17
3932,1768296113058,Achilafiya,340,17
3933,1768296113063,Belas,340,17
3934,1768296113067,"Dawan Gawo",340,17
3935,1768296113071,Gurjiya,340,17
3936,1768296113075,Gwarta,340,17
3937,1768296113080,Karkarna,340,17
3938,1768296113084,Kuda,340,17
3939,1768296113088,Ringim,340,17
3940,1768296113093,Yankwashi,340,17
3941,1768296113097,Zunbumba,340,17
3942,1768296113102,"Dogon Dawa",341,18
3943,1768296113106,Gayam,341,18
3944,1768296113111,Kakangi,341,18
3945,1768296113115,Kazage,341,18
3946,1768296113120,Kutemesi,341,18
3947,1768296113124,Kuyelo,341,18
3948,1768296113128,"Magajin Gari I",341,18
3949,1768296113133,"Magajin Gari II",341,18
3950,1768296113137,"Magajin Gari III",341,18
3951,1768296113144,Randagi,341,18
3952,1768296113148,Tabanni,341,18
3953,1768296113152,Chikun,342,18
3954,1768296113157,Gwagwada,342,18
3955,1768296113161,Kakau,342,18
3956,1768296113165,Kujama,342,18
3957,1768296113169,Kunai,342,18
3958,1768296113174,Kuriga,342,18
3959,1768296113178,Narayi,342,18
3960,1768296113182,Nasarawa,342,18
3961,1768296113186,Rido,342,18
3962,1768296113190,"S Ggarin Arewa Tirkaniya",342,18
3963,1768296113194,"Sabon Tasha",342,18
3964,1768296113199,"Ung Yelwa",342,18
3965,1768296113203,Danmahawayi,343,18
3966,1768296113207,Galadimawa,343,18
3967,1768296113212,Gangara,343,18
3968,1768296113216,Giwa,343,18
3969,1768296113220,Idasu,343,18
3970,1768296113225,Kadage,343,18
3971,1768296113229,Kakangi,343,18
3972,1768296113233,Kidandan,343,18
3973,1768296113238,"Pan Hauya",343,18
3974,1768296113242,Shika,343,18
3975,1768296113246,Yakawada,343,18
3976,1768296113250,Afaka,344,18
3977,1768296113254,"Birnin Yero",344,18
3978,1768296113259,"Gadan Gayan",344,18
3979,1768296113264,Gwaraji,344,18
3980,1768296113268,Igabi,344,18
3981,1768296113272,Kerawa,344,18
3982,1768296113277,Kwarau,344,18
3983,1768296113281,Rigachikun,344,18
3984,1768296113286,Rigasa,344,18
3985,1768296113290,"Sabon Birnin Daji",344,18
3986,1768296113294,Turunku,344,18
3987,1768296113299,"Zangon Aya",344,18
3988,1768296113303,Auchan,345,18
3989,1768296113307,Ikara,345,18
3990,1768296113312,Janfala,345,18
3991,1768296113316,"K Kogi",345,18
3992,1768296113320,Kuya,345,18
3993,1768296113325,Paki,345,18
3994,1768296113329,Pala,345,18
3995,1768296113334,Rumi,345,18
3996,1768296113339,Saulawa,345,18
3997,1768296113344,"Saya Saya",345,18
3998,1768296113348,Chori,346,18
3999,1768296113353,Daddu,346,18
4000,1768296113359,"Dura Bitaro",346,18
4001,1768296113376,Fada,346,18
4002,1768296113381,Fai,346,18
4003,1768296113385,Nduyah,346,18
4004,1768296113390,Nok,346,18
4005,1768296113395,Sabchem,346,18
4006,1768296113400,Sabzuro,346,18
4007,1768296113405,Sambam,346,18
4008,1768296113410,Asso,347,18
4009,1768296113415,Atuku,347,18
4010,1768296113421,Bedde,347,18
4011,1768296113426,"Gidan Waya",347,18
4012,1768296113431,Godogodo,347,18
4013,1768296113436,Jagindi,347,18
4014,1768296113441,"Kafanchan A",347,18
4015,1768296113445,"Kafanchan B",347,18
4016,1768296113450,Kagoma,347,18
4017,1768296113458,Kaninkon,347,18
4018,1768296113463,"Maigizo A",347,18
4019,1768296113467,"Takau B",347,18
4020,1768296113472,Agunu,348,18
4021,1768296113478,Ankwa,348,18
4022,1768296113482,Awon,348,18
4023,1768296113487,Bishini,348,18
4024,1768296113492,Doka,348,18
4025,1768296113497,"Gidan Tagwai",348,18
4026,1768296113502,Gumel,348,18
4027,1768296113506,"Kachia Urban",348,18
4028,1768296113511,Katari,348,18
4029,1768296113515,"Kurmin Musa",348,18
4030,1768296113520,Kwaturu,348,18
4031,1768296113524,"Sabon Sarki",348,18
4032,1768296113528,Badarawa,349,18
4033,1768296113533,Gabasawa,349,18
4034,1768296113537,Gaji,349,18
4035,1768296113541,"Hayin Banki",349,18
4036,1768296113546,"Kabala Costain Doki",349,18
4037,1768296113554,Kawo,349,18
4038,1768296113560,Maiburji,349,18
4039,1768296113565,Shaba,349,18
4040,1768296113570,"Unguwan Dosa",349,18
4041,1768296113575,"Unguwan Liman",349,18
4042,1768296113579,"Unguwan Sarki",349,18
4043,1768296113584,"Unguwan Shanu",349,18
4044,1768296113588,Badiko,350,18
4045,1768296113593,Barnawa,350,18
4046,1768296113599,"Kakuri Gwari",350,18
4047,1768296113603,"Kakuri Hausa",350,18
4048,1768296113608,Makera,350,18
4049,1768296113613,"Sabon Gari North",350,18
4050,1768296113618,"Sabon Gari South",350,18
4051,1768296113622,Television,350,18
4052,1768296113627,"Tudun Nuwapa",350,18
4053,1768296113631,"Tudun Wada North",350,18
4054,1768296113636,"Tudun Wada South",350,18
4055,1768296113640,"Tudun Wada West",350,18
4056,1768296113644,"Ung Sanusi",350,18
4057,1768296113649,Aribi,351,18
4058,1768296113653,Iddah,351,18
4059,1768296113658,"Jere North",351,18
4060,1768296113662,"Jere South",351,18
4061,1768296113667,"Kagarko North",351,18
4062,1768296113671,"Kagarko South",351,18
4063,1768296113676,Katugal,351,18
4064,1768296113681,Kukui,351,18
4065,1768296113685,"Kurmin Jibrin",351,18
4066,1768296113690,Kushe,351,18
4067,1768296113695,Afogo,352,18
4068,1768296113699,Buda,352,18
4069,1768296113704,Idon,352,18
4070,1768296113708,Kajuru,352,18
4071,1768296113713,Kallah,352,18
4072,1768296113717,"Kasuwan Magani",352,18
4073,1768296113721,Kufana,352,18
4074,1768296113726,Maro,352,18
4075,1768296113730,Rimau,352,18
4076,1768296113734,Tantatu,352,18
4077,1768296113739,Agban,353,18
4078,1768296113743,Bondon,353,18
4079,1768296113747,Fada,353,18
4080,1768296113752,Kadarko,353,18
4081,1768296113756,Kaura,353,18
4082,1768296113760,Kpak,353,18
4083,1768296113765,Kukum,353,18
4084,1768296113769,Mallagum,353,18
4085,1768296113774,Manchok,353,18
4086,1768296113778,Zankan,353,18
4087,1768296113782,"Badurum Sama",354,18
4088,1768296113786,Bital,354,18
4089,1768296113790,Damakasuwa,354,18
4090,1768296113795,Dawaki,354,18
4091,1768296113800,Geshere,354,18
4092,1768296113809,Kamaru,354,18
4093,1768296113814,"Kauru East",354,18
4094,1768296113818,"Kauru West",354,18
4095,1768296113822,Kwassam,354,18
4096,1768296113827,Makami,354,18
4097,1768296113831,Pari,354,18
4098,1768296113836,Anchau,355,18
4099,1768296113840,Damau,355,18
4100,1768296113845,"Dutsen Wai",355,18
4101,1768296113860,Haskiya,355,18
4102,1768296113865,Kargi,355,18
4103,1768296113869,Karreh,355,18
4104,1768296113873,Kubau,355,18
4105,1768296113878,Mah,355,18
4106,1768296113882,Pambegua,355,18
4107,1768296113886,Zabi,355,18
4108,1768296113891,Zuntu,355,18
4109,1768296113895,Doka,356,18
4110,1768296113899,Garu,356,18
4111,1768296113904,Hunkuyi,356,18
4112,1768296113909,"Kauran Wali North",356,18
4113,1768296113913,"Kauran Wali South",356,18
4114,1768296113917,Kudan,356,18
4115,1768296113921,Likoro,356,18
4116,1768296113926,"Sabon Gari Hunkuyi",356,18
4117,1768296113930,"Taban Sani",356,18
4118,1768296113934,Zabi,356,18
4119,1768296113939,Abadawa,357,18
4120,1768296113943,"Dan Alhaji",357,18
4121,1768296113948,Garu,357,18
4122,1768296113952,"Gure Kahugu",357,18
4123,1768296113956,Kayarda,357,18
4124,1768296113961,Lazuru,357,18
4125,1768296113965,Lere,357,18
4126,1768296113969,"Ramin Kura",357,18
4127,1768296113974,"Sabon Birnin",357,18
4128,1768296113978,Saminaka,357,18
4129,1768296113983,"Yar Kasuwa",357,18
4130,1768296113988,Dandamisa,358,18
4131,1768296113992,Danguziri,358,18
4132,1768296113997,Gazara,358,18
4133,1768296114001,Gimi,358,18
4134,1768296114006,Gubuchi,358,18
4135,1768296114010,Gwanki,358,18
4136,1768296114014,Makarfi,358,18
4137,1768296114019,Mayere,358,18
4138,1768296114023,"Nassarwan Doya",358,18
4139,1768296114028,"Tudun Wada",358,18
4140,1768296114032,Basawa,359,18
4141,1768296114036,Bomo,359,18
4142,1768296114041,Chikaji,359,18
4143,1768296114045,Dogarawa,359,18
4144,1768296114050,Hanwa,359,18
4145,1768296114054,"Jama A",359,18
4146,1768296114059,"Jushin Waje",359,18
4147,1768296114063,Muchia,359,18
4148,1768296114068,Samaru,359,18
4149,1768296114072,"Unguwan Gabas",359,18
4150,1768296114077,Zabi,359,18
4151,1768296114083,Aboro,360,18
4152,1768296114088,Arak,360,18
4153,1768296114093,Ayu,360,18
4154,1768296114101,Bokana,360,18
4155,1768296114106,"Fadan Karshi",360,18
4156,1768296114111,Gwantu,360,18
4157,1768296114120,Nandu,360,18
4158,1768296114125,"Ninzam North",360,18
4159,1768296114129,"Ninzam South",360,18
4160,1768296114133,"Ninzam West",360,18
4161,1768296114138,"Wasa Station",360,18
4162,1768296114142,"Dan Wata",361,18
4163,1768296114146,Gamagira,361,18
4164,1768296114151,"Garun Gwanki",361,18
4165,1768296114155,Gimba,361,18
4166,1768296114160,Kinkiba,361,18
4167,1768296114165,Kwassallo,361,18
4168,1768296114169,Maigana,361,18
4169,1768296114175,Rahama,361,18
4170,1768296114183,Richifa,361,18
4171,1768296114191,Soba,361,18
4172,1768296114198,Turawa,361,18
4173,1768296114203,"Gidan Jatau",362,18
4174,1768296114207,Gora,362,18
4175,1768296114212,Kamantan,362,18
4176,1768296114216,"Kamuru Ikulu North",362,18
4177,1768296114221,Madakiya,362,18
4178,1768296114225,"Unguwar Gaiya",362,18
4179,1768296114229,"Unguwar Rimi",362,18
4180,1768296114235,"Zaman Dabo",362,18
4181,1768296114240,"Zango Urban",362,18
4182,1768296114245,Zonkwa,362,18
4183,1768296114250,Zonzon,362,18
4184,1768296114255,Dambo,363,18
4185,1768296114259,"Dutsen Abba",363,18
4186,1768296114264,Gyallesu,363,18
4187,1768296114268,Kaura,363,18
4188,1768296114272,Kufena,363,18
4189,1768296114276,"Kwarbai A",363,18
4190,1768296114281,"Kwarbai B",363,18
4191,1768296114285,"Limancin Kona",363,18
4192,1768296114289,"Tudun Wada",363,18
4193,1768296114294,"Tukur Tukur",363,18
4194,1768296114298,"Ung Fatika",363,18
4195,1768296114302,"Ung Juma",363,18
4196,1768296114306,Wucicciri,363,18
4197,1768296114311,Ajingi,364,19
4198,1768296114315,Balare,364,19
4199,1768296114319,Chula,364,19
4200,1768296114325,"Dabin Kanawa",364,19
4201,1768296114340,Dundun,364,19
4202,1768296114344,Gafasa,364,19
4203,1768296114348,Gurduba,364,19
4204,1768296114353,Kunkurawa,364,19
4205,1768296114358,Toranke,364,19
4206,1768296114363,"Ungawar Bai",364,19
4207,1768296114367,"Albasu Central",365,19
4208,1768296114371,Bataiya,365,19
4209,1768296114375,Chamarana,365,19
4210,1768296114379,Daho,365,19
4211,1768296114384,Fanda,365,19
4212,1768296114388,Faragai,365,19
4213,1768296114392,Gagarame,365,19
4214,1768296114397,Hungu,365,19
4215,1768296114401,"Saya Saya",365,19
4216,1768296114405,Tsangaya,365,19
4217,1768296114410,Bagwai,366,19
4218,1768296114414,Dangada,366,19
4219,1768296114419,Gadanya,366,19
4220,1768296114423,Gogori,366,19
4221,1768296114428,Kiyawa,366,19
4222,1768296114432,Kwajali,366,19
4223,1768296114439,"Rimin Dako",366,19
4224,1768296114444,Romo,366,19
4225,1768296114448,"Sare Sare",366,19
4226,1768296114453,"Wuro Bagga",366,19
4227,1768296114457,Anadariya,367,19
4228,1768296114461,Baguda,367,19
4229,1768296114466,Bebeji,367,19
4230,1768296114470,Damau,367,19
4231,1768296114475,Durmawa,367,19
4232,1768296114479,Gargai,367,19
4233,1768296114484,Gwarmai,367,19
4234,1768296114488,Kofa,367,19
4235,1768296114493,Kuki,367,19
4236,1768296114497,Rahama,367,19
4237,1768296114501,Ranka,367,19
4238,1768296114506,Rantan,367,19
4239,1768296114510,Tariwa,367,19
4240,1768296114515,Wak,367,19
4241,1768296114519,Badume,368,19
4242,1768296114524,Bichi,368,19
4243,1768296114528,Danzabuwa,368,19
4244,1768296114533,Fagolo,368,19
4245,1768296114537,Kaukau,368,19
4246,1768296114541,Kwamarawa,368,19
4247,1768296114545,Kyalli,368,19
4248,1768296114550,Muntsira,368,19
4249,1768296114554,Saye,368,19
4250,1768296114558,Waire,368,19
4251,1768296114562,Yallami,368,19
4252,1768296114567,Barkum,369,19
4253,1768296114571,Bono,369,19
4254,1768296114575,Bunkure,369,19
4255,1768296114580,Chirin,369,19
4256,1768296114584,Gafan,369,19
4257,1768296114588,Gurjiya,369,19
4258,1768296114593,Gwamma,369,19
4259,1768296114597,Kulluwa,369,19
4260,1768296114601,Kumurya,369,19
4261,1768296114605,Sanda,369,19
4262,1768296114610,Adakawa,370,19
4263,1768296114614,"Bakin Ruwa",370,19
4264,1768296114618,Dala,370,19
4265,1768296114623,"Dogon Nama",370,19
4266,1768296114627,Gobirawa,370,19
4267,1768296114633,Gwammaja,370,19
4268,1768296114638,Kabuwaya,370,19
4269,1768296114643,Kantudu,370,19
4270,1768296114649,"Kofar Mazugal",370,19
4271,1768296114654,"Kofar Ruwa",370,19
4272,1768296114658,Madigawa,370,19
4273,1768296114662,Yalwa,370,19
4274,1768296114667,Ajumawa,371,19
4275,1768296114671,"Danbatta East",371,19
4276,1768296114675,"Danbatta West",371,19
4277,1768296114681,Fagwalawa,371,19
4278,1768296114686,"Goron Maje",371,19
4279,1768296114692,Gwanda,371,19
4280,1768296114697,Gwarabjawa,371,19
4281,1768296114701,Kore,371,19
4282,1768296114706,Saidawa,371,19
4283,1768296114710,Sansan,371,19
4284,1768296114715,"Dabar Kwari",372,19
4285,1768296114719,Danbagiwa,372,19
4286,1768296114723,Dawaki,372,19
4287,1768296114730,Dawakiji,372,19
4288,1768296114734,Dosan,372,19
4289,1768296114738,Gano,372,19
4290,1768296114743,Gurjiya,372,19
4291,1768296114747,Jido,372,19
4292,1768296114751,Tamburawa,372,19
4293,1768296114756,Tsakuwa,372,19
4294,1768296114760,"Unguwar Duniya",372,19
4295,1768296114765,Yanbarau,372,19
4296,1768296114770,Yankatsari,372,19
4297,1768296114774,Yargaya,372,19
4298,1768296114781,Zogarawa,372,19
4299,1768296114786,"Dan Guguwa",373,19
4300,1768296114790,"Dawaki East",373,19
4301,1768296114806,"Dawaki West",373,19
4302,1768296114810,Dawanau,373,19
4303,1768296114815,Ganduje,373,19
4304,1768296114819,Gargari,373,19
4305,1768296114823,Jalli,373,19
4306,1768296114827,Kwa,373,19
4307,1768296114832,Marke,373,19
4308,1768296114836,Tattarawa,373,19
4309,1768296114840,Tumfafi,373,19
4310,1768296114845,Dariya,374,19
4311,1768296114849,"Dogon Kawo",374,19
4312,1768296114853,Duguwa,374,19
4313,1768296114858,Falgore,374,19
4314,1768296114862,Maraku,374,19
4315,1768296114867,Ragada,374,19
4316,1768296114871,Ririwai,374,19
4317,1768296114875,Tagwaye,374,19
4318,1768296114880,"Unguwar Natsohuwa",374,19
4319,1768296114884,Zainabi,374,19
4320,1768296114888,"Fagge A",375,19
4321,1768296114892,"Fagge B",375,19
4322,1768296114896,"Fagge C",375,19
4323,1768296114900,"Fagge D",375,19
4324,1768296114904,"Fagge E",375,19
4325,1768296114909,Kwachiri,375,19
4326,1768296114913,"Rijiyar Lemo",375,19
4327,1768296114917,"Sabongari East",375,19
4328,1768296114922,"Sabongari West",375,19
4329,1768296114926,Yammata,375,19
4330,1768296114931,Gabasawa,376,19
4331,1768296114935,"Garun Danga",376,19
4332,1768296114940,Joda,376,19
4333,1768296114945,Karmaki,376,19
4334,1768296114949,Mekiya,376,19
4335,1768296114954,Tarauni,376,19
4336,1768296114958,"Yantar Arewwa",376,19
4337,1768296114963,"Yautar Kudu",376,19
4338,1768296114968,Yumbu,376,19
4339,1768296114974,Zakirai,376,19
4340,1768296114980,Zugachi,376,19
4341,1768296114987,Dal,377,19
4342,1768296114996,"Garin Ali",377,19
4343,1768296115001,Garko,377,19
4344,1768296115005,Gurjiya,377,19
4345,1768296115010,"Kafin Malamai",377,19
4346,1768296115014,Katumari,377,19
4347,1768296115019,Kwas,377,19
4348,1768296115023,Raba,377,19
4349,1768296115028,Sarina,377,19
4350,1768296115032,Zakarawa,377,19
4351,1768296115036,Chiromawa,378,19
4352,1768296115040,"Dorawar Sallau",378,19
4353,1768296115045,Fankurun,378,19
4354,1768296115049,"Garun Babba",378,19
4355,1768296115053,"Garun Malam",378,19
4356,1768296115057,Jobawa,378,19
4357,1768296115061,Kadawa,378,19
4358,1768296115066,Makwaro,378,19
4359,1768296115070,"Yad Akwari",378,19
4360,1768296115074,"Yalwan Yadakwari",378,19
4361,1768296115078,Balan,379,19
4362,1768296115083,Gamarya,379,19
4363,1768296115087,Gamoji,379,19
4364,1768296115094,"Gaya Arewa",379,19
4365,1768296115098,"Gaya Kudu",379,19
4366,1768296115102,Kademi,379,19
4367,1768296115106,Kazurawa,379,19
4368,1768296115110,Maimakawa,379,19
4369,1768296115114,Shagogo,379,19
4370,1768296115119,Wudilawa,379,19
4371,1768296115123,Babawa,380,19
4372,1768296115127,Gawo,380,19
4373,1768296115132,Gezawa,380,19
4374,1768296115136,Jogana,380,19
4375,1768296115140,Ketawa,380,19
4376,1768296115144,"Mesar Tudu",380,19
4377,1768296115149,"Sararin Gezawa",380,19
4378,1768296115153,"Tsamiya Babba",380,19
4379,1768296115157,Tumbau,380,19
4380,1768296115161,Wangara,380,19
4381,1768296115166,Zango,380,19
4382,1768296115170,Dandago,381,19
4383,1768296115174,Diso,381,19
4384,1768296115178,Dorayi,381,19
4385,1768296115182,Galadanchi,381,19
4386,1768296115186,"Goron Dutse",381,19
4387,1768296115190,Gwale,381,19
4388,1768296115194,Gyaranya,381,19
4389,1768296115198,Kabuga,381,19
4390,1768296115203,Mandawari,381,19
4391,1768296115207,"Sani Mai Magge",381,19
4392,1768296115211,Getso,382,19
4393,1768296115215,Gwarzo,382,19
4394,1768296115219,"Jama A",382,19
4395,1768296115224,Kara,382,19
4396,1768296115228,Kutama,382,19
4397,1768296115232,Lakwaya,382,19
4398,1768296115236,Madadi,382,19
4399,1768296115240,Mainika,382,19
4400,1768296115244,"Sabon Birni",382,19
4401,1768296115259,"Unguwar Tudu",382,19
4402,1768296115263,Dugabau,383,19
4403,1768296115267,Durun,383,19
4404,1768296115272,Gammo,383,19
4405,1768296115276,Garo,383,19
4406,1768296115280,Godiya,383,19
4407,1768296115284,Gude,383,19
4408,1768296115288,Hauwade,383,19
4409,1768296115293,Kabo,383,19
4410,1768296115298,Kanwa,383,19
4411,1768296115303,Masanawa,383,19
4412,1768296115307,Chedi,384,19
4413,1768296115311,"Dan Agundi",384,19
4414,1768296115316,"Gandun Albasa",384,19
4415,1768296115320,Jakara,384,19
4416,1768296115324,Kankarofi,384,19
4417,1768296115329,Shahuchi,384,19
4418,1768296115333,Sharada,384,19
4419,1768296115337,Sheshe,384,19
4420,1768296115342,"Tudun Nufawa",384,19
4421,1768296115346,"Tudun Wazirchi",384,19
4422,1768296115350,Yakasai,384,19
4423,1768296115354,Zaitawa,384,19
4424,1768296115359,Zango,384,19
4425,1768296115363,Daura,385,19
4426,1768296115367,"Kafin Dafga",385,19
4427,1768296115371,Karaye,385,19
4428,1768296115375,Kurugu,385,19
4429,1768296115379,Kwanyawa,385,19
4430,1768296115386,"Tudun Kaya",385,19
4431,1768296115390,Turawa,385,19
4432,1768296115395,"Unguwar Hajji",385,19
4433,1768296115399,Yammedi,385,19
4434,1768296115403,Yola,385,19
4435,1768296115407,Durba,386,19
4436,1768296115412,Fammar,386,19
4437,1768296115416,Fassi,386,19
4438,1768296115420,Kadigawa,386,19
4439,1768296115424,Kahu,386,19
4440,1768296115428,"Kibiya I",386,19
4441,1768296115433,"Kibiya II",386,19
4442,1768296115437,Nariya,386,19
4443,1768296115442,Tarai,386,19
4444,1768296115447,"Unguwar Gai",386,19
4445,1768296115453,"Ba Awa",387,19
4446,1768296115457,Badafi,387,19
4447,1768296115463,Bargoni,387,19
4448,1768296115468,Bauda,387,19
4449,1768296115473,Dangora,387,19
4450,1768296115478,Dansohiya,387,19
4451,1768296115482,Dashi,387,19
4452,1768296115486,Galadimawa,387,19
4453,1768296115490,Kiru,387,19
4454,1768296115494,Kogo,387,19
4455,1768296115499,Maraku,387,19
4456,1768296115503,Tsaudawa,387,19
4457,1768296115507,Yako,387,19
4458,1768296115512,Yalwa,387,19
4459,1768296115516,Zuwo,387,19
4460,1768296115520,Challawa,388,19
4461,1768296115524,Chiranchi,388,19
4462,1768296115529,Danbare,388,19
4463,1768296115533,Danmaliki,388,19
4464,1768296115537,Guringawa,388,19
4465,1768296115541,Kumbotso,388,19
4466,1768296115546,"Kureken Sani",388,19
4467,1768296115550,Mariri,388,19
4468,1768296115554,"Na Ibawa",388,19
4469,1768296115558,Panshekara,388,19
4470,1768296115563,"Unguwar Rimi",388,19
4471,1768296115567,Bumai,389,19
4472,1768296115571,"Garin Sheme",389,19
4473,1768296115575,Gwarmai,389,19
4474,1768296115579,"Kasuwar Kuka",389,19
4475,1768296115584,Kunchi,389,19
4476,1768296115588,"Matan Fada",389,19
4477,1768296115592,Ridawa,389,19
4478,1768296115596,Shamakawa,389,19
4479,1768296115600,Shuwaki,389,19
4480,1768296115604,Yandadi,389,19
4481,1768296115608,Dalili,390,19
4482,1768296115613,"Dan Hassan",390,19
4483,1768296115618,Dukawa,390,19
4484,1768296115622,Gundutse,390,19
4485,1768296115626,Karfi,390,19
4486,1768296115631,Kosawa,390,19
4487,1768296115635,Kura,390,19
4488,1768296115639,Kurunsumau,390,19
4489,1768296115643,"Rigar Duka",390,19
4490,1768296115647,Tanawa,390,19
4491,1768296115652,Burji,391,19
4492,1768296115656,Cinkoso,391,19
4493,1768296115661,Galinja,391,19
4494,1768296115665,Gora,391,19
4495,1768296115670,"Kafin Agur",391,19
4496,1768296115674,Kanwa,391,19
4497,1768296115678,"Kaura Mata",391,19
4498,1768296115683,Kubaraci,391,19
4499,1768296115687,Kwankwaso,391,19
4500,1768296115691,Madobi,391,19
4501,1768296115710,Rikadawa,391,19
4502,1768296115715,Yakun,391,19
4503,1768296115719,"Babbar Riga",392,19
4504,1768296115723,Durma,392,19
4505,1768296115728,Jibga,392,19
4506,1768296115732,Kadandani,392,19
4507,1768296115736,Koguna,392,19
4508,1768296115741,"Koren Tatso",392,19
4509,1768296115745,Maitsidau,392,19
4510,1768296115750,Makoda,392,19
4511,1768296115754,Satame,392,19
4512,1768296115760,Tangaji,392,19
4513,1768296115766,Wailare,392,19
4514,1768296115771,Azore,393,19
4515,1768296115775,Gandurwawa,393,19
4516,1768296115780,Kantama,393,19
4517,1768296115785,Kunya,393,19
4518,1768296115789,Kuru,393,19
4519,1768296115795,Kwarkiya,393,19
4520,1768296115800,Minjibir,393,19
4521,1768296115804,Sarbi,393,19
4522,1768296115809,Tsakiya,393,19
4523,1768296115814,Tsakuwa,393,19
4524,1768296115819,Wasai,393,19
4525,1768296115823,Dakata,394,19
4526,1768296115828,Gama,394,19
4527,1768296115833,Gawuna,394,19
4528,1768296115838,Giginyu,394,19
4529,1768296115842,Gwagwarwa,394,19
4530,1768296115847,"Hotoro North",394,19
4531,1768296115852,"Hotoro South",394,19
4532,1768296115856,"Kaura Goje",394,19
4533,1768296115861,Kawaji,394,19
4534,1768296115866,"Tudun Murtala",394,19
4535,1768296115871,"Tudun Wada",394,19
4536,1768296115876,Dawaki,395,19
4537,1768296115882,Lausu,395,19
4538,1768296115887,Madachi,395,19
4539,1768296115892,Rano,395,19
4540,1768296115896,"Rurum Sabon Gari",395,19
4541,1768296115900,"Rurum Tsohon Gari",395,19
4542,1768296115904,Saji,395,19
4543,1768296115909,Yalwa,395,19
4544,1768296115913,Zinyau,395,19
4545,1768296115918,Zurgu,395,19
4546,1768296115922,"Butu Butu",396,19
4547,1768296115926,"Dawaki Gulu",396,19
4548,1768296115931,"Doka Dawa",396,19
4549,1768296115935,Dugurawa,396,19
4550,1768296115940,Gulu,396,19
4551,1768296115944,Jili,396,19
4552,1768296115949,"Karofin Yashi",396,19
4553,1768296115955,"Rimin Gado",396,19
4554,1768296115959,Sakaratsa,396,19
4555,1768296115964,Tamawa,396,19
4556,1768296115969,"Yalwan Danziyal",396,19
4557,1768296115973,"Zango Dan Abdu",396,19
4558,1768296115978,Beli,397,19
4559,1768296115983,Falgore,397,19
4560,1768296115988,Fulatan,397,19
4561,1768296115992,Gwangwan,397,19
4562,1768296115997,Jajaye,397,19
4563,1768296116001,"Rogo Ruma",397,19
4564,1768296116006,"Rogo Sabon Gari",397,19
4565,1768296116010,"Ruwan Bago",397,19
4566,1768296116015,Zarewa,397,19
4567,1768296116019,Zoza,397,19
4568,1768296116023,Alajawa,398,19
4569,1768296116028,"Dutsen Bakoshi",398,19
4570,1768296116036,Faruruwa,398,19
4571,1768296116041,"Goron Dutse",398,19
4572,1768296116045,Kadamu,398,19
4573,1768296116049,Kokiya,398,19
4574,1768296116054,Leni,398,19
4575,1768296116058,Shakogi,398,19
4576,1768296116063,Shanono,398,19
4577,1768296116067,Tsaure,398,19
4578,1768296116072,Gala,399,19
4579,1768296116076,Gani,399,19
4580,1768296116083,Garfa,399,19
4581,1768296116088,Gediya,399,19
4582,1768296116093,Kanawa,399,19
4583,1768296116098,Magami,399,19
4584,1768296116103,Masu,399,19
4585,1768296116108,Rimi,399,19
4586,1768296116112,Rumo,399,19
4587,1768296116117,Sitti,399,19
4588,1768296116121,Sumaila,399,19
4589,1768296116125,Bagwaro,400,19
4590,1768296116130,Durbunde,400,19
4591,1768296116134,Fajewa,400,19
4592,1768296116139,Falali,400,19
4593,1768296116143,Faruruwa,400,19
4594,1768296116147,Kachako,400,19
4595,1768296116151,Karfi,400,19
4596,1768296116156,Kuka,400,19
4597,1768296116160,Takai,400,19
4598,1768296116164,Zuga,400,19
4599,1768296116169,"Babban Giji",401,19
4600,1768296116173,Darmanawa,401,19
4601,1768296116189,Daurawa,401,19
4602,1768296116194,"Gyadi Gyadi Arewa",401,19
4603,1768296116198,"Gyadi Gyadi Kudu",401,19
4604,1768296116203,"Hotoro Nnpc",401,19
4605,1768296116207,"Kauyen Alu",401,19
4606,1768296116212,Tarauni,401,19
4607,1768296116216,"Unguwa Uku",401,19
4608,1768296116221,"Unguwar Gano",401,19
4609,1768296116225,Dindere,402,19
4610,1768296116229,Doka,402,19
4611,1768296116234,Gajida,402,19
4612,1768296116238,Ginsawa,402,19
4613,1768296116242,Janguza,402,19
4614,1768296116247,"Jauben Kudu",402,19
4615,1768296116251,Kwami,402,19
4616,1768296116255,Lambu,402,19
4617,1768296116260,Langel,402,19
4618,1768296116264,Tofa,402,19
4619,1768296116268,"Unguwar Rimi",402,19
4620,1768296116272,Wangara,402,19
4621,1768296116277,"Yalwa Karama",402,19
4622,1768296116281,Yanoko,402,19
4623,1768296116285,Yarimawa,402,19
4624,1768296116289,Daddarawa,403,19
4625,1768296116294,Dunbulun,403,19
4626,1768296116298,Gozaki,403,19
4627,1768296116302,Gurun,403,19
4628,1768296116307,Kabagiwa,403,19
4629,1768296116311,Tatsan,403,19
4630,1768296116315,Tsanyawa,403,19
4631,1768296116319,Yanganau,403,19
4632,1768296116323,Yankamaye,403,19
4633,1768296116327,Zarogi,403,19
4634,1768296116332,Baburi,404,19
4635,1768296116336,Burumburum,404,19
4636,1768296116343,Dalawa,404,19
4637,1768296116347,Jandutse,404,19
4638,1768296116351,Jita,404,19
4639,1768296116356,Karefa,404,19
4640,1768296116361,"Nata Ala",404,19
4641,1768296116365,"Sabon Gari",404,19
4642,1768296116370,Shuwaki,404,19
4643,1768296116375,Tsohogari,404,19
4644,1768296116379,Yaryasa,404,19
4645,1768296116384,Bachirawa,405,19
4646,1768296116391,Gayawa,405,19
4647,1768296116395,Kadawa,405,19
4648,1768296116400,Karo,405,19
4649,1768296116404,Panisau,405,19
4650,1768296116409,Rangaza,405,19
4651,1768296116413,"Rijiyar Zaki",405,19
4652,1768296116418,"Tudun Fulani",405,19
4653,1768296116422,Ungogo,405,19
4654,1768296116427,Yadakunya,405,19
4655,1768296116431,Zango,405,19
4656,1768296116436,Amarawa,406,19
4657,1768296116440,Danlasan,406,19
4658,1768296116445,"Garin Dau",406,19
4659,1768296116449,Gogel,406,19
4660,1768296116453,Imawa,406,19
4661,1768296116457,"J Galadima",406,19
4662,1768296116461,Jemagu,406,19
4663,1768296116465,Jigawa,406,19
4664,1768296116470,Katarkawa,406,19
4665,1768296116474,"Madari Mata",406,19
4666,1768296116478,"Tamburawar Gabas",406,19
4667,1768296116482,Tangar,406,19
4668,1768296116486,Warawa,406,19
4669,1768296116491,"Yan Dalla",406,19
4670,1768296116495,Yangizo,406,19
4671,1768296116499,Achika,407,19
4672,1768296116504,Dagumawa,407,19
4673,1768296116508,Dankaza,407,19
4674,1768296116512,Darki,407,19
4675,1768296116517,Indabo,407,19
4676,1768296116521,Kausani,407,19
4677,1768296116527,Lajawa,407,19
4678,1768296116531,"Sabon Gari",407,19
4679,1768296116536,Utai,407,19
4680,1768296116540,Wudil,407,19
4681,1768296116545,"Bakori A",408,20
4682,1768296116550,"Bakori B",408,20
4683,1768296116554,"Barde Kwantakwaran",408,20
4684,1768296116559,"Dawan Musa",408,20
4685,1768296116564,Guga,408,20
4686,1768296116569,Jargaba,408,20
4687,1768296116573,Kabomo,408,20
4688,1768296116578,Kakumi,408,20
4689,1768296116582,Kandarawa,408,20
4690,1768296116586,"Kurami Yankwani",408,20
4691,1768296116591,Tsiga,408,20
4692,1768296116595,Ajiwa,409,20
4693,1768296116600,Bakiyawa,409,20
4694,1768296116604,Barawa,409,20
4695,1768296116609,"Batagarawa A",409,20
4696,1768296116613,"Batagarawa B",409,20
4697,1768296116618,Dandagoro,409,20
4698,1768296116622,Jino,409,20
4699,1768296116626,Kayauki,409,20
4700,1768296116630,Tsanni,409,20
4701,1768296116649,Yargamji,409,20
4702,1768296116654,"Abadau Kagara",410,20
4703,1768296116658,Batsari,410,20
4704,1768296116663,"Dan Alh Yangaiya",410,20
4705,1768296116668,"Darini Magaji Abu",410,20
4706,1768296116673,Kandawa,410,20
4707,1768296116677,Karare,410,20
4708,1768296116682,Madogara,410,20
4709,1768296116686,Manawa,410,20
4710,1768296116690,Ruma,410,20
4711,1768296116694,Wagini,410,20
4712,1768296116699,"Yauyau Mallamawa",410,20
4713,1768296116703,Agala,411,20
4714,1768296116707,"Babban Mutum",411,20
4715,1768296116712,Baure,411,20
4716,1768296116716,Garki,411,20
4717,1768296116720,Hui,411,20
4718,1768296116725,"Kagara Faski",411,20
4719,1768296116729,"Mai Bara",411,20
4720,1768296116733,Muduri,411,20
4721,1768296116738,"Taramnawa Bare",411,20
4722,1768296116742,"Unguwar Rai",411,20
4723,1768296116746,Yanduna,411,20
4724,1768296116751,Yanmaulu,411,20
4725,1768296116755,Baure,412,20
4726,1768296116760,Bindawa,412,20
4727,1768296116766,Doro,412,20
4728,1768296116771,"Faru Dallaji",412,20
4729,1768296116776,Gaiwa,412,20
4730,1768296116780,Giremawa,412,20
4731,1768296116785,"Jibawa R Bade",412,20
4732,1768296116789,Kamri,412,20
4733,1768296116794,Shibdawa,412,20
4734,1768296116798,"Tama Daye",412,20
4735,1768296116803,Yangora,412,20
4736,1768296116808,Banye,413,20
4737,1768296116813,Charanchi,413,20
4738,1768296116817,Doka,413,20
4739,1768296116823,Ganuwa,413,20
4740,1768296116828,Koda,413,20
4741,1768296116833,Kuraye,413,20
4742,1768296116839,"Majen Wayya",413,20
4743,1768296116844,Radda,413,20
4744,1768296116850,Safana,413,20
4745,1768296116855,Tsakatsa,413,20
4746,1768296116860,"Dan Ali",414,20
4747,1768296116865,"Dan Alkima",414,20
4748,1768296116870,"Dan Musa A",414,20
4749,1768296116876,"Dan Musa B",414,20
4750,1768296116881,"Dandire B",414,20
4751,1768296116886,"Dandire A",414,20
4752,1768296116891,"Mai Dabino A",414,20
4753,1768296116897,"Mai Dabino B",414,20
4754,1768296116901,Mara,414,20
4755,1768296116906,"Yan Tumaki A",414,20
4756,1768296116910,"Yan Tumaki B",414,20
4757,1768296116915,"Dandume A",415,20
4758,1768296116920,"Dandume B",415,20
4759,1768296116925,Dantankari,415,20
4760,1768296116929,"Magaji Wando A",415,20
4761,1768296116934,"Magaji Wando B",415,20
4762,1768296116939,"Mahuta A",415,20
4763,1768296116944,"Mahuta B",415,20
4764,1768296116949,"Mahuta C",415,20
4765,1768296116953,Nasarawa,415,20
4766,1768296116958,"Tumburkai A",415,20
4767,1768296116963,"Tumburkai B",415,20
4768,1768296116968,Dabai,416,20
4769,1768296116972,"Danja A",416,20
4770,1768296116977,"Danja B",416,20
4771,1768296116981,Jiba,416,20
4772,1768296116985,"Kahutu A",416,20
4773,1768296116990,"Kahutu B",416,20
4774,1768296116994,Tandama,416,20
4775,1768296117002,Tsangamawa,416,20
4776,1768296117006,"Yakaji A",416,20
4777,1768296117011,"Yakaji B",416,20
4778,1768296117015,Kusugu,417,20
4779,1768296117020,"Madobi A",417,20
4780,1768296117024,"Madobi B",417,20
4781,1768296117029,"Mazoji A",417,20
4782,1768296117033,"Mazoji B",417,20
4783,1768296117038,"Sabon Gari",417,20
4784,1768296117042,"Sarkin Yara A",417,20
4785,1768296117047,"Sarkin Yara B",417,20
4786,1768296117051,"Tudun Wada",417,20
4787,1768296117057,"Ubandawaki A",417,20
4788,1768296117061,"Unbadawaki B",417,20
4789,1768296117066,"Dan Aunai",418,20
4790,1768296117070,"Dutsi A",418,20
4791,1768296117075,"Dutsi B",418,20
4792,1768296117080,Kayawa,418,20
4793,1768296117086,"Ruwankaya A",418,20
4794,1768296117091,"Ruwankaya B",418,20
4795,1768296117096,"Sirika A",418,20
4796,1768296117105,"Sirika B",418,20
4797,1768296117111,"Yamel A",418,20
4798,1768296117118,"Yamel B",418,20
4799,1768296117123,Bagagadi,419,20
4800,1768296117129,Dabawa,419,20
4801,1768296117149,"Dutsin Ma A",419,20
4802,1768296117154,"Dutsin Ma B",419,20
4803,1768296117159,"Karofi A",419,20
4804,1768296117166,"Karofi B",419,20
4805,1768296117171,"Kuki A",419,20
4806,1768296117176,"Kuki B",419,20
4807,1768296117182,Kutawa,419,20
4808,1768296117186,Makera,419,20
4809,1768296117191,Shema,419,20
4810,1768296117196,Daudawa,420,20
4811,1768296117200,Faskari,420,20
4812,1768296117205,Maigora,420,20
4813,1768296117209,Mairuwa,420,20
4814,1768296117213,"Ruwan Godiya",420,20
4815,1768296117218,"Sabonlayi Galadima",420,20
4816,1768296117222,Sheme,420,20
4817,1768296117226,Tafoki,420,20
4818,1768296117231,Yankara,420,20
4819,1768296117237,Yarmalamai,420,20
4820,1768296117242,Dandutse,421,20
4821,1768296117246,Dukke,421,20
4822,1768296117252,Goya,421,20
4823,1768296117257,"Mai Gamji",421,20
4824,1768296117261,Makera,421,20
4825,1768296117267,Maska,421,20
4826,1768296117272,"Sabon Gari",421,20
4827,1768296117276,"Tudun Iya",421,20
4828,1768296117280,"Ung Ibrahim",421,20
4829,1768296117284,"Unguwar Musa",421,20
4830,1768296117289,"Unguwar Rabiu",421,20
4831,1768296117293,Agayawa,422,20
4832,1768296117297,"Bareruwa Ruruma",422,20
4833,1768296117302,"Bidore Yaya",422,20
4834,1768296117306,Dara,422,20
4835,1768296117310,"Daunaka B Kwari",422,20
4836,1768296117315,Dugul,422,20
4837,1768296117319,Ingawa,422,20
4838,1768296117323,"Jobe Kandawa",422,20
4839,1768296117328,"Kurfeji Yankaura",422,20
4840,1768296117332,"Manomawa Kafi",422,20
4841,1768296117342,Yandoma,422,20
4842,1768296117347,Bugaje,423,20
4843,1768296117351,Farfaru,423,20
4844,1768296117356,Faru,423,20
4845,1768296117360,"G Baure Mallamawa",423,20
4846,1768296117365,Gangara,423,20
4847,1768296117369,"Jibia A",423,20
4848,1768296117373,"Jibia B",423,20
4849,1768296117379,Kusa,423,20
4850,1768296117384,"Mazanya Magama",423,20
4851,1768296117388,Riko,423,20
4852,1768296117392,Yangaiya,423,20
4853,1768296117397,Dantutture,424,20
4854,1768296117401,"Dutsin Kura Kanya",424,20
4855,1768296117406,Gamzago,424,20
4856,1768296117410,Gozaki,424,20
4857,1768296117414,Kafur,424,20
4858,1768296117419,Mahuta,424,20
4859,1768296117423,Masari,424,20
4860,1768296117427,"Sabuwar Kasa",424,20
4861,1768296117431,"Yari Bori",424,20
4862,1768296117436,"Yartalata Rigoji",424,20
4863,1768296117440,Abdallawa,425,20
4864,1768296117444,Baawa,425,20
4865,1768296117449,Dankaba,425,20
4866,1768296117454,Dankama,425,20
4867,1768296117459,Gafiya,425,20
4868,1768296117463,Girka,425,20
4869,1768296117468,Kaita,425,20
4870,1768296117473,Matsai,425,20
4871,1768296117477,Yandaki,425,20
4872,1768296117482,Yanhoho,425,20
4873,1768296117486,Burdugau,426,20
4874,1768296117490,"Dan Murabu",426,20
4875,1768296117494,"Dan Maidaki",426,20
4876,1768296117498,Garagi,426,20
4877,1768296117502,"Gatakawa S Gari Mabai",426,20
4878,1768296117507,Hurya,426,20
4879,1768296117511,"Kankara A B",426,20
4880,1768296117515,Kukasheka,426,20
4881,1768296117520,"Pauwa A B",426,20
4882,1768296117524,"Wawar Kaza",426,20
4883,1768296117529,"Zango Zabaro",426,20
4884,1768296117533,Gachi,427,20
4885,1768296117538,"Galadima A",427,20
4886,1768296117542,"Galadima B",427,20
4887,1768296117546,"Kafin Dangi Fakuwa",427,20
4888,1768296117550,Kafinsoli,427,20
4889,1768296117554,"Kunduru Gyaza",427,20
4890,1768296117559,"Magam Tsa",427,20
4891,1768296117563,Rimaye,427,20
4892,1768296117567,Sukuntuni,427,20
4893,1768296117573,"Tafashiya Nasarawa",427,20
4894,1768296117577,Kangiwa,428,20
4895,1768296117581,"Shinkafi A",428,20
4896,1768296117586,"Shinkafi B",428,20
4897,1768296117590,"Wakili Kudu III",428,20
4898,1768296117595,"Wakilin Arewa A",428,20
4899,1768296117600,"Wakilin Arewa B",428,20
4900,1768296117604,"Wakilin Gabas I",428,20
4901,1768296117622,"Wakilin Gabas II",428,20
4902,1768296117627,"Wakilin Kudu I",428,20
4903,1768296117632,"Wakilin Kudu II",428,20
4904,1768296117636,"Wakilin Yamma 1",428,20
4905,1768296117642,"Wakilin Yamma 1I",428,20
4906,1768296117647,Barkiyya,429,20
4907,1768296117655,Birchi,429,20
4908,1768296117660,"Kurfi A",429,20
4909,1768296117664,"Kurfi B",429,20
4910,1768296117668,"Rawayau A",429,20
4911,1768296117673,"Rawayau B",429,20
4912,1768296117677,"Tsauri A",429,20
4913,1768296117681,"Tsauri B",429,20
4914,1768296117685,"Wurma A",429,20
4915,1768296117689,"Wurma B",429,20
4916,1768296117694,"Bauranya A",430,20
4917,1768296117698,"Bauranya B",430,20
4918,1768296117702,Boko,430,20
4919,1768296117706,Dudunni,430,20
4920,1768296117711,Kaikai,430,20
4921,1768296117716,Kofa,430,20
4922,1768296117720,Kusada,430,20
4923,1768296117725,Mawashi,430,20
4924,1768296117729,"Yashe A",430,20
4925,1768296117734,"Yashe B",430,20
4926,1768296117738,"Bumbum A",431,20
4927,1768296117743,"Bumbum B",431,20
4928,1768296117747,Danyashe,431,20
4929,1768296117752,Koza,431,20
4930,1768296117756,"Mai Koni A",431,20
4931,1768296117761,"Mai Koni B",431,20
4932,1768296117767,"Mai Adua A",431,20
4933,1768296117772,"Mai Adua B",431,20
4934,1768296117778,"Mai Adua C",431,20
4935,1768296117782,Natsalle,431,20
4936,1768296117787,"Borin Dawa",432,20
4937,1768296117792,Dansarai,432,20
4938,1768296117797,Dayi,432,20
4939,1768296117802,"Gorar Dansaka",432,20
4940,1768296117806,Karfi,432,20
4941,1768296117810,Makaurachi,432,20
4942,1768296117815,"Malum Fashi A",432,20
4943,1768296117819,"Malum Fashi B",432,20
4944,1768296117823,"Na Alma",432,20
4945,1768296117828,"Rawan Sanyi",432,20
4946,1768296117832,Yaba,432,20
4947,1768296117837,Yarmama,432,20
4948,1768296117841,Bagiwa,433,20
4949,1768296117845,"Bujawa Gewayau",433,20
4950,1768296117850,"Duwan Makau",433,20
4951,1768296117855,Hamcheta,433,20
4952,1768296117860,Jani,433,20
4953,1768296117864,Kwatta,433,20
4954,1768296117869,Machika,433,20
4955,1768296117873,Magami,433,20
4956,1768296117878,Mani,433,20
4957,1768296117883,Muduru,433,20
4958,1768296117887,"Tsagem Takusheyi",433,20
4959,1768296117891,Bamble,434,20
4960,1768296117896,"Doguru A",434,20
4961,1768296117900,"Doguru B",434,20
4962,1768296117905,Gallu,434,20
4963,1768296117911,Jigawa,434,20
4964,1768296117916,Karau,434,20
4965,1768296117921,Mashi,434,20
4966,1768296117925,"S Rijiya",434,20
4967,1768296117933,Sonkaya,434,20
4968,1768296117937,"Tamilo A",434,20
4969,1768296117942,"Tamilo B",434,20
4970,1768296117946,Dissi,435,20
4971,1768296117951,Gwarjo,435,20
4972,1768296117955,Karaduwa,435,20
4973,1768296117960,Kogari,435,20
4974,1768296117964,"Matazu A",435,20
4975,1768296117968,"Matazu B",435,20
4976,1768296117973,"Mazoji A",435,20
4977,1768296117980,"Mazoji B",435,20
4978,1768296117988,"Rinjin Idi",435,20
4979,1768296117993,Sayaya,435,20
4980,1768296117997,Dangani,436,20
4981,1768296118003,"Danjanku Karachi",436,20
4982,1768296118012,Garu,436,20
4983,1768296118016,Gingin,436,20
4984,1768296118020,Jikamshi,436,20
4985,1768296118025,Kira,436,20
4986,1768296118029,"Kurkujan A",436,20
4987,1768296118033,"Kurkujan B",436,20
4988,1768296118038,Musawa,436,20
4989,1768296118042,Tuge,436,20
4990,1768296118046,"Yaradau Tabanni",436,20
4991,1768296118050,Abukur,437,20
4992,1768296118054,Fardami,437,20
4993,1768296118059,Kadandani,437,20
4994,1768296118063,Majengobir,437,20
4995,1768296118068,Makurda,437,20
4996,1768296118072,"Masabo Kurabau",437,20
4997,1768296118076,"Remawa Iyatawa",437,20
4998,1768296118081,Rimi,437,20
4999,1768296118085,"Sabon Garin Alarain",437,20
5000,1768296118089,Tsagero,437,20
5001,1768296118106,Damari,438,20
5002,1768296118110,"Dugun Mu Azu",438,20
5003,1768296118115,Gamji,438,20
5004,1768296118120,Gazari,438,20
5005,1768296118124,Machika,438,20
5006,1768296118128,Maibakko,438,20
5007,1768296118133,"Rafin Iwa",438,20
5008,1768296118138,"Sabuwa A",438,20
5009,1768296118142,"Sabuwa B",438,20
5010,1768296118147,Sayau,438,20
5011,1768296118151,"Babban Duhu A",439,20
5012,1768296118156,"Babban Duhu B",439,20
5013,1768296118161,"Baure A",439,20
5014,1768296118166,"Baure B",439,20
5015,1768296118171,"Runka A",439,20
5016,1768296118175,"Runka B",439,20
5017,1768296118180,Safana,439,20
5018,1768296118184,Tsaskiya,439,20
5019,1768296118188,"Zakka A",439,20
5020,1768296118193,"Zakka B",439,20
5021,1768296118197,"Daneji A",440,20
5022,1768296118201,"Daneji B",440,20
5023,1768296118206,"Fago A",440,20
5024,1768296118212,"Fago B",440,20
5025,1768296118217,Kagare,440,20
5026,1768296118221,Karkarku,440,20
5027,1768296118226,Katsayal,440,20
5028,1768296118230,Kwasarawa,440,20
5029,1768296118235,"Rade A",440,20
5030,1768296118240,"Rade B",440,20
5031,1768296118245,Sandamu,440,20
5032,1768296118249,Dargage,441,20
5033,1768296118253,Garni,441,20
5034,1768296118258,Gwamba,441,20
5035,1768296118262,Kanda,441,20
5036,1768296118267,"Kawarin Kudi",441,20
5037,1768296118272,"Kawarin Malawamai",441,20
5038,1768296118276,"Rogogo Cidari",441,20
5039,1768296118281,Sara,441,20
5040,1768296118287,Yardaje,441,20
5041,1768296118291,Zango,441,20
5042,1768296118295,"Aliero Dangaladima I",442,21
5043,1768296118299,"Aliero Dangaladima II",442,21
5044,1768296118304,"Aliero S Fada I",442,21
5045,1768296118308,"Aliero S Fada II",442,21
5046,1768296118312,Danwarai,442,21
5047,1768296118316,"Jiga Birni",442,21
5048,1768296118325,"Jiga Makera",442,21
5049,1768296118331,"Kashin Zama",442,21
5050,1768296118336,"Rafin Bauna",442,21
5051,1768296118341,Sabiyal,442,21
5052,1768296118347,Biu,443,21
5053,1768296118352,Chibike,443,21
5054,1768296118358,"Daura Sakkwabe Jarkuka",443,21
5055,1768296118364,Falde,443,21
5056,1768296118369,"Feske Jaffeji",443,21
5057,1768296118375,"Gorun Dikko",443,21
5058,1768296118382,"Gumumdai Rafin Tsaka",443,21
5059,1768296118388,Kangiwa,443,21
5060,1768296118394,"Laima Jantullu",443,21
5061,1768296118399,"Sarka Dantsoho",443,21
5062,1768296118404,Yeldu,443,21
5063,1768296118408,"Alwasa Gotomo",444,21
5064,1768296118413,Dikko,444,21
5065,1768296118417,Felande,444,21
5066,1768296118422,Galadima,444,21
5067,1768296118427,Gulma,444,21
5068,1768296118432,"Gwazange Kisawa U Gyaga",444,21
5069,1768296118438,"Kokani North",444,21
5070,1768296118443,"Kokani South",444,21
5071,1768296118448,Lailaba,444,21
5072,1768296118453,"Sauwa Kaurar Sani",444,21
5073,1768296118460,"Tungar Zazzagawa Rumbuki Sarkawa",444,21
5074,1768296118464,"Augie North",445,21
5075,1768296118469,"Augie South",445,21
5076,1768296118473,"Bagaye Mera",445,21
5077,1768296118479,"Bayawa North",445,21
5078,1768296118484,"Bayawa South",445,21
5079,1768296118489,"Birnin Tudu Gudale",445,21
5080,1768296118495,Bubuce,445,21
5081,1768296118499,"Dundaye Kwaido Zagi Illela",445,21
5082,1768296118503,"Tiggi Awade",445,21
5083,1768296118507,Yola,445,21
5084,1768296118512,"Bagudo Tuga",446,21
5085,1768296118516,"Bahindi Boki Doma",446,21
5086,1768296118520,"Bani Tsamiya Kali",446,21
5087,1768296118524,"Illo Sabon Gari Yantau",446,21
5088,1768296118529,"Kaoje Gwamba",446,21
5089,1768296118533,"Kende Kurgu",446,21
5090,1768296118537,"Lafagu Gante",446,21
5091,1768296118542,"Lolo Giris",446,21
5092,1768296118546,"Matsinka Geza",446,21
5093,1768296118550,"Sharabi Kwanguwai",446,21
5094,1768296118555,"Zagga Kwasara",446,21
5095,1768296118559,Ambursa,447,21
5096,1768296118563,"Birnin Kebbi Dangaladima",447,21
5097,1768296118568,"Birnin Kebbi Mafara",447,21
5098,1768296118573,Gawasu,447,21
5099,1768296118579,Godongaji,447,21
5100,1768296118583,Gulumbe,447,21
5101,1768296118599,"Kardi Yamama",447,21
5102,1768296118604,"Kola Tarasa",447,21
5103,1768296118609,Laga,447,21
5104,1768296118613,Makera,447,21
5105,1768296118618,"Maurida Karyo Ung Mijin Nana",447,21
5106,1768296118622,"Nassarawa I",447,21
5107,1768296118627,"Nassarawa II",447,21
5108,1768296118631,Ujariyo,447,21
5109,1768296118636,Zauro,447,21
5110,1768296118640,"Bunza Dangaladima",448,21
5111,1768296118644,"Bunza Marafa",448,21
5112,1768296118648,Gwade,448,21
5113,1768296118653,Maidahini,448,21
5114,1768296118660,Raha,448,21
5115,1768296118665,"Sabon Birni",448,21
5116,1768296118669,Salwai,448,21
5117,1768296118674,"Tilli Hilema",448,21
5118,1768296118679,Tunga,448,21
5119,1768296118683,Zogrima,448,21
5120,1768296118687,"Bani Zumbu",449,21
5121,1768296118691,Buma,449,21
5122,1768296118696,Dolekaina,449,21
5123,1768296118700,Fana,449,21
5124,1768296118705,Geza,449,21
5125,1768296118709,"Kamba Kamba",449,21
5126,1768296118713,Kwakkwaba,449,21
5127,1768296118718,Kyangakwai,449,21
5128,1768296118722,Maigwaza,449,21
5129,1768296118726,Maihausawa,449,21
5130,1768296118730,Shiko,449,21
5131,1768296118734,Bajida,450,21
5132,1768296118739,"Bangu Garinisa",450,21
5133,1768296118743,"Birnin Tudu",450,21
5134,1768296118748,"Fakai Zussun",450,21
5135,1768296118752,"Gulbin Kuka Maijarhula",450,21
5136,1768296118757,"Inga Bulu Maikende",450,21
5137,1768296118762,Kangi,450,21
5138,1768296118766,Mahuta,450,21
5139,1768296118771,Marafa,450,21
5140,1768296118775,"Penin Amana Penin Gaba",450,21
5141,1768296118779,"Cheberu Bada",451,21
5142,1768296118784,Dalijan,451,21
5143,1768296118788,Dodoru,451,21
5144,1768296118793,Gulmare,451,21
5145,1768296118797,"Gwandu Marafa",451,21
5146,1768296118801,"Gwandu Sarkin Fawa",451,21
5147,1768296118807,Kambaza,451,21
5148,1768296118811,Malisa,451,21
5149,1768296118816,Maruda,451,21
5150,1768296118821,"Masama Kwasgara",451,21
5151,1768296118825,"Alelu Gehuru",452,21
5152,1768296118830,Dangamaji,452,21
5153,1768296118834,"Dunbegu Bausara",452,21
5154,1768296118839,"Gindi Nassarawa Kyarmi Galbi",452,21
5155,1768296118843,"Jandutsi Birnin Malam",452,21
5156,1768296118847,"Jega Firchin",452,21
5157,1768296118852,"Jega Kokani",452,21
5158,1768296118856,"Jega Magaji A",452,21
5159,1768296118860,"Jega Magaji B",452,21
5160,1768296118864,"Katanga Fagada",452,21
5161,1768296118868,Kimba,452,21
5162,1768296118873,"Badariya Magarza",453,21
5163,1768296118877,"Dangoma Gayi",453,21
5164,1768296118881,Diggi,453,21
5165,1768296118886,Etene,453,21
5166,1768296118890,Kalgo,453,21
5167,1768296118894,Kuka,453,21
5168,1768296118900,Mutubari,453,21
5169,1768296118905,Nayilwa,453,21
5170,1768296118910,Wurogauri,453,21
5171,1768296118916,Zuguru,453,21
5172,1768296118922,Besse,454,21
5173,1768296118929,"Dada Alelu",454,21
5174,1768296118933,"Dutsin Mari Dulmeru",454,21
5175,1768296118939,"Illela S Gari",454,21
5176,1768296118943,Jadadi,454,21
5177,1768296118949,"Koko Fircin",454,21
5178,1768296118954,"Koko Magaji",454,21
5179,1768296118958,"Lani Manyan Tafukka Shiba",454,21
5180,1768296118962,"Madacci Firini",454,21
5181,1768296118967,"Maikwari Karamar Damba Bakoshi",454,21
5182,1768296118971,Takware,454,21
5183,1768296118976,"Zariya Kalakala Amiru",454,21
5184,1768296118981,"Andarai Kurunkwu Zongun Liba",455,21
5185,1768296118988,"Giwa Tazo Zara",455,21
5186,1768296118993,"Gumbin Kure",455,21
5187,1768296118999,"Karaye Dogondaji",455,21
5188,1768296119010,"Kawara S Sara Yarkamba",455,21
5189,1768296119020,"Kuben Rigidiga",455,21
5190,1768296119026,"Liba Danwa Kuka Kogo",455,21
5191,1768296119031,Maiyama,455,21
5192,1768296119036,"Mungadi Botoro",455,21
5193,1768296119041,"Sambawa Mayalo",455,21
5194,1768296119046,"Sarandosa Gubba",455,21
5195,1768296119050,"Birnin Yauri",456,21
5196,1768296119055,"Gafara Machupa",456,21
5197,1768296119060,"Garin Baka Makarin",456,21
5198,1768296119064,"Kambuwa Danmaraya",456,21
5199,1768296119069,Kwakwaran,456,21
5200,1768296119074,"Libata Kwangia",456,21
5201,1768296119089,"Makawa Uleira",456,21
5202,1768296119094,Ngaski,456,21
5203,1768296119098,"Utono Hoge",456,21
5204,1768296119103,Wara,456,21
5205,1768296119108,Adai,457,21
5206,1768296119117,Dankolo,457,21
5207,1768296119124,"Doka Bere",457,21
5208,1768296119130,Fada,457,21
5209,1768296119137,Gelwasa,457,21
5210,1768296119142,Janbirni,457,21
5211,1768296119147,Makuku,457,21
5212,1768296119151,"Maza Maza",457,21
5213,1768296119156,Sakaba,457,21
5214,1768296119160,"Tudun Kuka",457,21
5215,1768296119164,Atuwo,458,21
5216,1768296119169,"Binuwa Gebe Bunkuji",458,21
5217,1768296119173,"Dugu Tsoho Dugu Raha",458,21
5218,1768296119177,"Kawara Ingu Sargo",458,21
5219,1768296119182,"Rafin Kirya Tefki Tara",458,21
5220,1768296119186,Sawashi,458,21
5221,1768296119193,Shanga,458,21
5222,1768296119198,"Sokage Golongo Hundeji",458,21
5223,1768296119202,Takware,458,21
5224,1768296119206,Yarbesse,458,21
5225,1768296119211,Aljannare,459,21
5226,1768296119215,Bakuwai,459,21
5227,1768296119219,Bandan,459,21
5228,1768296119224,Barbarejo,459,21
5229,1768296119228,Dakingari,459,21
5230,1768296119233,"Daniya Shema",459,21
5231,1768296119238,Dendane,459,21
5232,1768296119242,Ginga,459,21
5233,1768296119246,Giro,459,21
5234,1768296119251,Kwaifa,459,21
5235,1768296119256,Suru,459,21
5236,1768296119260,Ayu,460,21
5237,1768296119265,Bena,460,21
5238,1768296119270,"Dan Umaru Mairairai",460,21
5239,1768296119274,"Danko Maga",460,21
5240,1768296119279,"Gwanfi Kele",460,21
5241,1768296119283,Kanya,460,21
5242,1768296119287,"Kyabu Kandu",460,21
5243,1768296119292,"Ribah Machika",460,21
5244,1768296119297,Waje,460,21
5245,1768296119301,Wasagu,460,21
5246,1768296119305,"Yalmo Shindi",460,21
5247,1768296119309,"Chulu Koma",461,21
5248,1768296119314,"Gungun Sarki",461,21
5249,1768296119318,Jijima,461,21
5250,1768296119323,Tondi,461,21
5251,1768296119327,"Yelwa Central",461,21
5252,1768296119332,"Yelwa East",461,21
5253,1768296119336,"Yelwa North",461,21
5254,1768296119344,"Yelwa South",461,21
5255,1768296119349,"Yelwa West",461,21
5256,1768296119354,Zamare,461,21
5257,1768296119359,Bedi,462,21
5258,1768296119363,"Ciroman Dabai",462,21
5259,1768296119369,"Isgogo Dago",462,21
5260,1768296119373,"Manga Ushe",462,21
5261,1768296119378,"Rafin Zuru",462,21
5262,1768296119384,Rikoto,462,21
5263,1768296119389,"Rumu Daben Seme",462,21
5264,1768296119395,Senchi,462,21
5265,1768296119399,Tadurga,462,21
5266,1768296119404,Zodi,462,21
5267,1768296119410,"Adavi Eba",463,22
5268,1768296119416,"Ege Iruvochinomi",463,22
5269,1768296119420,Idanuhua,463,22
5270,1768296119425,"Ikaraworo Idobanyere",463,22
5271,1768296119429,"Ino Ziomi Ipaku Osisi",463,22
5272,1768296119433,Iruvucheba,463,22
5273,1768296119438,"Kuroko I",463,22
5274,1768296119442,"Kuroko II",463,22
5275,1768296119447,"Nagazi Farm Centre",463,22
5276,1768296119451,Ogaminana,463,22
5277,1768296119456,"Okunchi Ozuri Onieka",463,22
5278,1768296119462,"Abodi Patesi",464,22
5279,1768296119467,Achagana,464,22
5280,1768296119471,Adogo,464,22
5281,1768296119476,"Adogu Apamira Ogodo Uhuovene",464,22
5282,1768296119484,Badoko,464,22
5283,1768296119488,"Ebiya North",464,22
5284,1768296119493,"Ebiya South",464,22
5285,1768296119498,"Ganaga Township",464,22
5286,1768296119503,"Ichuwa Upaja",464,22
5287,1768296119508,"Obangede Ohunene Ukoko Inye Re",464,22
5288,1768296119512,"Odonu Unosi",464,22
5289,1768296119517,Ogigiri,464,22
5290,1768296119521,"Old Ajaokuta",464,22
5291,1768296119526,Omgbo,464,22
5292,1768296119531,"Ankpa I",465,22
5293,1768296119535,"Ankpa II",465,22
5294,1768296119539,"Ankpa Suburb I",465,22
5295,1768296119543,"Ankpa Suburb II",465,22
5296,1768296119548,"Ankpa Township",465,22
5297,1768296119552,"Enjema I",465,22
5298,1768296119556,"Enjema III",465,22
5299,1768296119560,"Enjema IV",465,22
5300,1768296119564,"Enjema II",465,22
5301,1768296119579,"Ojoku I",465,22
5302,1768296119583,"Ojoku III",465,22
5303,1768296119588,"Ojoku II",465,22
5304,1768296119592,"Ojoku IV",465,22
5305,1768296119596,"Akuba I",466,22
5306,1768296119600,"Akuba II",466,22
5307,1768296119604,"Ayede Akakana",466,22
5308,1768296119609,Eforo,466,22
5309,1768296119613,Gboloko,466,22
5310,1768296119617,Ikende,466,22
5311,1768296119621,Kpata,466,22
5312,1768296119626,Mozum,466,22
5313,1768296119630,"Ozongulo Kpanche",466,22
5314,1768296119634,Ozugbe,466,22
5315,1768296119638,Abocho,467,22
5316,1768296119643,"Adumu Egume",467,22
5317,1768296119647,Anyigba,467,22
5318,1768296119651,"Dekina Town",467,22
5319,1768296119656,Emewe,467,22
5320,1768296119664,Iyale,467,22
5321,1768296119669,"Odu I",467,22
5322,1768296119673,"Odu II",467,22
5323,1768296119678,"Ogane Inigu",467,22
5324,1768296119682,Ogbabede,467,22
5325,1768296119686,Ojikpadala,467,22
5326,1768296119691,"Okura Olafia",467,22
5327,1768296119695,Akpanyo,468,22
5328,1768296119699,Analo,468,22
5329,1768296119703,Ayah,468,22
5330,1768296119708,Ejule,468,22
5331,1768296119712,Iyano,468,22
5332,1768296119716,Odeke,468,22
5333,1768296119721,Ojila,468,22
5334,1768296119726,Onyedega,468,22
5335,1768296119730,Ujeh,468,22
5336,1768296119734,Unale,468,22
5337,1768296119739,Ede,469,22
5338,1768296119743,Ega,469,22
5339,1768296119748,Ichala,469,22
5340,1768296119752,Igalaogba,469,22
5341,1768296119756,Igecheba,469,22
5342,1768296119761,Ogegele,469,22
5343,1768296119765,"Owoli Apa",469,22
5344,1768296119770,"Sabon Gari",469,22
5345,1768296119774,Ugwoda,469,22
5346,1768296119778,Ukwaja,469,22
5347,1768296119782,"Ajaka I",470,22
5348,1768296119787,"Ajaka II",470,22
5349,1768296119791,Akpanya,470,22
5350,1768296119795,Avrugo,470,22
5351,1768296119800,Ekwuloko,470,22
5352,1768296119804,Odolu,470,22
5353,1768296119808,"Oforachi I",470,22
5354,1768296119812,"Oforachi II",470,22
5355,1768296119816,"Oji Aji",470,22
5356,1768296119821,Ubele,470,22
5357,1768296119825,Aiyegunle,471,22
5358,1768296119829,"Aiyere Arimah",471,22
5359,1768296119833,"Aiyetoro I",471,22
5360,1768296119838,"Aiyetoro II",471,22
5361,1768296119842,"Egbeda Egga Okedayo",471,22
5362,1768296119846,"Ekinrin Ade",471,22
5363,1768296119851,"Ibgolayere Ilaere",471,22
5364,1768296119856,"Iffe Ikoyi Okejumu",471,22
5365,1768296119860,"Ileteju Origa",471,22
5366,1768296119864,"Iyah Ayeh",471,22
5367,1768296119869,Iyamoye,471,22
5368,1768296119873,Iyara,471,22
5369,1768296119878,Odokoro,471,22
5370,1768296119882,"Ogale Aduge",471,22
5371,1768296119887,Ogidi,471,22
5372,1768296119891,Aiyeteju,472,22
5373,1768296119896,"Aiyetoro Kiri",472,22
5374,1768296119900,Aiyewa,472,22
5375,1768296119905,"Akutupa Kiri",472,22
5376,1768296119911,Asuta,472,22
5377,1768296119915,Egbeda,472,22
5378,1768296119920,Iluke,472,22
5379,1768296119926,"Odo Akete",472,22
5380,1768296119931,"Odo Ape",472,22
5381,1768296119936,Odolu,472,22
5382,1768296119943,Okebukun,472,22
5383,1768296119948,Okedayo,472,22
5384,1768296119956,Okekoko,472,22
5385,1768296119965,"Olle Oke Ofin",472,22
5386,1768296119970,Otu,472,22
5387,1768296119977,Akpasu,473,22
5388,1768296119982,"Chikara North",473,22
5389,1768296119988,"Chikara South",473,22
5390,1768296119994,"Gegu Beki North",473,22
5391,1768296119999,"Gegu Beki South",473,22
5392,1768296120004,Girinya,473,22
5393,1768296120009,Irenodu,473,22
5394,1768296120013,"Kotonkarfe South East",473,22
5395,1768296120023,"Odaki Koton Karfe",473,22
5396,1768296120027,Tawari,473,22
5397,1768296120032,"Ukwo Koton Karfe",473,22
5398,1768296120036,Eggan,474,22
5399,1768296120040,Kakanda,474,22
5400,1768296120045,"Kupa North East",474,22
5401,1768296120061,"Kupa South West",474,22
5402,1768296120066,"Lokoja A",474,22
5403,1768296120070,"Lokoja B",474,22
5404,1768296120075,"Lokoja C",474,22
5405,1768296120079,"Lokoja D",474,22
5406,1768296120084,"Lokoja E",474,22
5407,1768296120088,Oworo,474,22
5408,1768296120093,Agbafogun,475,22
5409,1768296120097,"Aiyedayo Aiyedaro",475,22
5410,1768296120102,"Aiyede Okagi",475,22
5411,1768296120106,"Ileteju 1",475,22
5412,1768296120111,"Illeteju 2",475,22
5413,1768296120115,"Odole 1",475,22
5414,1768296120120,"Odole 2",475,22
5415,1768296120125,"Okeagi Ilai",475,22
5416,1768296120129,Orokere,475,22
5417,1768296120134,"Takete Idde Otafun",475,22
5418,1768296120139,Aloji,476,22
5419,1768296120143,Aloma,476,22
5420,1768296120148,"Ejule Allah",476,22
5421,1768296120153,"Iboko Efakwu",476,22
5422,1768296120157,Igo,476,22
5423,1768296120162,"Itobe Okokenyi",476,22
5424,1768296120166,Ochadamu,476,22
5425,1768296120170,Ofoke,476,22
5426,1768296120175,Ogbonicha,476,22
5427,1768296120179,"Ugwolawo 2",476,22
5428,1768296120184,"Ugwolawo I",476,22
5429,1768296120188,Aiyeromi,477,22
5430,1768296120193,Eni,477,22
5431,1768296120197,Ileteju,477,22
5432,1768296120201,Obatgben,477,22
5433,1768296120206,Obinoyin,477,22
5434,1768296120210,Okesi,477,22
5435,1768296120215,Okibo,477,22
5436,1768296120219,Oshobane,477,22
5437,1768296120224,"Oturu Opowuroye",477,22
5438,1768296120228,Ugugu,477,22
5439,1768296120234,"Eika Ohizenyi",478,22
5440,1768296120239,"Obaiba I",478,22
5441,1768296120243,"Obaiba II",478,22
5442,1768296120248,"Obangede Uhuodo",478,22
5443,1768296120252,"Obaroke Uvete",478,22
5444,1768296120257,"Oboroke Eba",478,22
5445,1768296120261,"Oboroke Uvete II",478,22
5446,1768296120266,"Ohuepe Omavi Uboro",478,22
5447,1768296120270,Ohueta,478,22
5448,1768296120274,"Okaito Usungwen",478,22
5449,1768296120279,Okuehu,478,22
5450,1768296120285,"Abuga Ozuja",479,22
5451,1768296120290,Bariki,479,22
5452,1768296120294,Idoji,479,22
5453,1768296120299,"Obehira Eba",479,22
5454,1768296120304,"Obehira Uvetta",479,22
5455,1768296120308,Obessa,479,22
5456,1768296120313,"Okene Eba Agassa Ahache",479,22
5457,1768296120319,Onyukoko,479,22
5458,1768296120323,Orietesu,479,22
5459,1768296120329,Otutu,479,22
5460,1768296120334,"Upogoro Odenku",479,22
5461,1768296120342,"Imane I",480,22
5462,1768296120346,"Imane II",480,22
5463,1768296120353,"Ogugu I",480,22
5464,1768296120358,"Ogugu II",480,22
5465,1768296120364,"Ogugu III",480,22
5466,1768296120369,"Olamaboro I",480,22
5467,1768296120374,"Olamaboro II",480,22
5468,1768296120380,"Olamaboro III",480,22
5469,1768296120384,"Olamaboro IV",480,22
5470,1768296120390,"Olamaboro V",480,22
5471,1768296120394,"Abejukolo I",481,22
5472,1768296120400,"Abejukolo II",481,22
5473,1768296120405,Akpacha,481,22
5474,1768296120410,Bagaji,481,22
5475,1768296120414,Bagana,481,22
5476,1768296120419,"Icheke Ajopachi",481,22
5477,1768296120423,Ogodu,481,22
5478,1768296120428,"Oji Aji",481,22
5479,1768296120432,Okpatala,481,22
5480,1768296120437,Olla,481,22
5481,1768296120442,"Opoda Ofejiji",481,22
5482,1768296120447,"Alu Igbagun Oranre",482,22
5483,1768296120453,Ejuku,482,22
5484,1768296120458,"Ife Olukotun I",482,22
5485,1768296120463,"Ife Olukotun II",482,22
5486,1768296120467,"Ilafin Idofin Odo Ogba",482,22
5487,1768296120473,Itedo,482,22
5488,1768296120479,"Jege Oke Agi Ogbom Isao",482,22
5489,1768296120485,"Makutu I",482,22
5490,1768296120492,"Makutu II",482,22
5491,1768296120497,Ponyan,482,22
5492,1768296120502,Ejiba,483,22
5493,1768296120507,"Isaulu Esa Okoloke Okunran",483,22
5494,1768296120512,"Iyamerin Igbaruku",483,22
5495,1768296120516,"Odo Egbe",483,22
5496,1768296120521,"Odo Ara Omi Ogga",483,22
5497,1768296120526,"Odo Egbe I",483,22
5498,1768296120532,"Odo Egbe II",483,22
5499,1768296120538,"Odo Ere Oke Ere",483,22
5500,1768296120543,"Odo Eri Okoto",483,22
5501,1768296120559,Ogbe,483,22
5502,1768296120565,"Oke Egbe I",483,22
5503,1768296120569,"Oke Egbe II",483,22
5504,1768296120573,"Oke Egbe III",483,22
5505,1768296120578,"Oke Egbe IV",483,22
5506,1768296120582,"Adigbongbo Awe Orimaro",484,23
5507,1768296120586,Afon,484,23
5508,1768296120591,"Ago Oja Oshin Sapati Laduba",484,23
5509,1768296120595,"Ballah Otte",484,23
5510,1768296120599,"Budo Egba",484,23
5511,1768296120603,"Efue Berikodo",484,23
5512,1768296120608,"Elebue Agbona Fata",484,23
5513,1768296120612,"Gambari Aiyekale",484,23
5514,1768296120617,"Ila Oja",484,23
5515,1768296120621,"Odo Ode Aboto",484,23
5516,1768296120625,"Ogbondoroko Reke",484,23
5517,1768296120630,Ogele,484,23
5518,1768296120634,Okesho,484,23
5519,1768296120638,"Onire Odegiwa Alapa",484,23
5520,1768296120642,"Owode Gbogun",484,23
5521,1768296120646,"Yowere 11 Okeweru",484,23
5522,1768296120651,"Yowere Sosoki",484,23
5523,1768296120656,"Boriya Shiya",485,23
5524,1768296120661,"Gure Gwasoro",485,23
5525,1768296120665,Gwanara,485,23
5526,1768296120670,"Gwedebereru Babane",485,23
5527,1768296120678,Ilesha,485,23
5528,1768296120682,"Kenu Taberu",485,23
5529,1768296120687,"Kiyoru Bwen",485,23
5530,1768296120691,"Kpaura Yakiru",485,23
5531,1768296120696,Okuta,485,23
5532,1768296120700,"Shinawu Tunbuyan",485,23
5533,1768296120705,Yashikira,485,23
5534,1768296120709,"Lafiagi 1",486,23
5535,1768296120713,"Lafiagi 11",486,23
5536,1768296120719,"Lafiagi 111",486,23
5537,1768296120723,"Lafiagi 1V",486,23
5538,1768296120727,"Tsaragi 1",486,23
5539,1768296120732,"Tsaragi 11",486,23
5540,1768296120736,"Tsaragi 111",486,23
5541,1768296120740,"Tsonga 1",486,23
5542,1768296120745,"Tsonga 11",486,23
5543,1768296120749,"Tsonga 111",486,23
5544,1768296120753,Eruku,487,23
5545,1768296120758,Isapa,487,23
5546,1768296120762,Koro,487,23
5547,1768296120766,"Obbo Aiyeggunle 1",487,23
5548,1768296120770,"Obbo Aiyeggunle 11",487,23
5549,1768296120775,"Obbo Ile",487,23
5550,1768296120779,"Oke Opin Etan",487,23
5551,1768296120783,Opin,487,23
5552,1768296120788,"Osi 1",487,23
5553,1768296120792,"Osi 11",487,23
5554,1768296120796,Agunjin,488,23
5555,1768296120801,"Idofian 1",488,23
5556,1768296120805,"Idofian 11",488,23
5557,1768296120810,"Igbaja 1",488,23
5558,1768296120814,"Igbaja 11",488,23
5559,1768296120819,"Igbaja 111",488,23
5560,1768296120823,"Ile Ire",488,23
5561,1768296120828,"Oke Ode 1",488,23
5562,1768296120832,"Oke Ode 11",488,23
5563,1768296120837,"Oke Ode 111",488,23
5564,1768296120841,Omupo,488,23
5565,1768296120846,Ora,488,23
5566,1768296120850,"Oro Ago",488,23
5567,1768296120854,"Share 1",488,23
5568,1768296120859,"Share 11",488,23
5569,1768296120863,"Share 111",488,23
5570,1768296120867,"Share 1V",488,23
5571,1768296120871,"Share V",488,23
5572,1768296120876,"Agbeyangi Gbadamu Osin",489,23
5573,1768296120880,Apado,489,23
5574,1768296120884,"Bologun Gambari 11",489,23
5575,1768296120888,"Gambari 1",489,23
5576,1768296120893,Ibagun,489,23
5577,1768296120897,Iponrin,489,23
5578,1768296120902,"Magaji Are 1",489,23
5579,1768296120906,"Magaji Are 11",489,23
5580,1768296120910,"Marafa Pepele",489,23
5581,1768296120915,"Maya Ile Apa",489,23
5582,1768296120919,"Oke Oyi Oke Ose Alalubosa",489,23
5583,1768296120924,Zango,489,23
5584,1768296120929,"Akanbi 1",490,23
5585,1768296120936,"Akanbi 11",490,23
5586,1768296120943,"Akanbi 111",490,23
5587,1768296120949,"Akanbi 1V",490,23
5588,1768296120964,"Akanbi V",490,23
5589,1768296120969,"Balogun Fulani 11",490,23
5590,1768296120974,"Balogun Fulani 111",490,23
5591,1768296120979,"Balogun Fulani I",490,23
5592,1768296120984,"Okaka 1",490,23
5593,1768296120989,"Okaka 11",490,23
5594,1768296120997,"Oke Ogun",490,23
5595,1768296121003,Adewole,491,23
5596,1768296121008,Ajikobi,491,23
5597,1768296121013,Baboko,491,23
5598,1768296121017,Badari,491,23
5599,1768296121022,"Balogun Alanamu Central",491,23
5600,1768296121026,"Magaji Ngeri",491,23
5601,1768296121044,Ogidi,491,23
5602,1768296121048,"Ojuekun Zarumi",491,23
5603,1768296121055,"Oko Erin",491,23
5604,1768296121060,Oloje,491,23
5605,1768296121066,Ubandawaki,491,23
5606,1768296121071,"Warrah Egbe Jila Oshin",491,23
5607,1768296121077,"Ajase Ipo 1",492,23
5608,1768296121082,"Ajase Ipo 11",492,23
5609,1768296121087,Arandun,492,23
5610,1768296121092,"Esie Ijan",492,23
5611,1768296121098,"Ipetu Rore Aran Orin",492,23
5612,1768296121103,Oko,492,23
5613,1768296121107,"Omu Aran 1 Aran",492,23
5614,1768296121111,"Omu Aran 11 Ihaye",492,23
5615,1768296121116,"Omu Aran 111 Ifaja",492,23
5616,1768296121122,"Oro 1",492,23
5617,1768296121128,"Oro 11",492,23
5618,1768296121134,Alla,493,23
5619,1768296121139,Edidi,493,23
5620,1768296121143,"Ijara Isin",493,23
5621,1768296121147,"Isanlu 1",493,23
5622,1768296121152,"Isanlu 11",493,23
5623,1768296121156,Iwo,493,23
5624,1768296121161,"Oke Aba",493,23
5625,1768296121165,"Oke Onigbin",493,23
5626,1768296121169,Olla,493,23
5627,1768296121173,"Owu Isin",493,23
5628,1768296121178,"Sabaja Pamo",493,23
5629,1768296121183,Adena,494,23
5630,1768296121187,Bani,494,23
5631,1768296121191,"Gwanabe 1",494,23
5632,1768296121196,"Gwanabe 11",494,23
5633,1768296121200,"Gwari A Gwaria",494,23
5634,1768296121204,"Kaiama 1",494,23
5635,1768296121209,"Kaiama 11",494,23
5636,1768296121213,"Kaiama 111",494,23
5637,1768296121218,Kemanji,494,23
5638,1768296121222,Wajibe,494,23
5639,1768296121226,"Abati Alara",495,23
5640,1768296121232,Ajanaku,495,23
5641,1768296121237,Arobadi,495,23
5642,1768296121241,Babadudu,495,23
5643,1768296121245,"Bode Saadu",495,23
5644,1768296121249,Ejidongari,495,23
5645,1768296121253,Jebba,495,23
5646,1768296121258,Lanwa,495,23
5647,1768296121262,"Logun Jehunkunnu",495,23
5648,1768296121267,"Malete Gbugudu",495,23
5649,1768296121271,Megida,495,23
5650,1768296121275,Okemi,495,23
5651,1768296121279,Okutala,495,23
5652,1768296121283,Oloru,495,23
5653,1768296121290,Pakunmo,495,23
5654,1768296121296,Shao,495,23
5655,1768296121301,"Womi Ayaki",495,23
5656,1768296121309,Balogun,496,23
5657,1768296121314,"Essa A",496,23
5658,1768296121319,"Essa B",496,23
5659,1768296121324,"Essa C",496,23
5660,1768296121328,Igboidun,496,23
5661,1768296121332,"Ojomu Central 1",496,23
5662,1768296121336,"Ojomu Central 11",496,23
5663,1768296121341,"Ojomu South East",496,23
5664,1768296121345,"Ojomu North North West",496,23
5665,1768296121349,"Shawo Central",496,23
5666,1768296121354,"Shawo South East",496,23
5667,1768296121362,"Shawo South West",496,23
5668,1768296121366,Aiyedun,497,23
5669,1768296121370,Ekan,497,23
5670,1768296121374,"Idofin Odo Ashe",497,23
5671,1768296121378,"Idofin Igbana 1",497,23
5672,1768296121382,"Idofin Igbana 11",497,23
5673,1768296121386,Iloffa,497,23
5674,1768296121391,"Imode Egosi",497,23
5675,1768296121395,"Imoji Ilale Erinmope",497,23
5676,1768296121400,"Odo Owa 1",497,23
5677,1768296121404,"Odo Owa 11",497,23
5678,1768296121408,"Erin Ile North",498,23
5679,1768296121412,"Erin Ile South",498,23
5680,1768296121417,Igbona,498,23
5681,1768296121421,Igosun,498,23
5682,1768296121425,Ijagbo,498,23
5683,1768296121429,Ikotun,498,23
5684,1768296121434,Ilemona,498,23
5685,1768296121438,"Inaja Ahogbada",498,23
5686,1768296121442,Ipee,498,23
5687,1768296121446,Irra,498,23
5688,1768296121450,Ojoku,498,23
5689,1768296121454,"Kpada 1",499,23
5690,1768296121459,"Kpada 11",499,23
5691,1768296121463,"Kpada 111",499,23
5692,1768296121467,"Lade 1",499,23
5693,1768296121471,"Lade 11",499,23
5694,1768296121475,"Lade 111",499,23
5695,1768296121480,"Patigi 1",499,23
5696,1768296121484,"Patigi 11",499,23
5697,1768296121488,"Patigi 111",499,23
5698,1768296121493,"Patigi 1V",499,23
5699,1768296121498,"Agbotikuyo Dopemu",500,24
5700,1768296121502,Darocha,500,24
5701,1768296121517,"Iloro Onipetesi",500,24
5702,1768296121521,"Isale Odo",500,24
5703,1768296121526,"Isale Idimangoro",500,24
5704,1768296121530,Keke,500,24
5705,1768296121534,Okekoto,500,24
5706,1768296121539,"Oniwaya Papa Uku",500,24
5707,1768296121543,"Orile Agege Oko Oba",500,24
5708,1768296121547,"Oyewole Papa Ashafa",500,24
5709,1768296121551,"Tabon Tabon Oko Oba",500,24
5710,1768296121555,"Ago Hausa",501,24
5711,1768296121560,"Alaba Oro",501,24
5712,1768296121564,"Awodi Ora",501,24
5713,1768296121570,Layeni,501,24
5714,1768296121575,Mosafejo,501,24
5715,1768296121580,"Ojo Road",501,24
5716,1768296121584,Olodi,501,24
5717,1768296121588,"Temidire I",501,24
5718,1768296121593,"Temidire II",501,24
5719,1768296121597,Tolu,501,24
5720,1768296121601,Wilmer,501,24
5721,1768296121606,"Abule Egba Aboru Meiran Alagbado",502,24
5722,1768296121611,"Ayobo Ijon Village Camp David",502,24
5723,1768296121615,"Egbe Agodo",502,24
5724,1768296121620,"Egbeda Alimosho",502,24
5725,1768296121624,"Idimu Isheri Olofin",502,24
5726,1768296121628,"Igando Egan",502,24
5727,1768296121632,"Ikotun Ijegun",502,24
5728,1768296121637,"Ipaja North",502,24
5729,1768296121641,"Ipaja South",502,24
5730,1768296121645,"Pleasure Oke Odo",502,24
5731,1768296121649,"Shasha Akowonjo",502,24
5732,1768296121658,Amuwo,503,24
5733,1768296121662,"Amuwo Odofin Housing Estate Mile 2",503,24
5734,1768296121666,"Festac 1",503,24
5735,1768296121671,"Festac II",503,24
5736,1768296121675,"Festac III",503,24
5737,1768296121679,Ibeshe,503,24
5738,1768296121684,Igbologun,503,24
5739,1768296121688,Ijegun,503,24
5740,1768296121692,Irede,503,24
5741,1768296121698,Kirikiri,503,24
5742,1768296121703,Satellite,503,24
5743,1768296121707,"Afolabi Alasia Str And Environs",504,24
5744,1768296121711,"Apapa I Marine Rd Environs",504,24
5745,1768296121715,"Apapa II Liverpool Rd And Environs",504,24
5746,1768296121719,"Apapa III Creek Rd Tincan Snake Island",504,24
5747,1768296121724,"Apapa IV Pelewura Crescent And Environs",504,24
5748,1768296121728,"Gaskiya Environs",504,24
5749,1768296121733,"Ijora Oloye",504,24
5750,1768296121738,"Malu Road And Environs",504,24
5751,1768296121743,"Olodan St Olojowou St Alh Dogo Olatokunbo St Iganmu",504,24
5752,1768296121747,"Sari And Environs",504,24
5753,1768296121751,Ajara,505,24
5754,1768296121756,Ajido,505,24
5755,1768296121761,Apa,505,24
5756,1768296121765,Awhanjigoh,505,24
5757,1768296121769,Ibereko,505,24
5758,1768296121774,Ikoga,505,24
5759,1768296121779,"Ilogbo Araromi",505,24
5760,1768296121783,"Iworo Gbanko",505,24
5761,1768296121787,"Iya Afin",505,24
5762,1768296121791,"Keta East",505,24
5763,1768296121796,Posukoh,505,24
5764,1768296121800,Abomiti,506,24
5765,1768296121804,Agbowa,506,24
5766,1768296121809,"Agbowa Ikosi",506,24
5767,1768296121813,"Ago Owu",506,24
5768,1768296121818,Ajaganabe,506,24
5769,1768296121823,Ejirin,506,24
5770,1768296121827,"Etita Ebode",506,24
5771,1768296121832,Ibonwon,506,24
5772,1768296121836,Ilara,506,24
5773,1768296121840,"Ise Igbogun",506,24
5774,1768296121844,Itoikin,506,24
5775,1768296121849,Lagbade,506,24
5776,1768296121853,Odomola,506,24
5777,1768296121857,Odoragunsin,506,24
5778,1768296121862,"Oke Balogun",506,24
5779,1768296121866,"Oriba Ladaba",506,24
5780,1768296121870,Orugbo,506,24
5781,1768296121874,Poka,506,24
5782,1768296121878,"Popo Oba",506,24
5783,1768296121883,"Ado Langbasa Badore",507,24
5784,1768296121887,"Ajah Sangotedo",507,24
5785,1768296121891,"Ikoyi I",507,24
5786,1768296121895,"Ikoyi II",507,24
5787,1768296121899,"Ilado Eti Osa And Environs",507,24
5788,1768296121904,"Ilasan Housing Estate",507,24
5789,1768296121909,"Lekki Ikate And Environs",507,24
5790,1768296121913,Obalende,507,24
5791,1768296121918,"Victoria Island I",507,24
5792,1768296121923,"Victoria Island II",507,24
5793,1768296121927,"02 Orimedu II",508,24
5794,1768296121932,"03 Orimedu III",508,24
5795,1768296121936,"Ibeju I",508,24
5796,1768296121940,"Iwerekun II",508,24
5797,1768296121945,"Lekki II",508,24
5798,1768296121949,"N2 Ibeju II",508,24
5799,1768296121953,"Orimedu I",508,24
5800,1768296121958,"P1 Iwerekun I",508,24
5801,1768296121976,"S 2A Siriwon Igbekodo II",508,24
5802,1768296121981,"S1 Lekki I",508,24
5803,1768296121985,"S2 Siriwon Igbekodo I",508,24
5804,1768296121990,"Ajegunle Akinde Animashaun",509,24
5805,1768296121995,"Alakuko Kollington",509,24
5806,1768296122000,"Fagba Akute Road",509,24
5807,1768296122004,"Ijaiye Agbado Kollington",509,24
5808,1768296122009,"Ijaiye Ojokoro",509,24
5809,1768296122014,Ijaye,509,24
5810,1768296122019,"Iju Isaga",509,24
5811,1768296122023,"Iju Obawole",509,24
5812,1768296122028,"New Ifako Oyemekun",509,24
5813,1768296122033,"Old Ifako Karaole",509,24
5814,1768296122037,"Pamada Abule Egba",509,24
5815,1768296122042,"Adekunle Vill Adeniyi Jones Ogba",510,24
5816,1768296122046,"Airport Onipetesi Inilekere",510,24
5817,1768296122050,"Alausa Oregun Olusosun",510,24
5818,1768296122054,"Anifowoshe Ikeja",510,24
5819,1768296122058,"Gra Police Barracks",510,24
5820,1768296122063,"Ipodo Seriki Aro",510,24
5821,1768296122068,"Ojodu Agidingbi Omole",510,24
5822,1768296122072,"Oke Ira Aguda",510,24
5823,1768296122077,Onigbongbon,510,24
5824,1768296122082,"Wasimi Opebi Allen",510,24
5825,1768296122086,"Aga Ijimu",511,24
5826,1768296122092,Agbala,511,24
5827,1768296122097,"Agura Iponmi",511,24
5828,1768296122102,"Baiyeku Oreta",511,24
5829,1768296122106,Erikorodu,511,24
5830,1768296122112,Ibeshe,511,24
5831,1768296122116,"Igbogbo I",511,24
5832,1768296122120,"Igbogbo II",511,24
5833,1768296122125,"Ijede II",511,24
5834,1768296122129,"Ijede J",511,24
5835,1768296122133,"Imota 1",511,24
5836,1768296122138,"Imota II",511,24
5837,1768296122142,Ipakodo,511,24
5838,1768296122146,"Isele I",511,24
5839,1768296122150,"Isele II",511,24
5840,1768296122154,"Isele III",511,24
5841,1768296122158,Isiu,511,24
5842,1768296122163,Odogunyan,511,24
5843,1768296122167,"Olorunda Igbaga",511,24
5844,1768296122171,"Agboyi I",512,24
5845,1768296122175,"Agboyi II",512,24
5846,1768296122179,"Anthony Ajao Estate Mende Maryland",512,24
5847,1768296122184,"Ifako Soluyi",512,24
5848,1768296122188,"Ikosi Ketu Mile 12 Agiliti Maidan",512,24
5849,1768296122193,"Isheri Olowo Ira Shangisha Magodo Phase I II",512,24
5850,1768296122197,"Ketu Alapere Agidi Orisigun Kosofe Ajelogo Akanimodo",512,24
5851,1768296122201,"Ojota Ogudu",512,24
5852,1768296122206,"Owode Onirin Ajegunle Odo Ogun",512,24
5853,1768296122210,Oworonshoki,512,24
5854,1768296122214,"Agarawu Obadina",513,24
5855,1768296122218,Anikantamo,513,24
5856,1768296122223,Eiyekole,513,24
5857,1768296122227,Epetedo,513,24
5858,1768296122232,"Idumota Oke",513,24
5859,1768296122237,Iduntafa,513,24
5860,1768296122241,Ilupesi,513,24
5861,1768296122246,"Isale Agbede",513,24
5862,1768296122250,"Lafiaji Ebute",513,24
5863,1768296122254,"Oju Oto",513,24
5864,1768296122259,"Oko Awo",513,24
5865,1768296122263,"Oko Faji",513,24
5866,1768296122268,Olosun,513,24
5867,1768296122273,"Olowogbowo Elegbata",513,24
5868,1768296122277,"Olushi Kakawa",513,24
5869,1768296122283,Oluwole,513,24
5870,1768296122287,Onikan,513,24
5871,1768296122292,"Popo Aguda",513,24
5872,1768296122301,Sandgrouse,513,24
5873,1768296122305,Alagomeji,514,24
5874,1768296122310,Epetedo,514,24
5875,1768296122314,"Glover Ebute Metta",514,24
5876,1768296122319,Iwaya,514,24
5877,1768296122324,"Maroko Ebute Metta",514,24
5878,1768296122328,"Oko Baba",514,24
5879,1768296122332,"Olaleye Village",514,24
5880,1768296122337,"Otto Iddo",514,24
5881,1768296122341,"Oyadiran Estate Abule Oja",514,24
5882,1768296122345,"Oyingbo Market Ebute Metta",514,24
5883,1768296122349,"Yaba Igbobi",514,24
5884,1768296122354,Alakara,515,24
5885,1768296122361,Babalosa,515,24
5886,1768296122365,"Babalosa Idi Araba",515,24
5887,1768296122370,"Idi Araba",515,24
5888,1768296122375,"Idi Oro Odi Olowu",515,24
5889,1768296122380,Ilasamaja,515,24
5890,1768296122385,Ilupeju,515,24
5891,1768296122389,"Ilupeju Industrial Estate",515,24
5892,1768296122393,Itire,515,24
5893,1768296122398,"Kayode Fadeyi",515,24
5894,1768296122402,"Mushin Atewolara",515,24
5895,1768296122407,Ojuwoye,515,24
5896,1768296122412,Olateju,515,24
5897,1768296122416,"Papa Ajao",515,24
5898,1768296122421,Ajangbadi,516,24
5899,1768296122425,Etegbin,516,24
5900,1768296122430,Iba,516,24
5901,1768296122444,Idoluwo,516,24
5902,1768296122449,Ijanikin,516,24
5903,1768296122453,Ilogbo,516,24
5904,1768296122458,Irewe,516,24
5905,1768296122462,"Ojo Town",516,24
5906,1768296122466,Okokomaiko,516,24
5907,1768296122470,Sabo,516,24
5908,1768296122475,Tafi,516,24
5909,1768296122480,"Ajao Estate",517,24
5910,1768296122484,Ilasamaja,517,24
5911,1768296122488,Ishagatedo,517,24
5912,1768296122493,Isolo,517,24
5913,1768296122497,Mafoluku,517,24
5914,1768296122501,"Oke Afa Ejigbo",517,24
5915,1768296122505,Okota,517,24
5916,1768296122509,"Orile Oshodi",517,24
5917,1768296122513,"Oshodi Bolade",517,24
5918,1768296122518,Sogunle,517,24
5919,1768296122522,"Sogunle Alasia",517,24
5920,1768296122526,"Abule Okuta Ilaje Bariga",518,24
5921,1768296122531,Alade,518,24
5922,1768296122535,Bajulaiye,518,24
5923,1768296122539,"Fola Agoro Bajulaiye Igbari Akoka",518,24
5924,1768296122544,"Gbagada Phase I Obanikoro Pedro",518,24
5925,1768296122548,"Gbagada Phase II Bariga Apelehin",518,24
5926,1768296122552,"Igbobi Fadeyi",518,24
5927,1768296122556,"Ilaje Akoka",518,24
5928,1768296122561,"Lad Lak Bariga",518,24
5929,1768296122565,"Mafowoku Pedro",518,24
5930,1768296122571,Onipanu,518,24
5931,1768296122575,"Palmgrove Ijebutedo",518,24
5932,1768296122580,"Adeniran Ogunsanya",519,24
5933,1768296122586,Aguda,519,24
5934,1768296122590,"Akinhanmi Cole",519,24
5935,1768296122595,Coker,519,24
5936,1768296122600,"Igbaja Stadium",519,24
5937,1768296122609,Ijeshatedo,519,24
5938,1768296122613,Ikate,519,24
5939,1768296122617,"Iponri Housing Estate Eric Moore",519,24
5940,1768296122622,Itire,519,24
5941,1768296122628,Orile,519,24
5942,1768296122633,"Shitta Ogunlana Drive",519,24
5943,1768296122638,"Yaba Ojuelegba",519,24
5944,1768296122642,Agyaga,520,25
5945,1768296122646,"Akwanga East",520,25
5946,1768296122652,"Akwanga West",520,25
5947,1768296122656,"Ancho Nighaan",520,25
5948,1768296122660,Anchobaba,520,25
5949,1768296122664,Andaha,520,25
5950,1768296122669,Gudi,520,25
5951,1768296122673,"Gwanje Gwanje",520,25
5952,1768296122678,Moroa,520,25
5953,1768296122682,"Ningo Bohar",520,25
5954,1768296122687,Nunku,520,25
5955,1768296122692,Akiri,521,25
5956,1768296122697,Azara,521,25
5957,1768296122702,Galadima,521,25
5958,1768296122706,Jangaru,521,25
5959,1768296122711,"Kanje Abuni",521,25
5960,1768296122716,Madaki,521,25
5961,1768296122720,Makwangiji,521,25
5962,1768296122724,Ribi,521,25
5963,1768296122728,Tunga,521,25
5964,1768296122733,Wuse,521,25
5965,1768296122737,Agbashi,522,25
5966,1768296122741,Akpanaja,522,25
5967,1768296122745,"Alagye I",522,25
5968,1768296122749,"Alagye II",522,25
5969,1768296122755,"Doka I",522,25
5970,1768296122760,"Doka II",522,25
5971,1768296122765,"Rukubi I",522,25
5972,1768296122769,"Rukubi II",522,25
5973,1768296122773,"Sarkin Dawaki",522,25
5974,1768296122779,"Ungwan Madaki",522,25
5975,1768296122785,"Agada Bagaji",523,25
5976,1768296122789,"Aso Kodape",523,25
5977,1768296122793,Gitata,523,25
5978,1768296122797,"Gurku Kabusu",523,25
5979,1768296122802,"Kafin Shanu Betti",523,25
5980,1768296122806,"Karshi I",523,25
5981,1768296122810,"Karshi II",523,25
5982,1768296122814,Karu,523,25
5983,1768296122819,"Panda Kare",523,25
5984,1768296122823,"Tattara Kondoro",523,25
5985,1768296122827,Uke,523,25
5986,1768296122832,Agaza,524,25
5987,1768296122836,Aloshi,524,25
5988,1768296122840,Amiri,524,25
5989,1768296122845,"Giza Galadima",524,25
5990,1768296122849,"Giza Madaki",524,25
5991,1768296122853,Iwagu,524,25
5992,1768296122857,Kadarko,524,25
5993,1768296122861,Kwara,524,25
5994,1768296122866,Obene,524,25
5995,1768296122870,Oki,524,25
5996,1768296122874,"Ang Rimi",525,25
5997,1768296122878,"Angwan Iya I",525,25
5998,1768296122882,"Angwan Iya II",525,25
5999,1768296122886,"Gangare Tudu",525,25
6000,1768296122891,Jigwada,525,25
6001,1768296122905,"Keffi Town East Kofar Goriya",525,25
6002,1768296122909,"Liman Abaji",525,25
6003,1768296122918,"Sabon Gari",525,25
6004,1768296122922,"Tudun Kofa T V",525,25
6005,1768296122926,Yara,525,25
6006,1768296122930,Agwada,526,25
6007,1768296122935,Amba,526,25
6008,1768296122939,Bassa,526,25
6009,1768296122943,Dari,526,25
6010,1768296122947,Garaku,526,25
6011,1768296122951,Hadari,526,25
6012,1768296122955,"Kofar Gwari",526,25
6013,1768296122960,Kokona,526,25
6014,1768296122964,"Koya Kana",526,25
6015,1768296122968,Ninkoro,526,25
6016,1768296122972,Yelwa,526,25
6017,1768296122977,Adogi,527,25
6018,1768296122981,"Agyaragun Tofa",527,25
6019,1768296122985,Arikya,527,25
6020,1768296122989,Ashigie,527,25
6021,1768296122993,Assakio,527,25
6022,1768296122997,"Bakin Rijiya Akurba Sarkin Pada",527,25
6023,1768296123001,Chiroma,527,25
6024,1768296123005,Gayam,527,25
6025,1768296123010,"Keffin Wambai",527,25
6026,1768296123014,Makama,527,25
6027,1768296123018,"Shabu Kwandere",527,25
6028,1768296123022,Wakwa,527,25
6029,1768296123027,Zanwa,527,25
6030,1768296123031,Akum,528,25
6031,1768296123035,"Ara I",528,25
6032,1768296123039,"Ara II",528,25
6033,1768296123043,"Guto Aisa",528,25
6034,1768296123048,"Kanah Ondo Apawu",528,25
6035,1768296123052,Laminga,528,25
6036,1768296123056,Loko,528,25
6037,1768296123061,"Nasarawa Central",528,25
6038,1768296123065,"Nasarawa East",528,25
6039,1768296123069,"Nasarawa Main Town",528,25
6040,1768296123074,"Nasarawa North",528,25
6041,1768296123078,Odu,528,25
6042,1768296123082,"Tunga Bakono",528,25
6043,1768296123086,Udenin,528,25
6044,1768296123090,"Udenin Gida",528,25
6045,1768296123094,Agunji,529,25
6046,1768296123099,"Aloce Ginda",529,25
6047,1768296123103,Alogani,529,25
6048,1768296123107,Ende,529,25
6049,1768296123112,"Igga Burumburum",529,25
6050,1768296123116,"Ikka Wangibi",529,25
6051,1768296123121,"Kagbu Wana",529,25
6052,1768296123126,"Lambaga Arikpa",529,25
6053,1768296123130,"Lizzin Keffi Ezzen",529,25
6054,1768296123135,"Mada Station",529,25
6055,1768296123139,"Nasarawa Eggon",529,25
6056,1768296123143,Ubbe,529,25
6057,1768296123147,Umme,529,25
6058,1768296123151,Wakama,529,25
6059,1768296123156,Adudu,530,25
6060,1768296123160,Agwatashi,530,25
6061,1768296123164,"Deddere Riri",530,25
6062,1768296123169,Duduguru,530,25
6063,1768296123173,"Gidan Ausa I",530,25
6064,1768296123177,"Gidan Ausa II",530,25
6065,1768296123181,Gwadenye,530,25
6066,1768296123186,Kyakale,530,25
6067,1768296123190,Obi,530,25
6068,1768296123194,"Tudun Adabu",530,25
6069,1768296123198,Bugakarmo,531,25
6070,1768296123202,Dausu,531,25
6071,1768296123207,Gadagwa,531,25
6072,1768296123211,Gwargwada,531,25
6073,1768296123215,Kanyehu,531,25
6074,1768296123219,"Katakpa I",531,25
6075,1768296123224,"Shafan Abakpa I",531,25
6076,1768296123228,"Shafan Kwatto I",531,25
6077,1768296123232,"Shege I",531,25
6078,1768296123240,Toto,531,25
6079,1768296123245,Ugya,531,25
6080,1768296123249,Umaisha,531,25
6081,1768296123253,Arum,532,25
6082,1768296123257,Gitta,532,25
6083,1768296123261,Jimiya,532,25
6084,1768296123266,Konvah,532,25
6085,1768296123270,Kwara,532,25
6086,1768296123274,Mangar,532,25
6087,1768296123279,Nakere,532,25
6088,1768296123283,"Wamba East",532,25
6089,1768296123287,"Wamba West",532,25
6090,1768296123291,Wayo,532,25
6091,1768296123295,Baro,533,26
6092,1768296123299,Boku,533,26
6093,1768296123303,Dauaci,533,26
6094,1768296123307,Ekobadeggi,533,26
6095,1768296123312,Ekossa,533,26
6096,1768296123316,Ekowugi,533,26
6097,1768296123320,Ekowuna,533,26
6098,1768296123324,Etsugaie,533,26
6099,1768296123328,Kutiriko,533,26
6100,1768296123332,Magaji,533,26
6101,1768296123347,Tagagi,533,26
6102,1768296123352,Adehe,534,26
6103,1768296123356,Agwata,534,26
6104,1768296123361,Busuru,534,26
6105,1768296123365,Gallah,534,26
6106,1768296123369,Kashini,534,26
6107,1768296123373,Kokoli,534,26
6108,1768296123377,Mago,534,26
6109,1768296123381,Papiri,534,26
6110,1768296123386,Rofia,534,26
6111,1768296123390,Suteku,534,26
6112,1768296123394,Bariki,535,26
6113,1768296123398,Ceniyan,535,26
6114,1768296123402,Dokodza,535,26
6115,1768296123406,Kyari,535,26
6116,1768296123410,Landzun,535,26
6117,1768296123414,"Masaba II",535,26
6118,1768296123418,"Masaba I",535,26
6119,1768296123423,"Masaga I",535,26
6120,1768296123427,"Masaga II",535,26
6121,1768296123431,"Mayaki Ndajiya",535,26
6122,1768296123436,Nassarafu,535,26
6123,1768296123440,"Umaru Majigi II",535,26
6124,1768296123444,"Umaru Majigi I",535,26
6125,1768296123448,Wadata,535,26
6126,1768296123452,Babanna,536,26
6127,1768296123457,Dugga,536,26
6128,1768296123461,"Kabe Pissa",536,26
6129,1768296123465,Karabonde,536,26
6130,1768296123469,Konkoso,536,26
6131,1768296123473,Malale,536,26
6132,1768296123478,"New Bussa",536,26
6133,1768296123482,Riverine,536,26
6134,1768296123487,Shagunu,536,26
6135,1768296123491,Wawa,536,26
6136,1768296123496,Beji,537,26
6137,1768296123500,"Bosso Central I",537,26
6138,1768296123504,"Bosso Central II",537,26
6139,1768296123508,Chanchaga,537,26
6140,1768296123512,Garatu,537,26
6141,1768296123516,Kampala,537,26
6142,1768296123520,Kodo,537,26
6143,1768296123525,Maikunkele,537,26
6144,1768296123533,Maitumbi,537,26
6145,1768296123538,Shata,537,26
6146,1768296123542,"Limawa A",538,26
6147,1768296123546,"Limawa B",538,26
6148,1768296123550,Makera,538,26
6149,1768296123555,"Minna Central",538,26
6150,1768296123559,"Minna South",538,26
6151,1768296123563,"Nassarawa A",538,26
6152,1768296123568,"Nassarawa B",538,26
6153,1768296123572,"Nassarawa C",538,26
6154,1768296123576,"Sabon Gari",538,26
6155,1768296123580,"Tudun Wada North",538,26
6156,1768296123584,"Tudun Wada South",538,26
6157,1768296123589,Enagi,539,26
6158,1768296123593,"Etsu Tasha",539,26
6159,1768296123597,Fazhi,539,26
6160,1768296123601,"Gazhe I",539,26
6161,1768296123605,"Gazhe II",539,26
6162,1768296123610,Gbangban,539,26
6163,1768296123614,Gonagi,539,26
6164,1768296123618,Guzan,539,26
6165,1768296123622,Rokota,539,26
6166,1768296123626,Sakpe,539,26
6167,1768296123631,Batagi,540,26
6168,1768296123635,Batako,540,26
6169,1768296123639,Edokota,540,26
6170,1768296123643,Edozhigi,540,26
6171,1768296123647,"Etsu Audu",540,26
6172,1768296123652,Gbadafu,540,26
6173,1768296123656,Gogata,540,26
6174,1768296123660,Lemu,540,26
6175,1768296123664,Nuwankota,540,26
6176,1768296123668,Sammajiko,540,26
6177,1768296123673,Bonu,541,26
6178,1768296123677,Diko,541,26
6179,1768296123681,Gawu,541,26
6180,1768296123685,Izom,541,26
6181,1768296123689,Kabo,541,26
6182,1768296123693,Kwaka,541,26
6183,1768296123697,Lambata,541,26
6184,1768296123701,Lefu,541,26
6185,1768296123705,Shako,541,26
6186,1768296123710,Tufa,541,26
6187,1768296123714,Badeggi,542,26
6188,1768296123719,Bakeko,542,26
6189,1768296123723,Bisanti,542,26
6190,1768296123727,Dzwafu,542,26
6191,1768296123732,Edotsu,542,26
6192,1768296123736,Essa,542,26
6193,1768296123741,Gbakogi,542,26
6194,1768296123745,Kataregi,542,26
6195,1768296123750,Katcha,542,26
6196,1768296123754,"Sidi Saba",542,26
6197,1768296123759,Arewa,543,26
6198,1768296123763,Central,543,26
6199,1768296123768,Gabas,543,26
6200,1768296123772,Kudu,543,26
6201,1768296123787,Madara,543,26
6202,1768296123791,Magajiya,543,26
6203,1768296123796,Masuga,543,26
6204,1768296123800,Nagwamatse,543,26
6205,1768296123804,"Rafin Gora",543,26
6206,1768296123810,"Tungan Kawo",543,26
6207,1768296123814,Tunganwawa,543,26
6208,1768296123819,Usalle,543,26
6209,1768296123823,Yamma,543,26
6210,1768296123830,"Arewa Yamma",544,26
6211,1768296123835,"Birnin Maza Tashibo",544,26
6212,1768296123839,"Ebbo Gbacinku",544,26
6213,1768296123844,"Evuti Kpada",544,26
6214,1768296123848,"Gulu Anguwa Vatsa",544,26
6215,1768296123853,"Gupa Abugi",544,26
6216,1768296123857,"Gurdi Zago",544,26
6217,1768296123863,"Kudu Gabas",544,26
6218,1768296123869,"Muye Egba",544,26
6219,1768296123873,"Takuti Shaku",544,26
6220,1768296123877,Batati,545,26
6221,1768296123881,"Busu Kuchi",545,26
6222,1768296123886,Dabban,545,26
6223,1768296123890,Dassun,545,26
6224,1768296123894,Doko,545,26
6225,1768296123899,Egbako,545,26
6226,1768296123903,Gaba,545,26
6227,1768296123907,Jima,545,26
6228,1768296123912,Kusotachi,545,26
6229,1768296123916,Kutigi,545,26
6230,1768296123920,Lagun,545,26
6231,1768296123925,Mambe,545,26
6232,1768296123929,"Auna Central",546,26
6233,1768296123933,"Auna East",546,26
6234,1768296123937,"Auna East Central",546,26
6235,1768296123942,"Auna South",546,26
6236,1768296123947,"Auna South East",546,26
6237,1768296123951,"Ibelu Central",546,26
6238,1768296123955,"Ibelu East",546,26
6239,1768296123959,"Ibelu North",546,26
6240,1768296123963,"Ibelu West",546,26
6241,1768296123967,Nasko,546,26
6242,1768296123972,Nassarawa,546,26
6243,1768296123976,Bangi,547,26
6244,1768296123981,Beri,547,26
6245,1768296123986,Bobi,547,26
6246,1768296123990,"Galma Wamba",547,26
6247,1768296123994,"Gulbin Boka",547,26
6248,1768296123999,Igwama,547,26
6249,1768296124003,Inkwai,547,26
6250,1768296124007,Kakihum,547,26
6251,1768296124011,Kontokoro,547,26
6252,1768296124015,Kumbashi,547,26
6253,1768296124020,Maburya,547,26
6254,1768296124024,"Babban Rami",548,26
6255,1768296124028,"Dapangi Makera",548,26
6256,1768296124033,Ibbi,548,26
6257,1768296124037,Kaboji,548,26
6258,1768296124042,Kasanga,548,26
6259,1768296124046,Kulho,548,26
6260,1768296124050,Kwatachi,548,26
6261,1768296124055,Mashegu,548,26
6262,1768296124059,"Mazakuka Likoro",548,26
6263,1768296124063,"Saho Rami",548,26
6264,1768296124067,Bokani,549,26
6265,1768296124072,"Gbajibo Muwo",549,26
6266,1768296124076,Gbara,549,26
6267,1768296124080,"Ja Agi",549,26
6268,1768296124084,"Jebba North",549,26
6269,1768296124089,"Kpaki Takuma",549,26
6270,1768296124093,Kudu,549,26
6271,1768296124097,Labozhi,549,26
6272,1768296124101,Mokwa,549,26
6273,1768296124106,Muregi,549,26
6274,1768296124110,"Rabba Ndayako",549,26
6275,1768296124114,Beni,550,26
6276,1768296124120,Dandaudu,550,26
6277,1768296124124,Dangunu,550,26
6278,1768296124129,Daza,550,26
6279,1768296124133,Fuka,550,26
6280,1768296124138,Gini,550,26
6281,1768296124142,Guni,550,26
6282,1768296124146,Kabula,550,26
6283,1768296124150,Kazai,550,26
6284,1768296124154,Kuchi,550,26
6285,1768296124163,"Sarkin Pawa",550,26
6286,1768296124167,Adunu,551,26
6287,1768296124171,Chimbi,551,26
6288,1768296124176,Gwam,551,26
6289,1768296124180,Ishau,551,26
6290,1768296124184,Jere,551,26
6291,1768296124188,"Kafin Koro",551,26
6292,1768296124192,Kwagana,551,26
6293,1768296124196,Kwakuti,551,26
6294,1768296124201,"Nikuchi T Mallam",551,26
6295,1768296124205,"Paiko Central",551,26
6296,1768296124209,"Tutungo Jedna",551,26
6297,1768296124213,"Kagara Gari",552,26
6298,1768296124217,Kakuri,552,26
6299,1768296124221,"Kongoma Central",552,26
6300,1768296124227,"Kongoma West",552,26
6301,1768296124242,Kundu,552,26
6302,1768296124247,"Kusherki North",552,26
6303,1768296124251,"Kushirki South",552,26
6304,1768296124255,"Sabon Gari",552,26
6305,1768296124260,"Tegina Gari",552,26
6306,1768296124264,"Tegina West",552,26
6307,1768296124268,Yakila,552,26
6308,1768296124272,Danrangi,553,26
6309,1768296124277,Dugge,553,26
6310,1768296124281,Dukku,553,26
6311,1768296124285,Genu,553,26
6312,1768296124289,"Jama Are",553,26
6313,1768296124294,Rijau,553,26
6314,1768296124298,Shambo,553,26
6315,1768296124302,"T Bunu",553,26
6316,1768296124306,"T Magajiya",553,26
6317,1768296124311,Ushe,553,26
6318,1768296124315,Warari,553,26
6319,1768296124319,Allawa,554,26
6320,1768296124324,Bangajiya,554,26
6321,1768296124328,"Bassa Kukoki",554,26
6322,1768296124333,"Egwa Gwada",554,26
6323,1768296124337,Erana,554,26
6324,1768296124341,Galkogo,554,26
6325,1768296124345,Gurmana,554,26
6326,1768296124350,Gussoro,554,26
6327,1768296124354,Kato,554,26
6328,1768296124360,"Kushaka Kurebe",554,26
6329,1768296124364,"Kwaki Chukwuba",554,26
6330,1768296124368,Manta,554,26
6331,1768296124373,Pina,554,26
6332,1768296124377,She,554,26
6333,1768296124381,Ubandoma,554,26
6334,1768296124385,"Bagama B",555,26
6335,1768296124389,"Bagmama A",555,26
6336,1768296124393,"Hashimi A",555,26
6337,1768296124398,"Hashimi B",555,26
6338,1768296124402,"Iku South I",555,26
6339,1768296124406,"Iku South II",555,26
6340,1768296124410,"Kurmin Sarki",555,26
6341,1768296124415,Magajiya,555,26
6342,1768296124419,"Maje North",555,26
6343,1768296124423,Wambai,555,26
6344,1768296124427,"Dogon Kurmi",556,26
6345,1768296124432,Garam,556,26
6346,1768296124436,"Ija Gwari",556,26
6347,1768296124440,"Ija Koro",556,26
6348,1768296124445,Iku,556,26
6349,1768296124449,"New Bwari",556,26
6350,1768296124455,"Wuse East",556,26
6351,1768296124463,"Wuse West",556,26
6352,1768296124467,"Zuma East",556,26
6353,1768296124472,"Zuma West",556,26
6354,1768296124476,Akare,557,26
6355,1768296124480,Barwa,557,26
6356,1768296124484,Gwarjiko,557,26
6357,1768296124488,Kanwuri,557,26
6358,1768296124493,Kodo,557,26
6359,1768296124497,Kwata,557,26
6360,1768296124501,Lokogoma,557,26
6361,1768296124505,Maito,557,26
6362,1768296124510,"Sabon Gari",557,26
6363,1768296124515,"Tukunji Yamigi",557,26
6364,1768296124519,Zungeru,557,26
6365,1768296124523,"Ago Oko",558,27
6366,1768296124528,Elega,558,27
6367,1768296124532,Gbagura,558,27
6368,1768296124536,"Ibara Orile Onisasa",558,27
6369,1768296124540,Ika,558,27
6370,1768296124545,Ikereku,558,27
6371,1768296124549,"Ikija Ikereku",558,27
6372,1768296124554,"Ilugun Iberekodo",558,27
6373,1768296124558,"Imala Idiemi",558,27
6374,1768296124562,"Isaga Ilewo",558,27
6375,1768296124566,"Ita Osin Olomore",558,27
6376,1768296124570,Lafenwa,558,27
6377,1768296124574,"Oke Ago Owu",558,27
6378,1768296124578,"Olorunda Ijale",558,27
6379,1768296124583,Sabo,558,27
6380,1768296124587,"Totoro Sokori",558,27
6381,1768296124591,"Ago Egun Ijesa",559,27
6382,1768296124596,"Ake I",559,27
6383,1768296124600,"Ake III",559,27
6384,1768296124604,"Ake II",559,27
6385,1768296124608,"Erunbe Oke Ijeun",559,27
6386,1768296124612,"Ibara I",559,27
6387,1768296124616,"Ibara II",559,27
6388,1768296124620,"Igbore Ago Oba",559,27
6389,1768296124624,"Ijaye Idi Aba",559,27
6390,1768296124629,Ijemo,559,27
6391,1768296124634,"Imo Isabo",559,27
6392,1768296124638,Itoko,559,27
6393,1768296124643,"Keesi Emere",559,27
6394,1768296124647,"Sodeke Sale Ijeun I",559,27
6395,1768296124652,"Sodeke Sale Ijeun II",559,27
6396,1768296124656,"Ado Odo I",560,27
6397,1768296124660,"Ado Odo II",560,27
6398,1768296124664,"Agbara I",560,27
6399,1768296124668,"Agbara Ejila Awori",560,27
6400,1768296124672,Alapoti,560,27
6401,1768296124687,Atan,560,27
6402,1768296124691,Ere,560,27
6403,1768296124695,Igbesa,560,27
6404,1768296124700,Ijoko,560,27
6405,1768296124704,Iju,560,27
6406,1768296124708,Ilogbo,560,27
6407,1768296124712,"Ketu Adie Owe",560,27
6408,1768296124716,"Ota I",560,27
6409,1768296124720,"Ota II",560,27
6410,1768296124724,"Ota III",560,27
6411,1768296124728,Sango,560,27
6412,1768296124732,Abalabi,561,27
6413,1768296124736,Arigbajo,561,27
6414,1768296124740,"Asa Yobo",561,27
6415,1768296124745,"Elere Onigbedu",561,27
6416,1768296124749,Itori,561,27
6417,1768296124757,Mosan,561,27
6418,1768296124761,"Obada Oko",561,27
6419,1768296124766,Owowo,561,27
6420,1768296124772,Papalanto,561,27
6421,1768296124776,Wasimi,561,27
6422,1768296124781,Agbado,562,27
6423,1768296124786,"Ajuwon Akute",562,27
6424,1768296124791,Coker,562,27
6425,1768296124797,Ibogun,562,27
6426,1768296124802,"Ifo I",562,27
6427,1768296124808,"Ifo II",562,27
6428,1768296124812,"Ifo III",562,27
6429,1768296124816,Iseri,562,27
6430,1768296124821,"Oke Aro Ibaragun Robiyan",562,27
6431,1768296124825,Ososun,562,27
6432,1768296124829,Sunren,562,27
6433,1768296124833,Ajebandele,563,27
6434,1768296124837,"Ijebu Ife I",563,27
6435,1768296124841,"Ijebu Ife II",563,27
6436,1768296124846,"Ijebu Mushin I",563,27
6437,1768296124850,"Ijebu Mushin II",563,27
6438,1768296124854,Ikija,563,27
6439,1768296124858,"Imobi I",563,27
6440,1768296124862,"Imobi II",563,27
6441,1768296124866,Itele,563,27
6442,1768296124871,Ogbere,563,27
6443,1768296124875,Owu,563,27
6444,1768296124879,"Ago Iwoye I",564,27
6445,1768296124883,"Ago Iwoye II",564,27
6446,1768296124887,"Ako Onigbagbo Gelete",564,27
6447,1768296124892,Atikori,564,27
6448,1768296124896,"Japara Ojowo",564,27
6449,1768296124900,"Mamu Etiri",564,27
6450,1768296124904,"Oke Agbo",564,27
6451,1768296124908,"Oke Sopin",564,27
6452,1768296124913,Omen,564,27
6453,1768296124917,"Oru Awa Ilaporu",564,27
6454,1768296124921,Osun,564,27
6455,1768296124925,"Atan Imuku",565,27
6456,1768296124929,Erunwon,565,27
6457,1768296124934,"Igede Itamarun",565,27
6458,1768296124938,Ilese,565,27
6459,1768296124942,"Imewiro Ododeyo Imomo",565,27
6460,1768296124946,Isoyin,565,27
6461,1768296124950,Odesenlu,565,27
6462,1768296124954,"Odosimadegun Odosebora",565,27
6463,1768296124958,"Oju Ona",565,27
6464,1768296124963,"Oke Eri Ogbogbo",565,27
6465,1768296124967,"Ijade Imepe I",566,27
6466,1768296124971,"Ijade Imepe II",566,27
6467,1768296124976,"Ijasi Idepo",566,27
6468,1768296124980,Isiwo,566,27
6469,1768296124985,"Isoku Ososa",566,27
6470,1768296124989,Itamapako,566,27
6471,1768296124993,Itantebo,566,27
6472,1768296124998,"Odo Egbo Oliworo",566,27
6473,1768296125002,"Odo Esa",566,27
6474,1768296125006,"Porogun I",566,27
6475,1768296125010,"Porogun II",566,27
6476,1768296125015,"Ikenne I",567,27
6477,1768296125019,"Ikenne II",567,27
6478,1768296125023,"Ilisan I",567,27
6479,1768296125027,"Ilisan II",567,27
6480,1768296125031,"Ilisan Irolu",567,27
6481,1768296125035,"Iperu I",567,27
6482,1768296125040,"Iperu II",567,27
6483,1768296125044,"Iperu III",567,27
6484,1768296125048,"Ogere I",567,27
6485,1768296125052,"Ogere II",567,27
6486,1768296125057,Afon,568,27
6487,1768296125061,"Idi Ayin",568,27
6488,1768296125065,Idofa,568,27
6489,1768296125069,"Ilara Alagbe",568,27
6490,1768296125073,Imeko,568,27
6491,1768296125078,"Iwoye Jabata",568,27
6492,1768296125086,"Kajola Agberiodo",568,27
6493,1768296125090,"Oke Agbede Moriwi Matale",568,27
6494,1768296125094,"Olorunda Gbomo",568,27
6495,1768296125098,Otapele,568,27
6496,1768296125102,Agada,569,27
6497,1768296125107,Agosasa,569,27
6498,1768296125111,Ajegunle,569,27
6499,1768296125115,Idiroko,569,27
6500,1768296125121,Ifonyintedo,569,27
6501,1768296125138,"Ihunbo Ilase",569,27
6502,1768296125143,"Ijofin Idosa",569,27
6503,1768296125147,"Ipokia I",569,27
6504,1768296125152,"Ipokia II",569,27
6505,1768296125156,"Mauni I",569,27
6506,1768296125161,"Mauni II",569,27
6507,1768296125165,Tube,569,27
6508,1768296125170,Ajebo,570,27
6509,1768296125174,Ajura,570,27
6510,1768296125178,"Alapako Oni",570,27
6511,1768296125183,Egbeda,570,27
6512,1768296125187,Kajola,570,27
6513,1768296125191,Mokoloki,570,27
6514,1768296125195,"Moloko Asipa",570,27
6515,1768296125200,Oba,570,27
6516,1768296125204,Obafemi,570,27
6517,1768296125208,Ofada,570,27
6518,1768296125212,Onidundu,570,27
6519,1768296125216,Owode,570,27
6520,1768296125221,Alabata,571,27
6521,1768296125225,Alagbagba,571,27
6522,1768296125229,"Balogun Itesi",571,27
6523,1768296125234,Ilugun,571,27
6524,1768296125238,Obantoko,571,27
6525,1768296125242,Obete,571,27
6526,1768296125246,Odeda,571,27
6527,1768296125251,Olodo,571,27
6528,1768296125255,Opeji,571,27
6529,1768296125259,Osiele,571,27
6530,1768296125264,Aiyepe,572,27
6531,1768296125268,"Ala Igbile",572,27
6532,1768296125272,Ibefun,572,27
6533,1768296125277,Idowa,572,27
6534,1768296125281,Ilado,572,27
6535,1768296125285,Imodi,572,27
6536,1768296125289,Imosan,572,27
6537,1768296125294,"Jobore Ibido Ikise",572,27
6538,1768296125298,"Odogbolu I",572,27
6539,1768296125302,"Odogbolu II",572,27
6540,1768296125308,"Ogbo Moraika Ita Epo II",572,27
6541,1768296125313,"Ogbo Moraika Ita Epo I",572,27
6542,1768296125317,"Okun Owa",572,27
6543,1768296125321,Omu,572,27
6544,1768296125326,Ososa,572,27
6545,1768296125330,Abigi,573,27
6546,1768296125335,"Ayede Lomiro",573,27
6547,1768296125339,"Ayila Itebu",573,27
6548,1768296125343,Efire,573,27
6549,1768296125347,Ibiade,573,27
6550,1768296125352,Iwopin,573,27
6551,1768296125356,"Lukogbe Ilusin",573,27
6552,1768296125360,"Makun Irokun",573,27
6553,1768296125365,"Ode Omi",573,27
6554,1768296125369,Oni,573,27
6555,1768296125373,Akaka,574,27
6556,1768296125378,Ayegbami,574,27
6557,1768296125386,"Igan Ajina",574,27
6558,1768296125391,Ilara,574,27
6559,1768296125395,Ipara,574,27
6560,1768296125400,"Moborode Oke Ola",574,27
6561,1768296125405,"Ode I",574,27
6562,1768296125409,"Ode II",574,27
6563,1768296125414,"Odofin Imagbo Petekun Dawara",574,27
6564,1768296125418,"Orile Oko",574,27
6565,1768296125422,Agbowa,575,27
6566,1768296125426,"Ayegbami Ijokun",575,27
6567,1768296125431,"Ibido Ituwa Alara",575,27
6568,1768296125435,Ijagba,575,27
6569,1768296125439,"Isokun Oyebajo",575,27
6570,1768296125443,Isote,575,27
6571,1768296125448,Latawa,575,27
6572,1768296125452,"Ode Lemo",575,27
6573,1768296125457,"Ogijo Likosi",575,27
6574,1768296125461,"Oko Epe Itula I",575,27
6575,1768296125465,"Oko Epe Itula II",575,27
6576,1768296125469,"Sabo 1",575,27
6577,1768296125473,"Sabo II",575,27
6578,1768296125478,"Simawa Iwelepe",575,27
6579,1768296125482,Surulere,575,27
6580,1768296125486,"Aye Toro I",576,27
6581,1768296125490,"Aye Toro II",576,27
6582,1768296125495,"Ebute Igbooro",576,27
6583,1768296125499,Ibese,576,27
6584,1768296125503,"Iboro Joga",576,27
6585,1768296125508,"Ido Foi",576,27
6586,1768296125512,Igua,576,27
6587,1768296125516,Ijoun,576,27
6588,1768296125521,Imasai,576,27
6589,1768296125525,Ohunbe,576,27
6590,1768296125529,Sunwa,576,27
6591,1768296125534,Ajilete,577,27
6592,1768296125538,Idogo,577,27
6593,1768296125542,"Ilaro I",577,27
6594,1768296125546,"Ilaro II",577,27
6595,1768296125550,"Ilaro III",577,27
6596,1768296125555,"Ilobi Erinja",577,27
6597,1768296125559,Iwoye,577,27
6598,1768296125564,"Oke Odan",577,27
6599,1768296125568,"Owode I",577,27
6600,1768296125572,"Owode II",577,27
6601,1768296125587,Edo,578,28
6602,1768296125592,Ekan,578,28
6603,1768296125597,"Ikado I",578,28
6604,1768296125601,"Ikado II",578,28
6605,1768296125606,"Ilepa I",578,28
6606,1768296125610,"Ilepa II",578,28
6607,1768296125615,"Isowopo I",578,28
6608,1768296125619,"Isowopo II",578,28
6609,1768296125624,"Iyometa I",578,28
6610,1768296125628,"Iyometa II",578,28
6611,1768296125632,"Oorun I",578,28
6612,1768296125636,"Oorun II",578,28
6613,1768296125646,Oyinmo,578,28
6614,1768296125650,"Ajowa Igasi Eriti Gedegede",579,28
6615,1768296125655,"Arigidi II",579,28
6616,1768296125659,"Arigidi Iye I",579,28
6617,1768296125664,"Erusu Karamu Ibaramu",579,28
6618,1768296125668,"Ese Afin",579,28
6619,1768296125673,"Odo Irun Oyinmo",579,28
6620,1768296125677,Ogbagi,579,28
6621,1768296125682,"Oke Irun Surulere",579,28
6622,1768296125686,Okeagbe,579,28
6623,1768296125693,"Oyin Oge",579,28
6624,1768296125698,"Epinmi I",580,28
6625,1768296125703,"Epinmi II",580,28
6626,1768296125707,Ifira,580,28
6627,1768296125712,"Ipe I",580,28
6628,1768296125716,"Ipe II",580,28
6629,1768296125720,Ipesi,580,28
6630,1768296125724,"Isua I",580,28
6631,1768296125729,"Isua II",580,28
6632,1768296125733,"Isua III",580,28
6633,1768296125738,"Isua IV",580,28
6634,1768296125742,Sosan,580,28
6635,1768296125746,"Akungba I",581,28
6636,1768296125751,"Akungba II",581,28
6637,1768296125755,Ikun,581,28
6638,1768296125759,"Oba I",581,28
6639,1768296125764,"Oba II",581,28
6640,1768296125768,"Oka I Ibaka Sabo",581,28
6641,1768296125772,"Oka II A Ikanmu",581,28
6642,1768296125777,"Oka II B Okia Korowa Simerin Uba",581,28
6643,1768296125781,"Oka III A Agba",581,28
6644,1768296125785,"Oka III B Owase Ikese Iwonrin Ebinrin Idorin",581,28
6645,1768296125790,"Oka IV Owake Ebo Ayegunle",581,28
6646,1768296125794,"Oka V A Owalusin Ayepe",581,28
6647,1768296125799,"Oka V B Oka Odo Okela Bolorunduro",581,28
6648,1768296125803,"Supare I",581,28
6649,1768296125807,"Supare II",581,28
6650,1768296125812,"Agamo Oke Oore Akomowa",582,28
6651,1768296125816,"Ayede Ogbese",582,28
6652,1768296125820,Ayetoro,582,28
6653,1768296125824,Igbatoro,582,28
6654,1768296125829,"Igoba Isinigbo",582,28
6655,1768296125833,"Iluabo Eleyewo Bolorunduro",582,28
6656,1768296125838,"Isimija Irado",582,28
6657,1768296125842,Moferere,582,28
6658,1768296125847,"Oba Ile",582,28
6659,1768296125851,"Odo Oja Ijigbo",582,28
6660,1768296125855,"Oke Iju",582,28
6661,1768296125860,"Oke Afa Owode",582,28
6662,1768296125864,Aponmu,583,28
6663,1768296125868,"Gbogi Isikan I",583,28
6664,1768296125872,"Gbogi Isikan II",583,28
6665,1768296125877,"Ijomu Obanla",583,28
6666,1768296125881,Lisa,583,28
6667,1768296125885,Oda,583,28
6668,1768296125889,Odopetu,583,28
6669,1768296125894,"Oke Aro Uro I",583,28
6670,1768296125898,"Oke Aro Uro II",583,28
6671,1768296125903,"Oshodi Isolo",583,28
6672,1768296125908,"Owode Imuagun",583,28
6673,1768296125913,"Apoi I",584,28
6674,1768296125919,"Apoi II",584,28
6675,1768296125926,"Apoi III",584,28
6676,1768296125930,"Apoi IV",584,28
6677,1768296125936,"Apoi V",584,28
6678,1768296125942,"Arogbo I",584,28
6679,1768296125947,"Arogbo II",584,28
6680,1768296125953,"Arogbo III",584,28
6681,1768296125959,"Ukparama I",584,28
6682,1768296125964,"Ukparama II",584,28
6683,1768296125969,"Ala Elefosan",585,28
6684,1768296125973,"Alade Atosin",585,28
6685,1768296125979,"Idale Lemikan",585,28
6686,1768296125984,"Idale Logbosere",585,28
6687,1768296125988,"Ijomu Isurin",585,28
6688,1768296125993,Irowo,585,28
6689,1768296125998,"Isalu Ehinpeti",585,28
6690,1768296126003,"Isalu Jigbokin",585,28
6691,1768296126008,"Ofosu Onisere",585,28
6692,1768296126012,"Owena Aponmulona",585,28
6693,1768296126017,"Ero Ibuji Mariwo",586,28
6694,1768296126022,"Igbaka Oke I",586,28
6695,1768296126027,"Igbaka Oke II",586,28
6696,1768296126032,"Ijare 1",586,28
6697,1768296126037,"Ijare 11",586,28
6698,1768296126045,"Ilara 1",586,28
6699,1768296126050,"Ilara 11",586,28
6700,1768296126055,"Ipogun Ibule",586,28
6701,1768296126070,"Isarun Erigi",586,28
6702,1768296126074,"Obo Ikota Olo Gbo",586,28
6703,1768296126079,Aheri,587,28
6704,1768296126083,Etikan,587,28
6705,1768296126088,"Mahin 1",587,28
6706,1768296126092,"Mahin 11",587,28
6707,1768296126097,"Mahin 111",587,28
6708,1768296126102,"Mahin 1V",587,28
6709,1768296126107,"Ugbo 1",587,28
6710,1768296126113,"Ugbo 11",587,28
6711,1768296126119,"Ugbo 111",587,28
6712,1768296126123,"Ugbo 1V",587,28
6713,1768296126128,"Ugbo V",587,28
6714,1768296126133,"Ugbo V1",587,28
6715,1768296126137,"Ileoluji 1",588,28
6716,1768296126142,"Ileoluji 11",588,28
6717,1768296126148,"Ileoluji 1V",588,28
6718,1768296126152,"Ileoluji III",588,28
6719,1768296126157,"Ileoluji V",588,28
6720,1768296126162,"Ileoluji VI",588,28
6721,1768296126167,"Oke Igbo 1",588,28
6722,1768296126172,"Oke Igbo 11",588,28
6723,1768296126176,"Oke Igbo 111",588,28
6724,1768296126180,"Oke Igbo 1V",588,28
6725,1768296126185,"Ajagba 1",589,28
6726,1768296126189,"Ajagba 11",589,28
6727,1768296126193,"Akotogbo 1",589,28
6728,1768296126197,"Akotogbo 11",589,28
6729,1768296126202,"Irele 1",589,28
6730,1768296126206,"Irele 11",589,28
6731,1768296126210,"Irele 1V",589,28
6732,1768296126215,"Irele III",589,28
6733,1768296126219,"Irele V",589,28
6734,1768296126223,"Iyansan Omi",589,28
6735,1768296126228,Agbabu,590,28
6736,1768296126232,"Ago Alaye",590,28
6737,1768296126237,Ajue,590,28
6738,1768296126241,"Araromi Obu",590,28
6739,1768296126246,Ayesan,590,28
6740,1768296126250,Ebijan,590,28
6741,1768296126254,Koseru,590,28
6742,1768296126258,Odigbo,590,28
6743,1768296126263,Oniparaga,590,28
6744,1768296126267,"Ore 1",590,28
6745,1768296126271,"Ore 11",590,28
6746,1768296126275,"Aye 11",591,28
6747,1768296126279,"Ayeka Igbodigo",591,28
6748,1768296126284,Erinje,591,28
6749,1768296126288,"Igbotako 1",591,28
6750,1768296126292,"Igbotako 11",591,28
6751,1768296126296,"Iju Odo Erekiti",591,28
6752,1768296126301,"Ikoya Oloto",591,28
6753,1768296126305,"Ilutitun 1",591,28
6754,1768296126309,"Ilutitun 111",591,28
6755,1768296126313,"Ilutitun II",591,28
6756,1768296126318,"Ode Aye 1",591,28
6757,1768296126322,"Okitipupa 1",591,28
6758,1768296126326,"Okitipupa 11",591,28
6759,1768296126330,"Asantan Oja",592,28
6760,1768296126335,"Ateru Otasan Igba",592,28
6761,1768296126339,"Bolorunduro 1",592,28
6762,1768296126343,Epe,592,28
6763,1768296126347,Fagbo,592,28
6764,1768296126356,Obada,592,28
6765,1768296126361,Oboto,592,28
6766,1768296126366,Orisunmibare,592,28
6767,1768296126371,"Owena Bridge",592,28
6768,1768296126375,Tepo,592,28
6769,1768296126380,"Enuowa Obalalu",593,28
6770,1768296126384,"Gbaghengha Gbongbo Ajagba Alafia",593,28
6771,1768296126388,"Ifore Odosida Loro",593,28
6772,1768296126393,"Ilunla Bagbe Odowo I",593,28
6773,1768296126397,"Ilunla Bagbe Odowo II",593,28
6774,1768296126402,"Litaye Obunkekere Igbindo",593,28
6775,1768296126406,"Lodasa Iparuku Lijoka",593,28
6776,1768296126410,"Odojomu Erinketa Legiri",593,28
6777,1768296126415,"Oke Otunba Oke Diba Sokoti",593,28
6778,1768296126419,"Okeagunla Okerowo Okekuta",593,28
6779,1768296126423,"Okelisa Okedoko Ogbodu",593,28
6780,1768296126428,"Orisunmibare Araromi",593,28
6781,1768296126432,Afo,594,28
6782,1768296126437,"Idoani 1",594,28
6783,1768296126441,"Idoani 11",594,28
6784,1768296126446,Idogun,594,28
6785,1768296126450,"Ifon 1",594,28
6786,1768296126454,"Ifon 11",594,28
6787,1768296126458,Ijagba,594,28
6788,1768296126463,"Ikaro Elegbeka",594,28
6789,1768296126467,Imeri,594,28
6790,1768296126472,"Imoru Arimogija",594,28
6791,1768296126477,Okeluse,594,28
6792,1768296126481,Ute,594,28
6793,1768296126486,Ehinogbe,595,28
6794,1768296126490,"Igboroko 1",595,28
6795,1768296126494,"Igboroko 11",595,28
6796,1768296126498,"Ijebu 1",595,28
6797,1768296126503,"Ijebu 11",595,28
6798,1768296126507,Iloro,595,28
6799,1768296126511,Ipele,595,28
6800,1768296126516,Isaipen,595,28
6801,1768296126530,"Isuada Ipenmen Idasan Obasooto",595,28
6802,1768296126535,Iyare,595,28
6803,1768296126539,"Uso Emure Ile",595,28
6804,1768296126545,Ajebandele,596,29
6805,1768296126550,Ayegunle,596,29
6806,1768296126555,"Eti Oni",596,29
6807,1768296126560,Faforiji,596,29
6808,1768296126566,"Forest Reserve 1",596,29
6809,1768296126571,"Forest Reserve II",596,29
6810,1768296126575,Igangan,596,29
6811,1768296126579,Iperindo,596,29
6812,1768296126584,Ipole,596,29
6813,1768296126588,Iwara,596,29
6814,1768296126592,Ibodi,597,29
6815,1768296126596,Ifelodun,597,29
6816,1768296126601,"Ifewara I",597,29
6817,1768296126605,"Ifewara II",597,29
6818,1768296126610,"Isa Obi",597,29
6819,1768296126614,"Ita Gunmodi",597,29
6820,1768296126619,Muroko,597,29
6821,1768296126623,"Oke Bode",597,29
6822,1768296126628,"Osu III",597,29
6823,1768296126632,"Osu I",597,29
6824,1768296126637,"Osu II",597,29
6825,1768296126641,Anlugbua,598,29
6826,1768296126645,"Araromi Owu",598,29
6827,1768296126650,Balogun,598,29
6828,1768296126654,"Gbongan Rural",598,29
6829,1768296126658,"Ijegbe Oke Eso Oke Owu Ijugbe",598,29
6830,1768296126666,"Lagere Amola",598,29
6831,1768296126671,Obalufon,598,29
6832,1768296126675,"Ode Omu Rural",598,29
6833,1768296126679,Olufi,598,29
6834,1768296126683,"Otun Balogun",598,29
6835,1768296126688,"Otun Olufi",598,29
6836,1768296126692,"Ileogbo I",599,29
6837,1768296126696,"Ileogbo II",599,29
6838,1768296126701,"Ileogbo III",599,29
6839,1768296126705,"Ileogbo IV",599,29
6840,1768296126709,"Kuta I",599,29
6841,1768296126713,"Kuta II",599,29
6842,1768296126717,"Oke Osun",599,29
6843,1768296126722,"Oluponna 1",599,29
6844,1768296126726,"Oluponna 1I",599,29
6845,1768296126730,"Oluponna 1Ii",599,29
6846,1768296126734,Eripa,600,29
6847,1768296126738,"Gbeleru Obaala I",600,29
6848,1768296126743,"Gbeleru Obaala II",600,29
6849,1768296126747,"Iresi I",600,29
6850,1768296126751,"Iresi II",600,29
6851,1768296126756,"Obala Iloro",600,29
6852,1768296126760,"Oke Ode Otan",600,29
6853,1768296126765,"Oke Irun",600,29
6854,1768296126770,"Oke Omi Otan",600,29
6855,1768296126774,"Oke Otan",600,29
6856,1768296126779,"Ada I",601,29
6857,1768296126783,"Ada II",601,29
6858,1768296126789,Agba,601,29
6859,1768296126795,"College Egbada Road",601,29
6860,1768296126800,"Isale Asa Iree",601,29
6861,1768296126806,"Isale Oyo",601,29
6862,1768296126811,"Oja Oba",601,29
6863,1768296126817,"Oke Aree",601,29
6864,1768296126823,"Oke Esa Oke Ogi",601,29
6865,1768296126828,"Oloti Iragbiji",601,29
6866,1768296126833,Ororuwo,601,29
6867,1768296126837,"Abogunde Sagba",602,29
6868,1768296126842,Alusekere,602,29
6869,1768296126846,Apaso,602,29
6870,1768296126851,"Bara Ejemu",602,29
6871,1768296126856,"Isibo Buari Isola",602,29
6872,1768296126860,"Jagun Jagun Ede",602,29
6873,1768296126865,"Olaba Atapara",602,29
6874,1768296126870,"Ologun Agbaakin",602,29
6875,1768296126874,Olusokun,602,29
6876,1768296126879,"Sabo Agbongbe I",602,29
6877,1768296126884,"Sabo Agbongbe II",602,29
6878,1768296126888,"Alajue I",603,29
6879,1768296126893,"Alajue II",603,29
6880,1768296126897,Asunmo,603,29
6881,1768296126902,"Babanla Agate",603,29
6882,1768296126908,Babasanya,603,29
6883,1768296126912,Kuye,603,29
6884,1768296126917,Loogun,603,29
6885,1768296126921,Olodan,603,29
6886,1768296126926,"Oloki Akoda",603,29
6887,1768296126930,Sekona,603,29
6888,1768296126934,"Ara I",604,29
6889,1768296126939,"Ara II",604,29
6890,1768296126943,"Awo Abudo",604,29
6891,1768296126947,"Ido Osun",604,29
6892,1768296126952,Ikotun,604,29
6893,1768296126956,"Ira Gberi I",604,29
6894,1768296126960,"Ira Gberi II",604,29
6895,1768296126965,"Iwoye Idoo Origo",604,29
6896,1768296126969,"Ojo Aro",604,29
6897,1768296126973,"Okin Ni Olorunsogo Ofatedo",604,29
6898,1768296126978,"Elejigbo A",605,29
6899,1768296126982,"Elejigbo B Osolo",605,29
6900,1768296126986,"Elejigbo C Mapo",605,29
6901,1768296127006,"Elejigbo D Ejemu",605,29
6902,1768296127011,"Elejigbo Ayegbogbo",605,29
6903,1768296127015,"Ifeodan A Owu Ile",605,29
6904,1768296127020,"Ifeodan B Masifa",605,29
6905,1768296127025,"Ilawo Isoko Isundunrin",605,29
6906,1768296127029,"Inisa I Aato Igbon",605,29
6907,1768296127034,"Inisa II Afaake Ayegunle",605,29
6908,1768296127038,"Ola Aye Agurodo",605,29
6909,1768296127043,Akarabata,606,29
6910,1768296127048,"Ilare 1",606,29
6911,1768296127052,"Ilare 1I",606,29
6912,1768296127056,"Ilare III",606,29
6913,1768296127061,"Ilare IV",606,29
6914,1768296127065,"Iremo II Eleyele",606,29
6915,1768296127070,"Iremo III",606,29
6916,1768296127074,"Iremo IV",606,29
6917,1768296127079,"Iremo V",606,29
6918,1768296127090,"Iremo Ajebandele",606,29
6919,1768296127095,"More Ojaja",606,29
6920,1768296127101,"Ilode I",607,29
6921,1768296127105,"Ilode II",607,29
6922,1768296127110,"Modakeke II",607,29
6923,1768296127116,"Modakeke III",607,29
6924,1768296127122,"Modakeke I",607,29
6925,1768296127126,More,607,29
6926,1768296127133,"Okerewe I",607,29
6927,1768296127138,"Okerewe II",607,29
6928,1768296127145,"Okerewe III",607,29
6929,1768296127150,Yekemi,607,29
6930,1768296127156,"Asipa Akinlalu",608,29
6931,1768296127161,"Edunabon I",608,29
6932,1768296127167,"Edunabon II",608,29
6933,1768296127172,Famia,608,29
6934,1768296127177,"Ipetumodu I",608,29
6935,1768296127183,"Ipetumodu II",608,29
6936,1768296127188,Moro,608,29
6937,1768296127194,"Oyere II",608,29
6938,1768296127199,"Oyere I",608,29
6939,1768296127204,Yakoyo,608,29
6940,1768296127209,Aare,609,29
6941,1768296127214,"Abiri Ogudu",609,29
6942,1768296127219,Aye,609,29
6943,1768296127224,Ayesan,609,29
6944,1768296127231,"Ikija I",609,29
6945,1768296127236,"Ikija II",609,29
6946,1768296127245,Kere,609,29
6947,1768296127250,Mefoworade,609,29
6948,1768296127255,"Oke Owena",609,29
6949,1768296127263,Olode,609,29
6950,1768296127267,Osi,609,29
6951,1768296127272,Akesin,610,29
6952,1768296127276,Asaoni,610,29
6953,1768296127280,"Aworo Oke Ila Rural",610,29
6954,1768296127285,Ayetoro,610,29
6955,1768296127289,Balogun,610,29
6956,1768296127294,"Co Operative",610,29
6957,1768296127298,Isinmi,610,29
6958,1768296127303,Obaale,610,29
6959,1768296127307,Oyi,610,29
6960,1768296127311,Temidire,610,29
6961,1768296127316,"Amola Ikirun",611,29
6962,1768296127321,"Eesa Ikirun",611,29
6963,1768296127325,"Ekoende Eko Ajala",611,29
6964,1768296127329,"Iba I",611,29
6965,1768296127334,"Iba II",611,29
6966,1768296127338,"Ikirun Rural",611,29
6967,1768296127342,"Isale Oke Afo",611,29
6968,1768296127347,Obagun,611,29
6969,1768296127351,"Okeba Ikirun",611,29
6970,1768296127359,"Olonde Ikirun",611,29
6971,1768296127364,"Owode Ikirun",611,29
6972,1768296127368,"Station Road Ikirun",611,29
6973,1768296127373,"Ajaba Edemosi Aba Orangun",612,29
6974,1768296127377,"Ejigbo I",612,29
6975,1768296127382,"Ejigbo II",612,29
6976,1768296127386,"Ejigbo III",612,29
6977,1768296127391,Eyindi,612,29
6978,1768296127395,"Eyindi Iperin",612,29
6979,1768296127401,Iperin,612,29
6980,1768296127405,"Isedo I",612,29
6981,1768296127410,"Isedo II",612,29
6982,1768296127415,"Oke Ede",612,29
6983,1768296127420,"Oke Ola",612,29
6984,1768296127424,Biladu,613,29
6985,1768296127428,Bolorunduro,613,29
6986,1768296127433,"Ifosan Oke Eso",613,29
6987,1768296127437,Ijamo,613,29
6988,1768296127442,Ilerin,613,29
6989,1768296127446,"Iloro Roye",613,29
6990,1768296127450,Imo,613,29
6991,1768296127455,Isare,613,29
6992,1768296127459,"Itisin Ogudu",613,29
6993,1768296127464,Okesa,613,29
6994,1768296127468,"Upper Lower Ijoka",613,29
6995,1768296127473,Ayeso,614,29
6996,1768296127477,Ereja,614,29
6997,1768296127482,"Ikoti Araromi",614,29
6998,1768296127486,Ilaje,614,29
6999,1768296127490,"Isida Adeti",614,29
7000,1768296127494,Isokun,614,29
7001,1768296127509,Itakogun,614,29
7002,1768296127513,"Lower Egbedi",614,29
7003,1768296127517,"Omofe Idasa",614,29
7004,1768296127522,"Upper And Lower Igbogi",614,29
7005,1768296127526,"Bara A",615,29
7006,1768296127531,"Bara B",615,29
7007,1768296127535,"Elerin A",615,29
7008,1768296127540,"Elerin B",615,29
7009,1768296127544,"Elerin C",615,29
7010,1768296127548,"Elerin D",615,29
7011,1768296127553,"Elerin E",615,29
7012,1768296127557,"Olobu A",615,29
7013,1768296127561,"Olobu C",615,29
7014,1768296127566,"Olobu D",615,29
7015,1768296127570,"Olubu B",615,29
7016,1768296127574,"Ikire A",616,29
7017,1768296127578,"Ikire B",616,29
7018,1768296127583,"Ikire C",616,29
7019,1768296127587,"Ikire D",616,29
7020,1768296127591,"Ikire E",616,29
7021,1768296127595,"Ikire F",616,29
7022,1768296127600,"Ikire G",616,29
7023,1768296127604,"Ikire H",616,29
7024,1768296127608,"Ikire I",616,29
7025,1768296127613,"Ikire J",616,29
7026,1768296127617,"Ikire K",616,29
7027,1768296127622,"Alapomu I Odo Osun",617,29
7028,1768296127626,"Alapomu II",617,29
7029,1768296127630,"Asalu Mogimogi",617,29
7030,1768296127635,"Asalu Ikoyi",617,29
7031,1768296127639,"Awala I",617,29
7032,1768296127643,"Awala II",617,29
7033,1768296127647,"Idogun Ward",617,29
7034,1768296127652,"Olukoyi Oja Osun",617,29
7035,1768296127656,"Oosa Adifa",617,29
7036,1768296127664,"Oranran Ward",617,29
7037,1768296127669,"Osa Ikoyi Oloke",617,29
7038,1768296127673,"Gidigbo I",618,29
7039,1768296127678,"Gidigbo II",618,29
7040,1768296127683,"Gidigbo III",618,29
7041,1768296127688,"Isale Oba I",618,29
7042,1768296127692,"Isale Oba II",618,29
7043,1768296127697,"Isale Oba III",618,29
7044,1768296127701,"Isale Oba IV",618,29
7045,1768296127706,"Molete I",618,29
7046,1768296127710,"Molete II",618,29
7047,1768296127715,"Molete III",618,29
7048,1768296127719,"Oke Adan I",618,29
7049,1768296127723,"Oke Adan II",618,29
7050,1768296127728,"Oke Adan III",618,29
7051,1768296127732,"Oke Oba I",618,29
7052,1768296127736,"Oke Oba II",618,29
7053,1768296127741,"Eesun Ido Oko",619,29
7054,1768296127746,"Esa Odo",619,29
7055,1768296127750,"Esa Oke",619,29
7056,1768296127754,"Ibokun Township",619,29
7057,1768296127759,"Ilahun Ikinyinwa",619,29
7058,1768296127763,Ilare,619,29
7059,1768296127768,"Ilase Idominasi",619,29
7060,1768296127773,"Imesi Ile",619,29
7061,1768296127777,"Ipetu Ile Adaowode",619,29
7062,1768296127782,"Otan Ile",619,29
7063,1768296127786,"Asi Asaba",620,29
7064,1768296127793,Baale,620,29
7065,1768296127798,"Ekosin Iyeku",620,29
7066,1768296127803,"Esa Otun Baale Ode",620,29
7067,1768296127808,"Faji Opete",620,29
7068,1768296127813,Igbaye,620,29
7069,1768296127820,"Ijabe Ila Odo",620,29
7070,1768296127825,"Jagun Osi Bale Ode",620,29
7071,1768296127829,"Oba Ojomu",620,29
7072,1768296127834,"Okua Ekusa",620,29
7073,1768296127838,"Oloyan Elemosho Esa",620,29
7074,1768296127843,Olukotun,620,29
7075,1768296127847,Olunisa,620,29
7076,1768296127852,"Ore Agbeye",620,29
7077,1768296127858,"Osolo Oparin Ola",620,29
7078,1768296127870,"Ajagba Iwo Oke",621,29
7079,1768296127875,"Asa Ajagunlase",621,29
7080,1768296127880,"Asamu Ilemowu",621,29
7081,1768296127893,"Bode Osi",621,29
7082,1768296127898,"Ikire Ile Iwara",621,29
7083,1768296127902,"Isero Ikonifin",621,29
7084,1768296127907,"Obamoro Ile Ogo",621,29
7085,1768296127911,"Ogbaagba I",621,29
7086,1768296127916,"Ogbaagba II",621,29
7087,1768296127920,Telemu,621,29
7088,1768296127924,Agowande,622,29
7089,1768296127928,Akogun,622,29
7090,1768296127933,Atelewo,622,29
7091,1768296127938,Ayetoro,622,29
7092,1768296127942,Balogun,622,29
7093,1768296127947,Ilie,622,29
7094,1768296127952,"Oba Oke",622,29
7095,1768296127956,"Oba Ile",622,29
7096,1768296127960,"Owode I",622,29
7097,1768296127965,"Owode II",622,29
7098,1768296127970,Owoope,622,29
7099,1768296127974,"Apoti Dagbaja",623,29
7100,1768296127979,"Erin Ijesa",623,29
7101,1768296127999,"Erin Oke",623,29
7102,1768296128003,"Erinmo Iwaraja",623,29
7103,1768296128008,"Ijebu Jesa",623,29
7104,1768296128013,"Ijeda Iloko",623,29
7105,1768296128017,"Ijeji Arakeji Owena",623,29
7106,1768296128022,"Ikeji Ile",623,29
7107,1768296128026,"Ipetu Ijesa I",623,29
7108,1768296128031,"Ipetu Ijesa II",623,29
7109,1768296128036,Ira,623,29
7110,1768296128040,Iwoye,623,29
7111,1768296128045,"Olufon Orolu J",624,29
7112,1768296128049,"Olufon Orolu A",624,29
7113,1768296128054,"Olufon Orolu B",624,29
7114,1768296128059,"Olufon Orolu I",624,29
7115,1768296128064,"Olufon Orolu C",624,29
7116,1768296128068,"Olufon Orolu D",624,29
7117,1768296128073,"Olufon Orolu E",624,29
7118,1768296128077,"Olufon Orolu F",624,29
7119,1768296128082,"Olufon Orolu G",624,29
7120,1768296128086,"Olufon Orolu H",624,29
7121,1768296128090,Alagba,625,29
7122,1768296128095,"Are Ago",625,29
7123,1768296128099,"Ataoja A",625,29
7124,1768296128104,"Ataoja B",625,29
7125,1768296128109,"Ataoja C",625,29
7126,1768296128113,"Ataoja D",625,29
7127,1768296128119,"Ataoja E",625,29
7128,1768296128125,"Baba Kekere",625,29
7129,1768296128130,Ekerin,625,29
7130,1768296128134,Eketa,625,29
7131,1768296128139,"Jagun A",625,29
7132,1768296128144,"Jagun B",625,29
7133,1768296128148,"Otun Balogun A",625,29
7134,1768296128153,"Otun Hagun B",625,29
7135,1768296128157,"Otun Jagun A",625,29
7136,1768296128162,"Akinmorin Jobele",626,30
7137,1768296128166,"Awe I",626,30
7138,1768296128170,"Awe II",626,30
7139,1768296128175,"Fiditi I",626,30
7140,1768296128179,"Fiditi II",626,30
7141,1768296128184,"Ilora I",626,30
7142,1768296128188,"Ilora II",626,30
7143,1768296128193,"Ilora III",626,30
7144,1768296128198,Imini,626,30
7145,1768296128202,Iware,626,30
7146,1768296128206,"Ajibade Alabata Elekuru",627,30
7147,1768296128211,"Akinyele Isabiyi Irepodun",627,30
7148,1768296128216,"Arulogun Eniosa Aroro",627,30
7149,1768296128220,"Ijaye Ojedeji",627,30
7150,1768296128225,Ikereku,627,30
7151,1768296128230,Iroko,627,30
7152,1768296128234,"Iwokoto Talontan Idi Oro",627,30
7153,1768296128238,"Ojo Emo Moniya",627,30
7154,1768296128243,"Ojoo Ajibode Laniba",627,30
7155,1768296128247,"Olanla Oboda Labode",627,30
7156,1768296128251,"Olode Amosun Onidundu",627,30
7157,1768296128256,"Olorisa Oko Okegbemi Mele",627,30
7158,1768296128260,"Agunpopo I",628,30
7159,1768296128265,"Agunpopo II",628,30
7160,1768296128269,"Agunpopo III",628,30
7161,1768296128274,Aremo,628,30
7162,1768296128279,"Ashipa I",628,30
7163,1768296128283,"Ashipa II",628,30
7164,1768296128287,"Ashipa III",628,30
7165,1768296128291,Bashorun,628,30
7166,1768296128296,"Oke Afin 1",628,30
7167,1768296128300,"Oke Afin II",628,30
7168,1768296128304,"Ago Are I",629,30
7169,1768296128309,"Ago Are II",629,30
7170,1768296128313,Alaga,629,30
7171,1768296128317,Basi,629,30
7172,1768296128322,"Irawo Ile",629,30
7173,1768296128326,"Irawo Owode",629,30
7174,1768296128330,Ofiki,629,30
7175,1768296128338,"Owo Agunrege Sabe",629,30
7176,1768296128343,"Tede I",629,30
7177,1768296128349,"Tede II",629,30
7178,1768296128354,"Ayede Alugbo Koloko",630,30
7179,1768296128359,Egbeda,630,30
7180,1768296128365,Erunmu,630,30
7181,1768296128369,"Olodan Ajinogbo",630,30
7182,1768296128375,"Olode Alakia",630,30
7183,1768296128379,"Olodo II",630,30
7184,1768296128384,"Olodo III",630,30
7185,1768296128388,"Olodo Kumapayi I",630,30
7186,1768296128393,"Olubadan Estate",630,30
7187,1768296128398,"Osegere Awaye",630,30
7188,1768296128403,"Owobaale Kasumu",630,30
7189,1768296128407,"Ward I N2",631,30
7190,1768296128412,"Ward II N3",631,30
7191,1768296128416,"Ward III N4",631,30
7192,1768296128421,"Ward IV N5A",631,30
7193,1768296128425,"Ward IX N6B Part I",631,30
7194,1768296128429,"Ward V N5B",631,30
7195,1768296128434,"Ward VI N6A Part I",631,30
7196,1768296128439,"Ward VII N6A Part II",631,30
7197,1768296128443,"Ward VIII N6A Part III",631,30
7198,1768296128448,"Ward X N6B Part II",631,30
7199,1768296128452,"Ward XI Nw8",631,30
7200,1768296128457,"Ward XII Nw8",631,30
7201,1768296128472,"III E3",632,30
7202,1768296128477,"Ward 2 Ni Part II",632,30
7203,1768296128481,"Ward I Ei",632,30
7204,1768296128488,"Ward IV E4",632,30
7205,1768296128492,"Ward IX E7Ii",632,30
7206,1768296128498,"Ward V E5A",632,30
7207,1768296128504,"Ward VI E5B",632,30
7208,1768296128508,"Ward VII E6",632,30
7209,1768296128514,"Ward VIII E7 I",632,30
7210,1768296128520,"Ward X E8",632,30
7211,1768296128525,"Ward XI E9 I",632,30
7212,1768296128529,"Ward XII E9 II",632,30
7213,1768296128535,"Ward 10 Nw7",633,30
7214,1768296128541,"Ward 11 Nw7",633,30
7215,1768296128546,"Ward 2 Ni Part II",633,30
7216,1768296128551,"Ward 3 Nw1",633,30
7217,1768296128557,"Ward 4 Nw2",633,30
7218,1768296128562,"Ward 5 Nw3 Part I",633,30
7219,1768296128568,"Ward 6 Nw3 Part I",633,30
7220,1768296128573,"Ward 7 Nw4",633,30
7221,1768296128577,"Ward 8 Nw5",633,30
7222,1768296128582,"Ward 9 Nw6",633,30
7223,1768296128587,"Ward I Ni Part I",633,30
7224,1768296128593,"Ward 08 Sw7",634,30
7225,1768296128597,"Ward 1 C2",634,30
7226,1768296128602,"Ward 10 Sw8 II",634,30
7227,1768296128606,"Ward 11 Sw9 1",634,30
7228,1768296128610,"Ward 12 Sw9 II",634,30
7229,1768296128615,"Ward 2 Sw1",634,30
7230,1768296128620,"Ward 3 Sw2",634,30
7231,1768296128624,"Ward 4 Sw3A 3B",634,30
7232,1768296128631,"Ward 5 Sw4",634,30
7233,1768296128636,"Ward 6 Sw5",634,30
7234,1768296128640,"Ward 7 Sw6",634,30
7235,1768296128645,"Ward 9 Sw8 1",634,30
7236,1768296128649,C1,635,30
7237,1768296128654,"S S5",635,30
7238,1768296128658,"S 1",635,30
7239,1768296128664,"S 2A",635,30
7240,1768296128668,"S 3",635,30
7241,1768296128677,"S 4A",635,30
7242,1768296128682,"S 4B",635,30
7243,1768296128687,"S 6A",635,30
7244,1768296128691,"S 7A",635,30
7245,1768296128696,"S 7B",635,30
7246,1768296128701,"S 2B",635,30
7247,1768296128705,"S 6B",635,30
7248,1768296128710,"Iberekodo I Pataoju",636,30
7249,1768296128715,"Iberekodo Agbooro Ita Baale",636,30
7250,1768296128720,"Idere I Molete",636,30
7251,1768296128724,"Idere II Ominigbo Oke Oba",636,30
7252,1768296128731,"Idere III Koso Apa",636,30
7253,1768296128735,"Idofin Isaganun",636,30
7254,1768296128740,"Igbole Pako",636,30
7255,1768296128744,"Isale Oba",636,30
7256,1768296128749,"Oke Odo",636,30
7257,1768296128753,"Okeserin I II",636,30
7258,1768296128758,Aborerin,637,30
7259,1768296128762,Anko,637,30
7260,1768296128767,Isaba,637,30
7261,1768296128772,"Isale Togun",637,30
7262,1768296128776,Itabo,637,30
7263,1768296128780,"New Eruwa",637,30
7264,1768296128785,"Oke Oba",637,30
7265,1768296128790,"Oke Otun",637,30
7266,1768296128796,"Oke Imale",637,30
7267,1768296128800,Sango,637,30
7268,1768296128805,"Ayete I",638,30
7269,1768296128809,"Ayete II",638,30
7270,1768296128814,"Igangan I",638,30
7271,1768296128818,"Igangan II",638,30
7272,1768296128823,"Igangan III",638,30
7273,1768296128827,"Igangan IV",638,30
7274,1768296128831,"Ofiki I",638,30
7275,1768296128836,"Ofiki II",638,30
7276,1768296128841,"Tapa I",638,30
7277,1768296128846,"Tapa II",638,30
7278,1768296128851,"Aba Emo Ilaju Alako",639,30
7279,1768296128856,"Akinware Akindele",639,30
7280,1768296128860,"Akufo Idigba Araromi",639,30
7281,1768296128865,"Apete Ayegun Awotan",639,30
7282,1768296128869,"Batake Idi Iya",639,30
7283,1768296128873,"Erinwusi Koguo Odetola",639,30
7284,1768296128878,"Fenwa Oganla Elenusonso",639,30
7285,1768296128882,"Ido Onikede Okuna Awo",639,30
7286,1768296128886,"Ogundele Alaho Siba Idi Ahun",639,30
7287,1768296128891,"Omi Adio Omi Onigbagbo Bakatari",639,30
7288,1768296128895,Agoro,640,30
7289,1768296128899,Ajagunna,640,30
7290,1768296128904,Atipa,640,30
7291,1768296128908,"Iba I",640,30
7292,1768296128912,"Iba II",640,30
7293,1768296128917,"Iba III",640,30
7294,1768296128921,"Iba IV",640,30
7295,1768296128925,"Iba V",640,30
7296,1768296128931,Ikolaba,640,30
7297,1768296128936,"Laha Ajana",640,30
7298,1768296128940,"Ado Awaye",641,30
7299,1768296128944,"Akinwumi Osoogun",641,30
7300,1768296128948,"Ekunle I",641,30
7301,1768296128964,"Ekunle II",641,30
7302,1768296128968,Faramora,641,30
7303,1768296128972,"Ijemba Oke Ola Oke Oja",641,30
7304,1768296128977,"Isalu I",641,30
7305,1768296128981,"Isalu II",641,30
7306,1768296128985,"Koso I",641,30
7307,1768296128994,"Koso II",641,30
7308,1768296128999,"Ladogan Oke Eyin",641,30
7309,1768296129003,Babaode,642,30
7310,1768296129007,Igbojaiye,642,30
7311,1768296129012,Ipapo,642,30
7312,1768296129017,Komu,642,30
7313,1768296129021,"Okaka I",642,30
7314,1768296129026,"Okaka II",642,30
7315,1768296129030,"Oke Amu",642,30
7316,1768296129034,"Otu 1",642,30
7317,1768296129039,"Otu II",642,30
7318,1768296129043,"Owode Ipapo",642,30
7319,1768296129047,"Agbaakin I",643,30
7320,1768296129052,"Agbaakin II",643,30
7321,1768296129056,"Iwere Ile I",643,30
7322,1768296129060,"Iwere Ile II",643,30
7323,1768296129065,"Iwere Ile III",643,30
7324,1768296129069,"Iwere Ile IV",643,30
7325,1768296129073,"Sabi Gana I",643,30
7326,1768296129077,"Sabi Gana II",643,30
7327,1768296129081,"Sabi Gana III",643,30
7328,1768296129086,"Sabi Gana IV",643,30
7329,1768296129090,"Ayetoro Oke I",644,30
7330,1768296129095,Elero,644,30
7331,1768296129099,"Gbelekale I II",644,30
7332,1768296129103,"Iba Ogan",644,30
7333,1768296129107,Ijo,644,30
7334,1768296129112,"Ilaji Oke Iwere Oke",644,30
7335,1768296129116,"Imoba Oke Ogun",644,30
7336,1768296129121,"Isemi Ile Imia Ilua",644,30
7337,1768296129125,Isia,644,30
7338,1768296129129,Kajola,644,30
7339,1768296129134,Olele,644,30
7340,1768296129138,"Ajara Opeodu",645,30
7341,1768296129143,"Apatere Kuffi Ogunbode Ogo",645,30
7342,1768296129147,"Arulogun Ehin Kelebe",645,30
7343,1768296129152,"Ejioku Igbon Ariku",645,30
7344,1768296129157,"Lagelu Market Kajola Gbena",645,30
7345,1768296129161,Lagun,645,30
7346,1768296129166,"Lalupon I",645,30
7347,1768296129170,"Lalupon II",645,30
7348,1768296129175,"Lalupon III",645,30
7349,1768296129180,"Ofa Igbo",645,30
7350,1768296129184,"Ogunjana Olowode Ogburo",645,30
7351,1768296129189,"Ogunremi Ogunsina",645,30
7352,1768296129194,"Oyedeji Olode Kutayi",645,30
7353,1768296129199,"Sagbe Pabiekun",645,30
7354,1768296129207,"Aaje Ogunbado Oke Agbede",646,30
7355,1768296129211,Abogunde,646,30
7356,1768296129217,"Aguodo Masifa",646,30
7357,1768296129222,"Isale Afon",646,30
7358,1768296129226,"Isale Alaasa",646,30
7359,1768296129231,"Isale Ora Saja",646,30
7360,1768296129235,Jagun,646,30
7361,1768296129241,Okelerin,646,30
7362,1768296129246,Osupa,646,30
7363,1768296129251,"Sabo Tara",646,30
7364,1768296129256,Akata,647,30
7365,1768296129260,Alapata,647,30
7366,1768296129265,Arowomole,647,30
7367,1768296129269,Ibapon,647,30
7368,1768296129273,"Ijeru I",647,30
7369,1768296129277,"Ijeru II",647,30
7370,1768296129281,Ilogbo,647,30
7371,1768296129285,Isoko,647,30
7372,1768296129290,Lagbedu,647,30
7373,1768296129294,"Oke Ola Farm Settlement",647,30
7374,1768296129298,"Ajaawa I",648,30
7375,1768296129303,"Ajaawa II",648,30
7376,1768296129307,Ayede,648,30
7377,1768296129311,Ayetoro,648,30
7378,1768296129315,Idewure,648,30
7379,1768296129320,Lagbedu,648,30
7380,1768296129324,"Mowolowo Iwo Ate",648,30
7381,1768296129328,"Odo Oba",648,30
7382,1768296129336,Opete,648,30
7383,1768296129340,Otamokun,648,30
7384,1768296129345,"Aboke Aboyun Ogun",649,30
7385,1768296129349,"Elerugba Elehinke Sagbo Aperu",649,30
7386,1768296129353,"Ikolaba Obadimo",649,30
7387,1768296129358,"Onigbeti I Iyamopo",649,30
7388,1768296129363,"Onigbeti II Saagbon Agoro Santo",649,30
7389,1768296129367,"Onigbeti III IV Agbeni",649,30
7390,1768296129371,"Opa Ogunniyi",649,30
7391,1768296129375,"Seriki I Abosino Okin",649,30
7392,1768296129380,"Seriki II Agbele",649,30
7393,1768296129384,"Waro Apata Alaje",649,30
7394,1768296129388,Ayegun,650,30
7395,1768296129392,"Idi Iroko Ikereku",650,30
7396,1768296129397,"Idi Osan Egbeda Atuba",650,30
7397,1768296129403,"Muslim Ogbere",650,30
7398,1768296129407,"Odo Ona Nla",650,30
7399,1768296129412,"Okanhinde Latunde",650,30
7400,1768296129416,"Olomi Olunde",650,30
7401,1768296129432,"Olonde Aba Nla",650,30
7402,1768296129436,Onipe,650,30
7403,1768296129440,"Orisunbare Ojo Ekun",650,30
7404,1768296129445,"Akanran Olorunda",651,30
7405,1768296129449,"Araromi Aperin",651,30
7406,1768296129453,Badeku,651,30
7407,1768296129458,"Gbada Efon",651,30
7408,1768296129462,"Odi Odeyale Odi Aperin",651,30
7409,1768296129466,Ogbere,651,30
7410,1768296129470,"Ogbere Tioya",651,30
7411,1768296129475,"Ojoku Ajia",651,30
7412,1768296129480,"Olode Gbedun Ojebode",651,30
7413,1768296129484,Olorunsogo,651,30
7414,1768296129488,"Oremeji Agugu",651,30
7415,1768296129493,Aare,652,30
7416,1768296129497,Alepata,652,30
7417,1768296129501,Bonni,652,30
7418,1768296129506,"Igbope Iyeye I",652,30
7419,1768296129511,"Igbope Iyeye II",652,30
7420,1768296129516,"Igi Isubu",652,30
7421,1768296129521,"Onibode I",652,30
7422,1768296129526,"Onibode II",652,30
7423,1768296129532,"Onibode III",652,30
7424,1768296129536,"Onigboho Alomo Okere",652,30
7425,1768296129541,"Ori Ire I",653,30
7426,1768296129545,"Ori Ire II",653,30
7427,1768296129550,"Ori Ire III",653,30
7428,1768296129554,"Ori Ire IV",653,30
7429,1768296129558,"Ori Ire IX",653,30
7430,1768296129563,"Ori Ire V",653,30
7431,1768296129567,"Ori Ire VI",653,30
7432,1768296129571,"Ori Ire VII",653,30
7433,1768296129576,"Ori Ire VIII",653,30
7434,1768296129580,"Ori Ire X",653,30
7435,1768296129585,"Agboye Molete",654,30
7436,1768296129589,Ajagba,654,30
7437,1768296129594,"Alaodi Modeke",654,30
7438,1768296129598,Apaara,654,30
7439,1768296129602,Apinni,654,30
7440,1768296129607,Balogun,654,30
7441,1768296129611,Jabata,654,30
7442,1768296129615,"Oke Apo",654,30
7443,1768296129620,Oluajo,654,30
7444,1768296129625,"Owode Araromi",654,30
7445,1768296129629,"Ajokidero Akewugberu",655,30
7446,1768296129634,Akeetan,655,30
7447,1768296129638,"Fasola Soku",655,30
7448,1768296129647,Iseke,655,30
7449,1768296129651,Isokun,655,30
7450,1768296129656,Iyaji,655,30
7451,1768296129660,Ojongbodu,655,30
7452,1768296129664,Opapa,655,30
7453,1768296129669,Owode,655,30
7454,1768296129673,"Pakoyi Idode",655,30
7455,1768296129677,Agbonle,656,30
7456,1768296129683,"Ago Amodu I",656,30
7457,1768296129687,"Ago Amodu II",656,30
7458,1768296129691,"Ogbooro I",656,30
7459,1768296129696,"Ogbooro II",656,30
7460,1768296129700,"Oje Owode I",656,30
7461,1768296129704,"Oje Owode II",656,30
7462,1768296129708,"Sepeteri I",656,30
7463,1768296129713,"Sepeteri II",656,30
7464,1768296129717,"Sepeteri III",656,30
7465,1768296129721,"Sepeteri IV",656,30
7466,1768296129725,"Aganmu Kooko",657,30
7467,1768296129730,Ajegunle,657,30
7468,1768296129734,Bagii,657,30
7469,1768296129739,"Ekokan Mua",657,30
7470,1768296129743,Iya,657,30
7471,1768296129747,"Ogidigbo Kinnikinni",657,30
7472,1768296129751,"Oke Oro",657,30
7473,1768296129756,"Okere I",657,30
7474,1768296129760,"Okere II",657,30
7475,1768296129764,"Sangote Booda Baabo Ilus",657,30
7476,1768296129768,"Sepeteri Bapon",657,30
7477,1768296129774,"Baya Oje",658,30
7478,1768296129778,"Igbon Gambari",658,30
7479,1768296129782,"Iresaadu I Iresaapa",658,30
7480,1768296129787,"Iresaadu II Arolu",658,30
7481,1768296129791,"Iresaadu III Iresaadu",658,30
7482,1768296129795,"Iresaadu IV Iregba",658,30
7483,1768296129800,Iwofin,658,30
7484,1768296129804,"Oko I Oko",658,30
7485,1768296129808,"Oko II Ilajue",658,30
7486,1768296129813,"Oko III Mayin",658,30
7487,1768296129817,"Barakin Ladi",659,31
7488,1768296129821,"Gassa Sho",659,31
7489,1768296129825,"Gindin Akwati",659,31
7490,1768296129829,Heipang,659,31
7491,1768296129835,Kapwis,659,31
7492,1768296129839,"Kurra Falls",659,31
7493,1768296129843,Lobiring,659,31
7494,1768296129848,"Marit Mazat",659,31
7495,1768296129852,Rafan,659,31
7496,1768296129856,Tafan,659,31
7497,1768296129861,Zabot,659,31
7498,1768296129865,Buhit,660,31
7499,1768296129869,Buji,660,31
7500,1768296129873,Gabia,660,31
7501,1768296129888,Gurum,660,31
7502,1768296129893,Jengre,660,31
7503,1768296129897,Kadamo,660,31
7504,1768296129901,Kakkek,660,31
7505,1768296129906,Kasuru,660,31
7506,1768296129910,Kimakpa,660,31
7507,1768296129914,Kishika,660,31
7508,1768296129919,Mafara,660,31
7509,1768296129923,Rimi,660,31
7510,1768296129927,"Ta Agbe",660,31
7511,1768296129931,Tahu,660,31
7512,1768296129935,Zabolo,660,31
7513,1768296129940,Zobwo,660,31
7514,1768296129948,Bokkos,661,31
7515,1768296129952,Butura,661,31
7516,1768296129957,Daffo,661,31
7517,1768296129961,Damwai,661,31
7518,1768296129965,Kwatas,661,31
7519,1768296129970,Mangor,661,31
7520,1768296129974,Manguna,661,31
7521,1768296129978,"Mbar Mangar",661,31
7522,1768296129982,"Mushere West",661,31
7523,1768296129986,"Mushere Central",661,31
7524,1768296129991,Richa,661,31
7525,1768296129995,Sha,661,31
7526,1768296129999,Tangur,661,31
7527,1768296130003,Toff,661,31
7528,1768296130010,Federe,662,31
7529,1768296130014,"Fobur B",662,31
7530,1768296130020,"Fobur A",662,31
7531,1768296130025,Fursum,662,31
7532,1768296130030,"Jarawan Kogi",662,31
7533,1768296130034,"Mai Gemu",662,31
7534,1768296130038,Maijuju,662,31
7535,1768296130043,"Shere East",662,31
7536,1768296130047,"Shere West",662,31
7537,1768296130051,Zandi,662,31
7538,1768296130055,"Abba Na Shehu",663,31
7539,1768296130060,"Ali Kazaure",663,31
7540,1768296130064,Gangare,663,31
7541,1768296130068,"Garba Daho",663,31
7542,1768296130073,"Ibrahim Katsina",663,31
7543,1768296130077,"Jenta Adamu",663,31
7544,1768296130081,"Jenta Apata",663,31
7545,1768296130085,"Jos Jarawa",663,31
7546,1768296130090,"Naraguta A",663,31
7547,1768296130094,"Naraguta B",663,31
7548,1768296130098,"Sarkin Arab",663,31
7549,1768296130102,"Tafawa Balewa",663,31
7550,1768296130106,"Tudun Wada Kabong",663,31
7551,1768296130110,Vanderpuye,663,31
7552,1768296130115,Bukuru,664,31
7553,1768296130119,Du,664,31
7554,1768296130123,Giring,664,31
7555,1768296130128,"Gyel A",664,31
7556,1768296130132,"Gyel B",664,31
7557,1768296130136,"Kuru A",664,31
7558,1768296130140,"Kuru B",664,31
7559,1768296130144,Shen,664,31
7560,1768296130148,Turu,664,31
7561,1768296130152,Vwang,664,31
7562,1768296130157,"Zawan A",664,31
7563,1768296130161,"Zawan B",664,31
7564,1768296130165,Birbyang,665,31
7565,1768296130169,Dengi,665,31
7566,1768296130174,Dugub,665,31
7567,1768296130178,Gagdib,665,31
7568,1768296130182,Garga,665,31
7569,1768296130187,Gumsher,665,31
7570,1768296130191,Gwamlar,665,31
7571,1768296130196,Jarmai,665,31
7572,1768296130200,Jom,665,31
7573,1768296130204,Kanam,665,31
7574,1768296130208,Kantana,665,31
7575,1768296130212,Kunkyam,665,31
7576,1768296130216,Munbutbo,665,31
7577,1768296130220,Namaran,665,31
7578,1768296130225,"Ampang East",666,31
7579,1768296130229,"Amper Chika A",666,31
7580,1768296130233,"Amper Chika B",666,31
7581,1768296130237,"Amper Seri",666,31
7582,1768296130242,Dawaki,666,31
7583,1768296130246,Garram,666,31
7584,1768296130250,"Kabwir Pada",666,31
7585,1768296130254,"Kabwir Gyangyang",666,31
7586,1768296130258,Langshi,666,31
7587,1768296130263,Nemel,666,31
7588,1768296130267,Funyalang,667,31
7589,1768296130275,Jat,667,31
7590,1768296130279,Keller,667,31
7591,1768296130284,Kuffen,667,31
7592,1768296130289,Kwallak,667,31
7593,1768296130295,Kwande,667,31
7594,1768296130299,Lipchok,667,31
7595,1768296130305,"Mban Zamko",667,31
7596,1768296130309,Nyer,667,31
7597,1768296130314,Pajat,667,31
7598,1768296130320,"Pil Gani",667,31
7599,1768296130326,"Pishe Yashi",667,31
7600,1768296130331,Reak,667,31
7601,1768296130346,Waroh,667,31
7602,1768296130350,"Dadin Kowa",668,31
7603,1768296130354,Fajul,668,31
7604,1768296130360,Gamakai,668,31
7605,1768296130366,Lashel,668,31
7606,1768296130371,Mabudi,668,31
7607,1768296130376,Magama,668,31
7608,1768296130381,"Sabon Gida",668,31
7609,1768296130386,Talgwang,668,31
7610,1768296130391,Timbol,668,31
7611,1768296130397,Turaki,668,31
7612,1768296130401,"Ampang West",669,31
7613,1768296130407,Chanso,669,31
7614,1768296130412,"Gindiri 1",669,31
7615,1768296130417,"Gindiri 11",669,31
7616,1768296130421,Jannaret,669,31
7617,1768296130425,"Jipal Chakfem",669,31
7618,1768296130430,Kadunu,669,31
7619,1768296130434,Kerang,669,31
7620,1768296130438,Kombun,669,31
7621,1768296130442,Langai,669,31
7622,1768296130446,"Mangu 1",669,31
7623,1768296130450,"Mangu 11",669,31
7624,1768296130454,"Mangu Halle",669,31
7625,1768296130458,Mangun,669,31
7626,1768296130462,"Pan Yam",669,31
7627,1768296130466,Pushit,669,31
7628,1768296130471,Baltep,670,31
7629,1768296130475,"Garkawa Central",670,31
7630,1768296130479,"Garkawa North",670,31
7631,1768296130483,"Garkawa North East",670,31
7632,1768296130487,"Koenoem A",670,31
7633,1768296130493,"Koenoem B",670,31
7634,1768296130497,Lalin,670,31
7635,1768296130501,"Piapung A",670,31
7636,1768296130506,"Piapung B",670,31
7637,1768296130510,Tunkus,670,31
7638,1768296130514,Chip,671,31
7639,1768296130518,"Dok Pai",671,31
7640,1768296130523,Fier,671,31
7641,1768296130527,Jiblik,671,31
7642,1768296130531,Kadung,671,31
7643,1768296130536,Kangshu,671,31
7644,1768296130540,Lankang,671,31
7645,1768296130545,"Pankshin Chigwong",671,31
7646,1768296130549,"Pankshin South Belning",671,31
7647,1768296130554,"Pankshin Central",671,31
7648,1768296130558,Tal,671,31
7649,1768296130562,Wokkos,671,31
7650,1768296130567,Bwall,672,31
7651,1768296130571,"Doemak Goechim",672,31
7652,1768296130576,"Doemak Koplong",672,31
7653,1768296130580,"Dokan Kasuwa",672,31
7654,1768296130588,Kurgwi,672,31
7655,1768296130592,Kwa,672,31
7656,1768296130596,"Kwalla Moeda",672,31
7657,1768296130601,"Kwalla Yitla Ar",672,31
7658,1768296130605,Kwande,672,31
7659,1768296130609,Kwang,672,31
7660,1768296130613,Namu,672,31
7661,1768296130617,Attakar,673,31
7662,1768296130622,Bum,673,31
7663,1768296130626,Danto,673,31
7664,1768296130630,"Jol Kwi",673,31
7665,1768296130634,"Ra Hoss",673,31
7666,1768296130638,Rim,673,31
7667,1768296130643,Riyom,673,31
7668,1768296130647,Sharubutu,673,31
7669,1768296130651,Sopp,673,31
7670,1768296130655,"Ta Hoss",673,31
7671,1768296130660,Derteng,674,31
7672,1768296130664,Kalong,674,31
7673,1768296130668,"Kurungbau A",674,31
7674,1768296130672,"Kurungbau B",674,31
7675,1768296130677,Moekat,674,31
7676,1768296130681,Pangshom,674,31
7677,1768296130685,Poeship,674,31
7678,1768296130689,"Shendam Central A",674,31
7679,1768296130693,"Shendam Central B",674,31
7680,1768296130698,Shimankar,674,31
7681,1768296130702,Yelwa,674,31
7682,1768296130706,Bashar,675,31
7683,1768296130710,Danbiram,675,31
7684,1768296130714,Gudus,675,31
7685,1768296130718,Kadarko,675,31
7686,1768296130723,Kumbong,675,31
7687,1768296130727,Kumbur,675,31
7688,1768296130731,Kuyambana,675,31
7689,1768296130735,Mavo,675,31
7690,1768296130740,"Nyalum Kampani",675,31
7691,1768296130744,Saluwe,675,31
7692,1768296130748,"Wase Tofa",675,31
7693,1768296130752,"Yola Wakat",675,31
7694,1768296130756,"Abua IV",676,32
7695,1768296130761,"Abua I",676,32
7696,1768296130765,"Abua II",676,32
7697,1768296130770,"Abua III",676,32
7698,1768296130774,Agada,676,32
7699,1768296130779,Akani,676,32
7700,1768296130783,Anyu,676,32
7701,1768296130797,"Emago Kugbo",676,32
7702,1768296130802,Emelego,676,32
7703,1768296130806,"Emughan I",676,32
7704,1768296130810,"Emughan II",676,32
7705,1768296130814,Okpeden,676,32
7706,1768296130819,Otapha,676,32
7707,1768296130823,"Ahoada IV",677,32
7708,1768296130827,"Ahoada I",677,32
7709,1768296130831,"Ahoada II",677,32
7710,1768296130835,"Ahoada III",677,32
7711,1768296130840,"Akoh I",677,32
7712,1768296130844,"Akoh II",677,32
7713,1768296130848,"Akoh III",677,32
7714,1768296130853,"Uppata III",677,32
7715,1768296130857,"Uppata IV",677,32
7716,1768296130861,"Uppata V",677,32
7717,1768296130865,"Uppata VI",677,32
7718,1768296130869,"Uppata I",677,32
7719,1768296130874,"Uppata II",677,32
7720,1768296130881,"Ediro I",678,32
7721,1768296130885,"Ediro II",678,32
7722,1768296130889,"Igbuduya I",678,32
7723,1768296130893,"Igbuduya II",678,32
7724,1768296130897,"Igbuduya III",678,32
7725,1768296130902,"Igbuduya IV",678,32
7726,1768296130906,Joinkrama,678,32
7727,1768296130910,Okarki,678,32
7728,1768296130914,"Ubie I",678,32
7729,1768296130919,"Ubie II",678,32
7730,1768296130924,"Ubie III",678,32
7731,1768296130928,"Ubie IV",678,32
7732,1768296130932,"Alise Group",679,32
7733,1768296130936,"Briggs I",679,32
7734,1768296130942,"Briggs II",679,32
7735,1768296130946,"Briggs III",679,32
7736,1768296130950,"Georgewill II",679,32
7737,1768296130954,"Georgewill III",679,32
7738,1768296130959,"Georgwill III",679,32
7739,1768296130963,"Jack I",679,32
7740,1768296130967,"Jack II",679,32
7741,1768296130971,"Jack III",679,32
7742,1768296130975,"Kula I",679,32
7743,1768296130980,"Kula II",679,32
7744,1768296130984,"Manuel I",679,32
7745,1768296130990,"Manuel II",679,32
7746,1768296130994,"Manuel III",679,32
7747,1768296130998,"North South Group",679,32
7748,1768296131002,Obonoma,679,32
7749,1768296131007,"Agwut Obolo",680,32
7750,1768296131013,Asarama,680,32
7751,1768296131017,"Ataba I",680,32
7752,1768296131021,"Ataba II",680,32
7753,1768296131026,Ekede,680,32
7754,1768296131031,"Ikuru Town",680,32
7755,1768296131036,"Ngo Town",680,32
7756,1768296131041,Samanga,680,32
7757,1768296131045,"Unyeada I",680,32
7758,1768296131050,"Unyeada II",680,32
7759,1768296131055,"Unyen Gala",680,32
7760,1768296131059,"Buguma East I",681,32
7761,1768296131063,"Buguma East II",681,32
7762,1768296131068,"Buguma North East",681,32
7763,1768296131072,"Buguma South West",681,32
7764,1768296131076,"Buguma East West",681,32
7765,1768296131081,"Buguma North West II",681,32
7766,1768296131086,"Buguma North West I",681,32
7767,1768296131091,"Buguma South",681,32
7768,1768296131097,"Buguma South East",681,32
7769,1768296131101,"Buguma West",681,32
7770,1768296131107,"Isia Group I",681,32
7771,1768296131111,"Isia Group II",681,32
7772,1768296131116,"West Cental Group",681,32
7773,1768296131121,"Ward I Oro Igwe",682,32
7774,1768296131127,"Ward II Court Ada Allison",682,32
7775,1768296131132,"Ward III Dan Jumbo Beresiri",682,32
7776,1768296131137,"Ward III Orosiriri",682,32
7777,1768296131142,"Ward IV New Layout",682,32
7778,1768296131146,"Ward IX Nanabie",682,32
7779,1768296131151,"Ward V Finima",682,32
7780,1768296131155,"Ward VI Abalamabie",682,32
7781,1768296131160,"Ward VII Dema Abbey",682,32
7782,1768296131164,"Ward X Oloma Ayaminima",682,32
7783,1768296131168,"Ward XI Peterside",682,32
7784,1768296131173,"Ward XII Kalaibiama",682,32
7785,1768296131177,"Bakana VI",683,32
7786,1768296131183,"Bakana I",683,32
7787,1768296131187,"Bakana II",683,32
7788,1768296131192,"Bakana III",683,32
7789,1768296131196,"Bakana IV",683,32
7790,1768296131201,"Bakana V",683,32
7791,1768296131205,Bille,683,32
7792,1768296131210,Bukuma,683,32
7793,1768296131214,"Degema I",683,32
7794,1768296131219,"Degema II",683,32
7795,1768296131227,"Degema III",683,32
7796,1768296131232,"Ke Old Bakana",683,32
7797,1768296131236,Obuama,683,32
7798,1768296131241,"Tomble I",683,32
7799,1768296131245,"Tomble II",683,32
7800,1768296131250,"Tomble III",683,32
7801,1768296131264,"Tomble IV",683,32
7802,1768296131269,Agbonchia,684,32
7803,1768296131273,Akpajo,684,32
7804,1768296131277,Alesa,684,32
7805,1768296131282,Aleto,684,32
7806,1768296131287,Alode,684,32
7807,1768296131291,Ebubu,684,32
7808,1768296131295,Ekporo,684,32
7809,1768296131300,Eteo,684,32
7810,1768296131304,Ogale,684,32
7811,1768296131309,Onne,684,32
7812,1768296131313,Egbeda,685,32
7813,1768296131318,"Elele Alimini",685,32
7814,1768296131322,"Emohua II",685,32
7815,1768296131326,"Emohua I",685,32
7816,1768296131331,Ibaa,685,32
7817,1768296131335,Obelle,685,32
7818,1768296131339,"Odegu I",685,32
7819,1768296131344,"Odegu II",685,32
7820,1768296131348,"Ogbakiri I",685,32
7821,1768296131353,"Ogbakiri II",685,32
7822,1768296131357,"Omudioga Akpadu",685,32
7823,1768296131362,Rumuekpe,685,32
7824,1768296131367,Rundele,685,32
7825,1768296131373,Ubimini,685,32
7826,1768296131378,Afara,686,32
7827,1768296131383,"Akpoku Umuoye",686,32
7828,1768296131388,"Akwa Odogwa",686,32
7829,1768296131392,Egbu,686,32
7830,1768296131397,"Egwi Opiro",686,32
7831,1768296131401,"Igbo I",686,32
7832,1768296131407,"Igbo II",686,32
7833,1768296131412,"Igbo III",686,32
7834,1768296131416,Igbodo,686,32
7835,1768296131420,Mba,686,32
7836,1768296131425,Ndashi,686,32
7837,1768296131429,Nihi,686,32
7838,1768296131434,"Obibi Akwukabi",686,32
7839,1768296131438,Obite,686,32
7840,1768296131442,Odufor,686,32
7841,1768296131446,Okehi,686,32
7842,1768296131451,Owu,686,32
7843,1768296131455,Ozuzu,686,32
7844,1768296131459,Ulakwo,686,32
7845,1768296131463,"B Dere",687,32
7846,1768296131467,Bera,687,32
7847,1768296131472,"Biara I",687,32
7848,1768296131476,"Biara II",687,32
7849,1768296131480,"Bodo I",687,32
7850,1768296131484,"Bodo II",687,32
7851,1768296131489,"Bodo III",687,32
7852,1768296131493,"Bomu I",687,32
7853,1768296131497,"Bomu II",687,32
7854,1768296131501,"Derken Deeyor Nweribiara",687,32
7855,1768296131506,"K Dere I",687,32
7856,1768296131510,"K Dere II",687,32
7857,1768296131514,"Kpor Lewe Gbe",687,32
7858,1768296131519,Mogho,687,32
7859,1768296131523,"Nweol Gioko Barako",687,32
7860,1768296131527,"Yeghe I",687,32
7861,1768296131536,"Yeghe II",687,32
7862,1768296131540,Aluu,688,32
7863,1768296131544,Apani,688,32
7864,1768296131550,"Elele I",688,32
7865,1768296131554,"Elele II",688,32
7866,1768296131559,Igwuruta,688,32
7867,1768296131563,"Isiokpo I",688,32
7868,1768296131569,"Isiokpo II",688,32
7869,1768296131573,"Omademe Ipo",688,32
7870,1768296131578,Omagwa,688,32
7871,1768296131582,Omerelu,688,32
7872,1768296131586,Ozuaha,688,32
7873,1768296131590,Ubima,688,32
7874,1768296131595,Umuanwa,688,32
7875,1768296131599,"Baen Kpean Duburo",689,32
7876,1768296131603,Bane,689,32
7877,1768296131608,Bargha,689,32
7878,1768296131613,Beeri,689,32
7879,1768296131617,Bori,689,32
7880,1768296131621,Boue,689,32
7881,1768296131625,"Gwara Kaa Eeken",689,32
7882,1768296131629,Kaani,689,32
7883,1768296131634,"Kono Kwawa",689,32
7884,1768296131638,"Llueku Nyokuru",689,32
7885,1768296131643,"Lorre Luebe Kpaa",689,32
7886,1768296131647,Okwali,689,32
7887,1768296131652,"Opuoko Kalaoko",689,32
7888,1768296131656,"Sii Betem Kbaabbe",689,32
7889,1768296131661,Sogho,689,32
7890,1768296131665,Taabaa,689,32
7891,1768296131671,Uegwere,689,32
7892,1768296131675,"Wiiyaa Kara",689,32
7893,1768296131680,Zaakpori,689,32
7894,1768296131685,Choba,690,32
7895,1768296131689,"Elelenwo 3B",690,32
7896,1768296131693,"Oro Igwe",690,32
7897,1768296131698,"Ozuoba Ogbogoro",690,32
7898,1768296131702,Rukpoku,690,32
7899,1768296131707,"Rumueme 7A",690,32
7900,1768296131711,"Rumueme 7B",690,32
7901,1768296131727,"Rumueme 7C",690,32
7902,1768296131731,"Rumuigbo 8A",690,32
7903,1768296131736,"Rumukwuta 8B",690,32
7904,1768296131740,Rumuodara,690,32
7905,1768296131745,"Rumuodomaya 3A",690,32
7906,1768296131749,Rumuokoro,690,32
7907,1768296131753,"Rumuokwu 2B",690,32
7908,1768296131757,Rumuolumeni,690,32
7909,1768296131761,Rumuomasi,690,32
7910,1768296131766,Worji,690,32
7911,1768296131770,"Egbema I",691,32
7912,1768296131774,"Egbema II",691,32
7913,1768296131778,"Egi I",691,32
7914,1768296131782,"Egi II",691,32
7915,1768296131786,"Egi III",691,32
7916,1768296131790,"Egi IV",691,32
7917,1768296131795,Igburu,691,32
7918,1768296131799,"Ndoni I",691,32
7919,1768296131803,"Ndoni II",691,32
7920,1768296131807,"Ndoni III",691,32
7921,1768296131811,"Omoku Town I",691,32
7922,1768296131815,"Omoku Town II",691,32
7923,1768296131820,"Omoku Town IV Usomini",691,32
7924,1768296131824,"Omoku Town V",691,32
7925,1768296131828,"Omuku Town Obieti",691,32
7926,1768296131832,"Usomini I North",691,32
7927,1768296131840,"Usomini II South",691,32
7928,1768296131846,"Bolo IV",692,32
7929,1768296131852,"Bolo I",692,32
7930,1768296131856,"Bolo II",692,32
7931,1768296131860,"Bolo III",692,32
7932,1768296131865,Ele,692,32
7933,1768296131869,"Ogu I",692,32
7934,1768296131873,"Ogu II",692,32
7935,1768296131877,"Ogu III",692,32
7936,1768296131882,"Ogu IV",692,32
7937,1768296131886,"Ogu V",692,32
7938,1768296131890,"Ogu VI",692,32
7939,1768296131894,Wakama,692,32
7940,1768296131898,Kalio,693,32
7941,1768296131903,Ogan,693,32
7942,1768296131907,"Ogoloma I",693,32
7943,1768296131911,"Ogoloma II",693,32
7944,1768296131915,"Ogoloma III",693,32
7945,1768296131919,"Okrika I",693,32
7946,1768296131924,"Okrika II",693,32
7947,1768296131928,"Okrika III",693,32
7948,1768296131932,"Okrika IV",693,32
7949,1768296131936,"Okrika V",693,32
7950,1768296131941,"Okrika VI",693,32
7951,1768296131945,"Okrika VII",693,32
7952,1768296131950,"Ariraniiri Owu Ahia Community",694,32
7953,1768296131954,"Eberi Dikeomuuo Community",694,32
7954,1768296131958,"Obibi Ajuloke Community",694,32
7955,1768296131963,"Obiohia Community",694,32
7956,1768296131967,"Ofeh Community",694,32
7957,1768296131971,"Ohimogho Community",694,32
7958,1768296131975,Oyoro,694,32
7959,1768296131980,"Umuajuloke Community",694,32
7960,1768296131984,"Umuogba I Community",694,32
7961,1768296131989,"Umuogba II Community",694,32
7962,1768296131994,"Dappaye Ama Kiri I",695,32
7963,1768296131999,"Dappaye Ama Kiri II",695,32
7964,1768296132004,Diepiri,695,32
7965,1768296132009,Jaja,695,32
7966,1768296132014,"Kalaibiama I",695,32
7967,1768296132020,"Kalaibiama II",695,32
7968,1768296132026,"Nkoro I",695,32
7969,1768296132032,"Nkoro II",695,32
7970,1768296132037,"Nkoro III",695,32
7971,1768296132044,"Queens Town Kalama",695,32
7972,1768296132051,Ukonu,695,32
7973,1768296132057,Asa,696,32
7974,1768296132062,Azuogu,696,32
7975,1768296132067,Komkom,696,32
7976,1768296132072,Obeakpu,696,32
7977,1768296132076,Obete,696,32
7978,1768296132080,Ogberu,696,32
7979,1768296132085,Okoloma,696,32
7980,1768296132090,"Oyigba West",696,32
7981,1768296132094,"Oyigbo Central",696,32
7982,1768296132099,Umuagbai,696,32
7983,1768296132104,"Abuloma Amadi Ama",697,32
7984,1768296132108,Diobu,697,32
7985,1768296132113,Elekahia,697,32
7986,1768296132117,"Mgbundukwu One",697,32
7987,1768296132123,"Mgbundukwu Two",697,32
7988,1768296132128,"Nkpolu Oroworukwo",697,32
7989,1768296132132,"Nkpolu Oroworukwo Two",697,32
7990,1768296132136,"Ochiri Rumukalagbor",697,32
7991,1768296132142,Ogbunabali,697,32
7992,1768296132147,Oroabali,697,32
7993,1768296132151,Orogbum,697,32
7994,1768296132155,"Oromineke Ezimgbu",697,32
7995,1768296132160,Oroworukwo,697,32
7996,1768296132164,"Port Harcourt Township",697,32
7997,1768296132168,"Port Harcourt Township VI",697,32
7998,1768296132173,"Port Harcourt VII",697,32
7999,1768296132177,"Rumuobiekwe Ward",697,32
8000,1768296132181,"Rumuwoji One",697,32
8001,1768296132200,"Rumuwoji Three",697,32
8002,1768296132205,"Rumuwoji Two",697,32
8003,1768296132209,"Ward I Botem Gbeneo",698,32
8004,1768296132214,"Ward II Kpite",698,32
8005,1768296132219,"Ward III Korokoro",698,32
8006,1768296132223,"Ward IV Koroma Horo",698,32
8007,1768296132228,"Ward IX Nanabie",698,32
8008,1768296132233,"Ward V Kira Borobara",698,32
8009,1768296132237,"Ward VI Gio Kporghor Gbam",698,32
8010,1768296132242,"Ward VII Nonwa",698,32
8011,1768296132246,"Ward VIII Barryira Bara Ale Sime",698,32
8012,1768296132250,"Ward X Ban Ogoi",698,32
8013,1768296132254,Binji,699,33
8014,1768296132259,Bunkari,699,33
8015,1768296132263,Gawazzai,699,33
8016,1768296132268,Inname,699,33
8017,1768296132272,Jammali,699,33
8018,1768296132276,Maikulki,699,33
8019,1768296132281,Samama,699,33
8020,1768296132285,"Soro Gabas",699,33
8021,1768296132290,"Soro Yamma",699,33
8022,1768296132295,"T Kose",699,33
8023,1768296132299,"Badau Darhela",700,33
8024,1768296132303,Bagarawa,700,33
8025,1768296132308,"Bangi Dabaga",700,33
8026,1768296132312,"Bodinga Tauma",700,33
8027,1768296132316,Danchadi,700,33
8028,1768296132321,"Dingyadi Badawa",700,33
8029,1768296132326,"Kwacciyar Lalle",700,33
8030,1768296132331,"Mazan Gari Jirga Miyo",700,33
8031,1768296132336,"Sifawa Lukuyawa",700,33
8032,1768296132341,"Takatuku Madorawa",700,33
8033,1768296132346,"Tulluwa Kulafasa",700,33
8034,1768296132351,"Bodai Jurga",701,33
8035,1768296132355,Dange,701,33
8036,1768296132360,Fajaldu,701,33
8037,1768296132366,"Giere Gajara",701,33
8038,1768296132370,Rikina,701,33
8039,1768296132376,"Rudu Amanawa",701,33
8040,1768296132381,"Ruggar Gidado",701,33
8041,1768296132385,Shuni,701,33
8042,1768296132390,Tsafanade,701,33
8043,1768296132394,"Tuntube Tsehe",701,33
8044,1768296132399,"Wababe Salau",701,33
8045,1768296132404,"Dukamaje Ilah",702,33
8046,1768296132408,Gada,702,33
8047,1768296132414,Gilbadi,702,33
8048,1768296132420,"Kadadin Buda Kaddi",702,33
8049,1768296132426,Kadassaka,702,33
8050,1768296132431,Kaddi,702,33
8051,1768296132435,Kaffe,702,33
8052,1768296132440,Kiri,702,33
8053,1768296132444,Kwarma,702,33
8054,1768296132450,"Kyadawa Holai",702,33
8055,1768296132455,Tsitse,702,33
8056,1768296132460,Birjingo,703,33
8057,1768296132465,Boyekai,703,33
8058,1768296132471,Giyawa,703,33
8059,1768296132476,Goronyo,703,33
8060,1768296132481,Kagara,703,33
8061,1768296132487,Kojiyo,703,33
8062,1768296132492,Kwakwazo,703,33
8063,1768296132500,Rimawa,703,33
8064,1768296132505,"S Gari Dole Dan Tasakko",703,33
8065,1768296132511,Shinaka,703,33
8066,1768296132518,Takakume,703,33
8067,1768296132528,Awulkiti,704,33
8068,1768296132533,Bachaka,704,33
8069,1768296132537,Balle,704,33
8070,1768296132542,"Chilas Makuya",704,33
8071,1768296132547,"Gwazange Boto",704,33
8072,1768296132552,"Karfen Chana",704,33
8073,1768296132557,"Karfen Sarki",704,33
8074,1768296132561,Kurdula,704,33
8075,1768296132566,"Maraken Bori",704,33
8076,1768296132571,"Tulun Doya",704,33
8077,1768296132576,"Asara Arewa",705,33
8078,1768296132581,"Asara Kudu",705,33
8079,1768296132585,Atakwanyo,705,33
8080,1768296132590,"Chimmola Kudu",705,33
8081,1768296132595,"Chimola Arewa",705,33
8082,1768296132601,"Gidan Kaya",705,33
8083,1768296132606,Gigane,705,33
8084,1768296132612,Gwadabawa,705,33
8085,1768296132617,Huchi,705,33
8086,1768296132622,Mammande,705,33
8087,1768296132627,Salame,705,33
8088,1768296132631,Araba,706,33
8089,1768296132636,Damba,706,33
8090,1768296132641,"Darna Sabon Gari",706,33
8091,1768296132645,"Darne Tsolawo",706,33
8092,1768296132650,"G Hamma",706,33
8093,1768296132655,"G Katta",706,33
8094,1768296132660,Garu,706,33
8095,1768296132666,Illela,706,33
8096,1768296132671,Kalmalo,706,33
8097,1768296132678,"R Gati",706,33
8098,1768296132684,Tozai,706,33
8099,1768296132688,Bargaja,707,33
8100,1768296132693,"Gebe A",707,33
8101,1768296132708,"Gebe B",707,33
8102,1768296132713,"Isa North",707,33
8103,1768296132717,"Isa South",707,33
8104,1768296132722,Tidibale,707,33
8105,1768296132726,Tozai,707,33
8106,1768296132731,"Tsabren Sarkin Darai",707,33
8107,1768296132735,Turba,707,33
8108,1768296132740,Yanfako,707,33
8109,1768296132744,Fakku,708,33
8110,1768296132749,Girkau,708,33
8111,1768296132753,"Kebbe East",708,33
8112,1768296132757,"Kebbe West",708,33
8113,1768296132762,Kuchi,708,33
8114,1768296132767,"Margai A",708,33
8115,1768296132771,"Margai B",708,33
8116,1768296132776,Nasagudu,708,33
8117,1768296132781,Sangi,708,33
8118,1768296132785,Ungushi,708,33
8119,1768296132789,"Bankanu R Kade",709,33
8120,1768296132794,Basansan,709,33
8121,1768296132800,Durbawa,709,33
8122,1768296132805,"G Rugga",709,33
8123,1768296132809,"G Modibbo G Akwara",709,33
8124,1768296132814,"H Ali Marabawa",709,33
8125,1768296132819,Kabanga,709,33
8126,1768296132825,Kware,709,33
8127,1768296132829,"S Birni G Karma",709,33
8128,1768296132834,"Tsaki Walake E",709,33
8129,1768296132838,"Tunga Mallamawa",709,33
8130,1768296132843,"Gandi A",710,33
8131,1768296132848,"Gandi B",710,33
8132,1768296132857,Gawakuke,710,33
8133,1768296132862,"Gwaddodi Gidan Bu Wai",710,33
8134,1768296132867,Kurya,710,33
8135,1768296132872,Rabah,710,33
8136,1768296132876,Rara,710,33
8137,1768296132881,"Riji Maikujera",710,33
8138,1768296132885,Tsamiya,710,33
8139,1768296132890,Tursa,710,33
8140,1768296132894,"Yar Tsakuwa",710,33
8141,1768296132899,Gangara,711,33
8142,1768296132904,Gatawa,711,33
8143,1768296132908,Kalgo,711,33
8144,1768296132912,Kuruwa,711,33
8145,1768296132917,Lajinge,711,33
8146,1768296132921,Makuwana,711,33
8147,1768296132926,"S Birni East",711,33
8148,1768296132930,"S Birni West",711,33
8149,1768296132934,Tara,711,33
8150,1768296132939,Tsamaye,711,33
8151,1768296132944,"Unguwar Lalle",711,33
8152,1768296132949,"Dandin Mahe",712,33
8153,1768296132955,Gangam,712,33
8154,1768296132960,"Horo Birni",712,33
8155,1768296132964,Jaredi,712,33
8156,1768296132969,Kajiji,712,33
8157,1768296132973,Kambama,712,33
8158,1768296132978,Lambara,712,33
8159,1768296132983,Mandera,712,33
8160,1768296132987,Sanyinnawal,712,33
8161,1768296132992,Shagari,712,33
8162,1768296132996,"Gande East",713,33
8163,1768296133000,"Gande West",713,33
8164,1768296133005,"Katami North",713,33
8165,1768296133009,"Katami South",713,33
8166,1768296133013,"Kubodu North",713,33
8167,1768296133017,"Kubodu South",713,33
8168,1768296133022,Labani,713,33
8169,1768296133026,"Marafa East",713,33
8170,1768296133031,"Marafa West",713,33
8171,1768296133035,Silame,713,33
8172,1768296133040,"Magajin Gari A",714,33
8173,1768296133044,"Magajin Gari B",714,33
8174,1768296133049,"Magajin Rafi A",714,33
8175,1768296133054,"Magajin Rafi B",714,33
8176,1768296133059,"S Adar Gandu",714,33
8177,1768296133063,"S Adar G Igwai",714,33
8178,1768296133068,"S Musulmi A",714,33
8179,1768296133072,"S Musulmi B",714,33
8180,1768296133077,"Waziri A",714,33
8181,1768296133081,"Waziri B",714,33
8182,1768296133086,"Waziri C",714,33
8183,1768296133090,"Gagi A",715,33
8184,1768296133094,"Gagi B",715,33
8185,1768296133099,"Gagi C",715,33
8186,1768296133103,"R Dorowa A",715,33
8187,1768296133107,"R Dorowa B",715,33
8188,1768296133112,"S A K Atiku",715,33
8189,1768296133116,"S Zamfara A",715,33
8190,1768296133120,"S Zamfara B",715,33
8191,1768296133124,"Sarkin Adar Kwanni",715,33
8192,1768296133129,"T Wada A",715,33
8193,1768296133133,"T Wada B",715,33
8194,1768296133137,"Bagida Lukkingo",716,33
8195,1768296133141,"Bakaya Sabon Birni",716,33
8196,1768296133145,"Barkeji Nabaguda",716,33
8197,1768296133150,"Bashire Maikada",716,33
8198,1768296133154,"Dogondaji Sala",716,33
8199,1768296133159,"Faga Alasan",716,33
8200,1768296133164,"Jabo Kagara",716,33
8201,1768296133184,"Romon Sarki",716,33
8202,1768296133188,"Saida Goshe",716,33
8203,1768296133192,Sanyinna,716,33
8204,1768296133197,"Tambuwal Shinfiri",716,33
8205,1768296133201,"Gidan Madi",717,33
8206,1768296133205,Kalanjeni,717,33
8207,1768296133210,"Kwacce Huru",717,33
8208,1768296133214,Magonho,717,33
8209,1768296133219,Raka,717,33
8210,1768296133225,"Ruwa Wuri",717,33
8211,1768296133229,Sakkwai,717,33
8212,1768296133235,Salewa,717,33
8213,1768296133239,Sutti,717,33
8214,1768296133243,Tangaza,717,33
8215,1768296133248,"Barayar Giwa",718,33
8216,1768296133252,Duma,718,33
8217,1768296133256,"Fura Girke",718,33
8218,1768296133261,"Gidan Kare Bimasa",718,33
8219,1768296133265,Kuruwa,718,33
8220,1768296133270,Kwarare,718,33
8221,1768296133274,"Lambar Tureta",718,33
8222,1768296133278,Lofa,718,33
8223,1768296133283,Tsamiya,718,33
8224,1768296133287,"Tureta Gari",718,33
8225,1768296133292,Arkilla,719,33
8226,1768296133296,"Bado Kasarawa",719,33
8227,1768296133301,"Dundaye Gumburawa",719,33
8228,1768296133305,"G Bubu G Yaro",719,33
8229,1768296133309,"G Hamidu G Kaya",719,33
8230,1768296133314,"Gumbi Wajake",719,33
8231,1768296133318,Gwamatse,719,33
8232,1768296133323,"K Kimba Gedewa",719,33
8233,1768296133327,"Kalambaina Girabshi",719,33
8234,1768296133332,Kammata,719,33
8235,1768296133336,Wamakko,719,33
8236,1768296133341,Achida,720,33
8237,1768296133345,"Alkammu Gyelgyel",720,33
8238,1768296133349,"Chacho Marnona",720,33
8239,1768296133353,Dankemu,720,33
8240,1768296133358,Dimbiso,720,33
8241,1768296133362,Dinawa,720,33
8242,1768296133367,Kwargaba,720,33
8243,1768296133372,"Kwasare Sisawa",720,33
8244,1768296133377,"Lahodu G Bango",720,33
8245,1768296133382,Magarya,720,33
8246,1768296133386,Marafa,720,33
8247,1768296133391,Bakale,721,33
8248,1768296133396,Bingaje,721,33
8249,1768296133400,Binji,721,33
8250,1768296133405,Birniruwa,721,33
8251,1768296133409,Fakka,721,33
8252,1768296133413,Kilgori,721,33
8253,1768296133418,"Ruggar Iya",721,33
8254,1768296133422,Torankawa,721,33
8255,1768296133427,"Yabo A",721,33
8256,1768296133431,"Yabo B",721,33
8257,1768296133435,"Alim Gora",722,34
8258,1768296133439,"Ardo Kola",722,34
8259,1768296133444,Iware,722,34
8260,1768296133448,"Jauro Yinu",722,34
8261,1768296133452,"Lamido Borno",722,34
8262,1768296133456,"Mayo Ranewo",722,34
8263,1768296133461,"Sarkin Dutse",722,34
8264,1768296133466,Sunkani,722,34
8265,1768296133470,Tau,722,34
8266,1768296133475,"Zongon Kombi",722,34
8267,1768296133480,Badakoshi,723,34
8268,1768296133485,"Bali A",723,34
8269,1768296133489,"Bali B",723,34
8270,1768296133493,"Gang Dole",723,34
8271,1768296133498,"Gang Mata",723,34
8272,1768296133508,Ganglari,723,34
8273,1768296133513,Gangtiba,723,34
8274,1768296133517,Kaigama,723,34
8275,1768296133522,Maihula,723,34
8276,1768296133526,Suntai,723,34
8277,1768296133531,Takalafiya,723,34
8278,1768296133535,Akate,724,34
8279,1768296133539,Asibiti,724,34
8280,1768296133543,Bikadarko,724,34
8281,1768296133548,Fada,724,34
8282,1768296133552,Gayama,724,34
8283,1768296133557,"Gindin Dutse",724,34
8284,1768296133562,"Gyatta Aure",724,34
8285,1768296133566,Mararraba,724,34
8286,1768296133571,Nyita,724,34
8287,1768296133576,Suntai,724,34
8288,1768296133581,Galumjina,725,34
8289,1768296133585,Gangumi,725,34
8290,1768296133589,Garbabi,725,34
8291,1768296133594,Gashaka,725,34
8292,1768296133598,Gayam,725,34
8293,1768296133602,Jamtari,725,34
8294,1768296133606,"Mai Idanu",725,34
8295,1768296133611,"Mayo Selbe",725,34
8296,1768296133615,"Serti A",725,34
8297,1768296133619,"Serti B",725,34
8298,1768296133623,Gassol,726,34
8299,1768296133628,Gunduma,726,34
8300,1768296133632,"Mutum Biyu I",726,34
8301,1768296133647,"Mutum Biyu II",726,34
8302,1768296133653,"Nam Nai",726,34
8303,1768296133657,"Sabon Gida",726,34
8304,1768296133662,"Sarkin Shira",726,34
8305,1768296133667,Sendirde,726,34
8306,1768296133671,Tutare,726,34
8307,1768296133675,Wurojam,726,34
8308,1768296133680,Wuryo,726,34
8309,1768296133684,Yarima,726,34
8310,1768296133688,"Dampar I",727,34
8311,1768296133692,"Dampar II",727,34
8312,1768296133697,"Dampar III",727,34
8313,1768296133701,"Ibi Nwonyo I",727,34
8314,1768296133705,"Ibi Nwonyo II",727,34
8315,1768296133710,"Ibi Rimi Uku I",727,34
8316,1768296133715,"Ibi Rimi Uku II",727,34
8317,1768296133720,"Sarkin Kudu I",727,34
8318,1768296133725,"Sarkin Kudu II",727,34
8319,1768296133730,"Sarkin Kudu III",727,34
8320,1768296133734,"Abbare Yelwa",728,34
8321,1768296133739,Barade,728,34
8322,1768296133743,"Kachalla Sembe",728,34
8323,1768296133748,Kona,728,34
8324,1768296133752,Majidadi,728,34
8325,1768296133757,"Mayo Goi",728,34
8326,1768296133763,"Sarkin Dawaki",728,34
8327,1768296133768,Sintali,728,34
8328,1768296133773,"Turaki A",728,34
8329,1768296133777,"Turaki B",728,34
8330,1768296133782,Amar,729,34
8331,1768296133786,Andamin,729,34
8332,1768296133790,Bachama,729,34
8333,1768296133794,Bikwin,729,34
8334,1768296133799,Darofai,729,34
8335,1768296133803,Didango,729,34
8336,1768296133807,"Jen Ardido",729,34
8337,1768296133815,"Jen Kaigama",729,34
8338,1768296133820,"Karim A",729,34
8339,1768296133824,"Karim B",729,34
8340,1768296133828,Kwanchi,729,34
8341,1768296133833,Abong,730,34
8342,1768296133837,"Akwento Boko",730,34
8343,1768296133842,"Ashuku Eneme",730,34
8344,1768296133846,Baissa,730,34
8345,1768296133850,"Bente Galea",730,34
8346,1768296133855,Bissaula,730,34
8347,1768296133859,Didan,730,34
8348,1768296133864,"Ndaforo Geanda",730,34
8349,1768296133868,Njuwande,730,34
8350,1768296133872,"Nyido Tosso",730,34
8351,1768296133877,"Abbare I",731,34
8352,1768296133881,"Abbere II",731,34
8353,1768296133885,Donadda,731,34
8354,1768296133889,"Garin Dogo",731,34
8355,1768296133894,"Garin Magaji",731,34
8356,1768296133898,Jimlari,731,34
8357,1768296133903,Kunini,731,34
8358,1768296133907,"Lau I",731,34
8359,1768296133912,"Lau II",731,34
8360,1768296133917,"Mayo Lope",731,34
8361,1768296133921,"Gembu A",732,34
8362,1768296133927,"Gembu B",732,34
8363,1768296133931,Kabri,732,34
8364,1768296133936,Kakara,732,34
8365,1768296133940,Magu,732,34
8366,1768296133944,"Mayo Ndaga",732,34
8367,1768296133949,Mbamnga,732,34
8368,1768296133953,"Ndum Yaji",732,34
8369,1768296133958,Nguroje,732,34
8370,1768296133963,Titong,732,34
8371,1768296133967,Warwar,732,34
8372,1768296133971,Bete,733,34
8373,1768296133976,Bikashibila,733,34
8374,1768296133980,Chanchanji,733,34
8375,1768296133984,Dutse,733,34
8376,1768296133989,Fete,733,34
8377,1768296133993,Gahweton,733,34
8378,1768296133998,Manya,733,34
8379,1768296134002,Rogo,733,34
8380,1768296134007,Shibong,733,34
8381,1768296134012,Tikari,733,34
8382,1768296134016,Yukuben,733,34
8383,1768296134021,Bika,734,34
8384,1768296134025,Fikyu,734,34
8385,1768296134029,Jenuwa,734,34
8386,1768296134034,Kpambo,734,34
8387,1768296134038,"Kpambo Puri",734,34
8388,1768296134042,Kwambai,734,34
8389,1768296134047,Kwesati,734,34
8390,1768296134051,"Lissam I",734,34
8391,1768296134056,"Lissam II",734,34
8392,1768296134061,Lumbu,734,34
8393,1768296134065,Rufu,734,34
8394,1768296134070,Akwana,735,34
8395,1768296134075,Avyi,735,34
8396,1768296134079,Bantaje,735,34
8397,1768296134084,Chonku,735,34
8398,1768296134088,Hospital,735,34
8399,1768296134093,Jibu,735,34
8400,1768296134097,Kente,735,34
8401,1768296134113,Puje,735,34
8402,1768296134118,"Rafin Kada",735,34
8403,1768296134125,Tsokundi,735,34
8404,1768296134130,"Bikassa I",736,34
8405,1768296134135,"Bikassa II",736,34
8406,1768296134139,"Nyaja I",736,34
8407,1768296134143,"Nyaja II",736,34
8408,1768296134148,"Pantisawa I",736,34
8409,1768296134153,"Pantisawa II",736,34
8410,1768296134157,"Pupule I",736,34
8411,1768296134162,"Pupule II",736,34
8412,1768296134167,"Pupule III",736,34
8413,1768296134172,"Sumbu I",736,34
8414,1768296134176,"Sumbu II",736,34
8415,1768296134181,Bitako,737,34
8416,1768296134185,Bubong,737,34
8417,1768296134191,Dinding,737,34
8418,1768296134196,Lamma,737,34
8419,1768296134200,"Monkin A",737,34
8420,1768296134205,"Monkin B",737,34
8421,1768296134210,Yakoko,737,34
8422,1768296134214,"Zing Ai",737,34
8423,1768296134218,"Zing Aii",737,34
8424,1768296134223,"Zing B",737,34
8425,1768296134228,Dagona,738,35
8426,1768296134233,"Gwio Kura",738,35
8427,1768296134237,Katuzu,738,35
8428,1768296134242,"Lawan Audu Lawan Al Wali",738,35
8429,1768296134246,"Lawan Fannami",738,35
8430,1768296134251,"Lawan Musa",738,35
8431,1768296134255,"Sarkin Hausawa",738,35
8432,1768296134259,"Tagali Sugum",738,35
8433,1768296134264,"Usur Dawayo",738,35
8434,1768296134268,"Zangon Musa Zango Umaru",738,35
8435,1768296134273,Bayamari,739,35
8436,1768296134277,"Damnawa Juluri",739,35
8437,1768296134281,Danani,739,35
8438,1768296134285,Dapchi,739,35
8439,1768296134289,"Garun Dole Garin Alkali",739,35
8440,1768296134294,Guba,739,35
8441,1768296134298,"Guji Metalari",739,35
8442,1768296134302,Kaliyari,739,35
8443,1768296134307,Kurnawa,739,35
8444,1768296134311,Masaba,739,35
8445,1768296134315,"Bindigari Fawari",740,35
8446,1768296134319,Damakasu,740,35
8447,1768296134324,"Damaturu Central",740,35
8448,1768296134328,"Gabir Maduri",740,35
8449,1768296134333,"Kalallawa Gabai",740,35
8450,1768296134337,"Kukareta Warsala",740,35
8451,1768296134342,"Maisandari Waziri Ibrahim Estate",740,35
8452,1768296134346,"Murfa Kalam",740,35
8453,1768296134350,Nayinawa,740,35
8454,1768296134355,"Njiwaji Gwange",740,35
8455,1768296134360,"Sasawa Kabaru",740,35
8456,1768296134365,"Daya Chana",741,35
8457,1768296134369,"Fika Anze",741,35
8458,1768296134373,"Gadaka Shembire",741,35
8459,1768296134377,"Gudi Dozi Godo Woli",741,35
8460,1768296134382,"Janga Boza Fa Sawa T Nanai",741,35
8461,1768296134387,"Mubi Fusami Garin Wayo",741,35
8462,1768296134392,"Ngalda Dumbulwa",741,35
8463,1768296134396,"Shoye Garin Aba",741,35
8464,1768296134400,"Turmi Maluri",741,35
8465,1768296134404,"Zangaya Mazawaun",741,35
8466,1768296134409,"Abakire Ngenlshengele Shamka",742,35
8467,1768296134413,Alagarno,742,35
8468,1768296134418,"Borno Kiji Ngarho Bebbende",742,35
8469,1768296134422,"Damagum Town",742,35
8470,1768296134426,"Daura Bulanyiwa Dubbul Bauwa",742,35
8471,1768296134430,"Dogon Kuka Gishiwari Gununu",742,35
8472,1768296134434,"Fune Ngelzarma Milbiyar Lawan Kalam",742,35
8473,1768296134439,"Gaba Tasha Aigada Dumbulwa",742,35
8474,1768296134443,"Gudugurka Marmar I",742,35
8475,1768296134447,"Jajere Banellewa Babbare",742,35
8476,1768296134451,Kayeri,742,35
8477,1768296134455,"Kollere Kafaje",742,35
8478,1768296134463,Mashio,742,35
8479,1768296134467,Asheikri,743,35
8480,1768296134471,"Balle Gallaba Meleri",743,35
8481,1768296134475,"Damakarwa Kusur",743,35
8482,1768296134479,"Dejina Fukurti",743,35
8483,1768296134484,Futchimiram,743,35
8484,1768296134488,Gumsa,743,35
8485,1768296134492,Hausari,743,35
8486,1768296134496,Kawuri,743,35
8487,1768296134500,"Ma Anna Dagambi",743,35
8488,1768296134504,"Shame Kura Dilawa",743,35
8489,1768296134509,"Zurgu Ngilewa Borko",743,35
8490,1768296134513,"Bunigari Lawanti",744,35
8491,1768296134518,"Buniyadi North South",744,35
8492,1768296134522,Dadingel,744,35
8493,1768296134526,Goniri,744,35
8494,1768296134530,"Gotala Gotumba",744,35
8495,1768296134535,Gujba,744,35
8496,1768296134539,"Mallam Dunari",744,35
8497,1768296134543,Mutai,744,35
8498,1768296134547,Ngurbuwa,744,35
8499,1768296134551,Wagir,744,35
8500,1768296134555,Bara,745,35
8501,1768296134570,"Borno Kiji Tetteba",745,35
8502,1768296134574,Bularafa,745,35
8503,1768296134579,Bumsa,745,35
8504,1768296134583,Dokshi,745,35
8505,1768296134587,Gabai,745,35
8506,1768296134592,Gagure,745,35
8507,1768296134598,"Garin Tuwo",745,35
8508,1768296134602,Gulani,745,35
8509,1768296134606,Kushimaga,745,35
8510,1768296134611,Njibulwa,745,35
8511,1768296134615,Ruhu,745,35
8512,1768296134619,"Buduwa Saminaka",746,35
8513,1768296134624,Dumbari,746,35
8514,1768296134628,"Gidgid Bayam",746,35
8515,1768296134633,Gorgoram,746,35
8516,1768296134638,Jaba,746,35
8517,1768296134642,Jakusko,746,35
8518,1768296134646,"Jawur Katamma",746,35
8519,1768296134651,"Lafiya Loi Loi",746,35
8520,1768296134655,Muguram,746,35
8521,1768296134659,"Zabudum Dachia",746,35
8522,1768296134664,Bukarti,747,35
8523,1768296134668,Fajiganari,747,35
8524,1768296134672,"Garin Gawo",747,35
8525,1768296134676,Gasma,747,35
8526,1768296134681,"Jaji Maji",747,35
8527,1768296134685,"Karasuwa Galu",747,35
8528,1768296134690,"Karauswa Garu Guna",747,35
8529,1768296134694,Wachakal,747,35
8530,1768296134698,Waro,747,35
8531,1768296134703,Yajiri,747,35
8532,1768296134707,Bogo,748,35
8533,1768296134711,Damai,748,35
8534,1768296134716,Dole,748,35
8535,1768296134720,Falimaram,748,35
8536,1768296134725,"Kom Komma",748,35
8537,1768296134730,"Kuka Yasku",748,35
8538,1768296134734,Lamisu,748,35
8539,1768296134738,"Machina Kwari",748,35
8540,1768296134743,Maskandare,748,35
8541,1768296134747,Taganama,748,35
8542,1768296134751,Chilariye,749,35
8543,1768296134755,"Dadiso Chukuriwa",749,35
8544,1768296134763,"Dawasa G Baba",749,35
8545,1768296134769,Dazigau,749,35
8546,1768296134773,Degubi,749,35
8547,1768296134777,"Kukuri Chiromari",749,35
8548,1768296134781,"Langawa Darin",749,35
8549,1768296134786,Nangere,749,35
8550,1768296134790,"Pakarau Kare Kare Pakarau Fulani",749,35
8551,1768296134795,Tikau,749,35
8552,1768296134799,Watinani,749,35
8553,1768296134804,Bulabulin,750,35
8554,1768296134808,Bulanguwa,750,35
8555,1768296134814,Dabule,750,35
8556,1768296134818,"Dumsai Dogon Kuka",750,35
8557,1768296134823,"Garbi Bambori",750,35
8558,1768296134827,Hausari,750,35
8559,1768296134832,Kanuri,750,35
8560,1768296134836,"Maja Kura",750,35
8561,1768296134845,"Mirba Kabir Mirba Sagir",750,35
8562,1768296134851,Nglaiwa,750,35
8563,1768296134864,"Bare Bare Bauya Lalai Dumbulwa",751,35
8564,1768296134876,"Bolewa A",751,35
8565,1768296134885,"Bolewa B",751,35
8566,1768296134891,"Danchuwa Bula",751,35
8567,1768296134895,"Dogo Nini",751,35
8568,1768296134899,"Dogo Tebo",751,35
8569,1768296134905,Hausawa,751,35
8570,1768296134910,Mamudo,751,35
8571,1768296134916,"Ngojin Alaraba",751,35
8572,1768296134921,"Yerimaram Garin Daye Badejo Nahuta",751,35
8573,1768296134926,Babangida,752,35
8574,1768296134932,"Barkami Bulturi",752,35
8575,1768296134937,"Biriri Churokusko",752,35
8576,1768296134941,Jumbam,752,35
8577,1768296134947,"Koka Sungul",752,35
8578,1768296134951,Koriyel,752,35
8579,1768296134958,Lantaiwa,752,35
8580,1768296134964,Mafa,752,35
8581,1768296134970,Mandadawa,752,35
8582,1768296134990,Shekau,752,35
8583,1768296135014,"Bultuwa Mar Yaro",753,35
8584,1768296135025,Daratoshia,753,35
8585,1768296135039,"Degaltura Ngamzai",753,35
8586,1768296135057,Dekwa,753,35
8587,1768296135095,"Dilala Kalgi",753,35
8588,1768296135146,Mairari,753,35
8589,1768296135157,"Mozogun Kujari",753,35
8590,1768296135169,Ngirabo,753,35
8591,1768296135174,"Wadi Kafiya",753,35
8592,1768296135180,"Zajibiri Dumbal",753,35
8593,1768296135186,Alanjirori,754,35
8594,1768296135191,Gumshi,754,35
8595,1768296135196,Guya,754,35
8596,1768296135201,Jebuwa,754,35
8597,1768296135207,"Kajimaram Sumbar",754,35
8598,1768296135211,"Kaska Tulotulowa",754,35
8599,1768296135217,Kumagannam,754,35
8600,1768296135221,"Mai Malari",754,35
8601,1768296135237,Mayori,754,35
8602,1768296135243,Yusufari,754,35
8603,1768296135247,Bagega,755,36
8604,1768296135251,"Barayar Zaki",755,36
8605,1768296135256,"Dan Galadima",755,36
8606,1768296135261,Galadima,755,36
8607,1768296135265,Magaji,755,36
8608,1768296135269,Matseri,755,36
8609,1768296135274,"Sabon Birini",755,36
8610,1768296135282,Waramu,755,36
8611,1768296135286,Wuya,755,36
8612,1768296135291,"Yar Sabaya",755,36
8613,1768296135296,Bakura,756,36
8614,1768296135300,"Birnin Tudu",756,36
8615,1768296135304,Dakko,756,36
8616,1768296135309,Damri,756,36
8617,1768296135313,"Dan Manau",756,36
8618,1768296135317,Dankadu,756,36
8619,1768296135322,Nasarawa,756,36
8620,1768296135327,Rini,756,36
8621,1768296135331,"Yar Geda",756,36
8622,1768296135335,"Yar Kufoji",756,36
8623,1768296135340,"Birnin Magaji",757,36
8624,1768296135344,"Danfami Sabon Birini",757,36
8625,1768296135348,Gora,757,36
8626,1768296135353,"Gusami Gari",757,36
8627,1768296135357,"Gusami Hayi",757,36
8628,1768296135361,Kiyawa,757,36
8629,1768296135366,"Modomawa East",757,36
8630,1768296135370,"Modomawa West",757,36
8631,1768296135374,"Nasarawa Godal East",757,36
8632,1768296135378,"Nasarawa Godal West",757,36
8633,1768296135383,Adabka,758,36
8634,1768296135388,Bukkuyum,758,36
8635,1768296135392,Gwashi,758,36
8636,1768296135397,Kyaram,758,36
8637,1768296135401,Masama,758,36
8638,1768296135405,Nasarawa,758,36
8639,1768296135410,"Ruwan Jema",758,36
8640,1768296135415,Yashi,758,36
8641,1768296135419,Zarummai,758,36
8642,1768296135424,Zauma,758,36
8643,1768296135428,"Bingi North",759,36
8644,1768296135432,"Bingi South",759,36
8645,1768296135437,Bungudu,759,36
8646,1768296135441,"Furfuri Kwai Kwai",759,36
8647,1768296135445,"Gada Karakkai",759,36
8648,1768296135450,Kwatarkwashi,759,36
8649,1768296135454,Nahuce,759,36
8650,1768296135458,"Rawayya Bela",759,36
8651,1768296135462,Samawa,759,36
8652,1768296135467,Sankalawa,759,36
8653,1768296135472,Tofa,759,36
8654,1768296135476,Bardoki,760,36
8655,1768296135480,"Birnin Magaji",760,36
8656,1768296135485,"Birnin Tudu",760,36
8657,1768296135489,Falale,760,36
8658,1768296135494,"Felfeldu Gamo",760,36
8659,1768296135498,Gayari,760,36
8660,1768296135503,Gyalange,760,36
8661,1768296135507,"Illelar Awal",760,36
8662,1768296135511,"Magajin Gari",760,36
8663,1768296135516,"Shiyar Rafi",760,36
8664,1768296135521,Ubandawaki,760,36
8665,1768296135525,Galadima,761,36
8666,1768296135530,Mada,761,36
8667,1768296135534,Madawaki,761,36
8668,1768296135538,Magami,761,36
8669,1768296135543,Mayana,761,36
8670,1768296135547,Rijiya,761,36
8671,1768296135551,"Ruwan Bore",761,36
8672,1768296135556,"Sabon Gari",761,36
8673,1768296135560,"Tudun Wada",761,36
8674,1768296135565,Wanke,761,36
8675,1768296135569,Wonaka,761,36
8676,1768296135573,Banga,762,36
8677,1768296135578,"Dan Isa",762,36
8678,1768296135582,Gabake,762,36
8679,1768296135586,"Galadima Dan Galadima",762,36
8680,1768296135590,Kagara,762,36
8681,1768296135595,Kungurki,762,36
8682,1768296135599,"Kurya Madaro",762,36
8683,1768296135603,"Kyam Barawa",762,36
8684,1768296135608,"S Baura S Mafara",762,36
8685,1768296135616,Sakajiki,762,36
8686,1768296135620,Yankaba,762,36
8687,1768296135624,"Birnin Kaya Dosara",763,36
8688,1768296135628,"Damaga Damagiwa",763,36
8689,1768296135633,"Faru Magami",763,36
8690,1768296135637,"Gidan Goga",763,36
8691,1768296135641,Gora,763,36
8692,1768296135645,Janbako,763,36
8693,1768296135650,Kaya,763,36
8694,1768296135654,"Maradun North",763,36
8695,1768296135658,"Maradun South",763,36
8696,1768296135662,Tsibiri,763,36
8697,1768296135667,Bindin,764,36
8698,1768296135671,Bingi,764,36
8699,1768296135675,"Dan Gulbi",764,36
8700,1768296135679,"Dan Kurmi",764,36
8701,1768296135694,"Dan Sadau",764,36
8702,1768296135698,Kanoma,764,36
8703,1768296135702,"Kuyan Bana",764,36
8704,1768296135706,Maru,764,36
8705,1768296135710,Mayanchi,764,36
8706,1768296135714,"Ruwan Dorawa",764,36
8707,1768296135719,Badarawa,765,36
8708,1768296135723,Chiki,765,36
8709,1768296135727,Galadi,765,36
8710,1768296135732,Jangeru,765,36
8711,1768296135736,Katuru,765,36
8712,1768296135740,Kurya,765,36
8713,1768296135745,Kware,765,36
8714,1768296135749,Shanawa,765,36
8715,1768296135754,"Shinkafi North",765,36
8716,1768296135758,"Shinkafi South",765,36
8717,1768296135762,Garbadu,766,36
8718,1768296135767,Gwaram,766,36
8719,1768296135771,Jangebe,766,36
8720,1768296135776,Kagara,766,36
8721,1768296135780,Morai,766,36
8722,1768296135784,"Ruwan Bore",766,36
8723,1768296135788,"Ruwan Gizo",766,36
8724,1768296135792,"Sauna R Gora",766,36
8725,1768296135796,"Shiyar Galadima",766,36
8726,1768296135800,"Shiyar Kayaye Matusgi",766,36
8727,1768296135804,"Take Tsaba Makera",766,36
8728,1768296135809,Bilbis,767,36
8729,1768296135813,Chediya,767,36
8730,1768296135817,"Danjibga Kunchin Kalgo",767,36
8731,1768296135821,Dauki,767,36
8732,1768296135825,"Keta Kizara",767,36
8733,1768296135830,"Kwaren Ganuwa",767,36
8734,1768296135834,Tsafe,767,36
8735,1768296135838,"Yan Kuzo B",767,36
8736,1768296135842,"Yan Waren Daji",767,36
8737,1768296135846,"Yandoton Daji",767,36
8738,1768296135851,"Yankuzo A",767,36
8739,1768296135855,Boko,768,36
8740,1768296135859,"Dauran Birnin Tsaba",768,36
8741,1768296135863,Dole,768,36
8742,1768296135868,"Galadima Yanruwa",768,36
8743,1768296135872,Kanwa,768,36
8744,1768296135876,"Kuturu Mayasa",768,36
8745,1768296135880,Kwashbawa,768,36
8746,1768296135884,Mashem,768,36
8747,1768296135888,Rukudawa,768,36
8748,1768296135893,"Yan Buki Dutsi",768,36
8749,1768296135897,Zurmi,768,36
8750,1768296135901,"Abaji Central",769,37
8751,1768296135908,"Abaji North East",769,37
8752,1768296135913,"Abaji South East",769,37
8753,1768296135917,"Agyana Pandagi",769,37
8754,1768296135921,"Alu Mamagi",769,37
8755,1768296135925,Gawu,769,37
8756,1768296135930,Gurdi,769,37
8757,1768296135934,Nuku,769,37
8758,1768296135938,"Rimba Ebagi",769,37
8759,1768296135943,Yaba,769,37
8760,1768296135947,"City Centre",770,37
8761,1768296135951,Garki,770,37
8762,1768296135955,Gui,770,37
8763,1768296135960,Gwagwa,770,37
8764,1768296135964,Gwarinpa,770,37
8765,1768296135968,Jiwa,770,37
8766,1768296135973,Kabusa,770,37
8767,1768296135977,Karshi,770,37
8768,1768296135981,Karu,770,37
8769,1768296135985,Nyanya,770,37
8770,1768296135989,Orozo,770,37
8771,1768296135994,Wuse,770,37
8772,1768296135998,"Bwari Central",771,37
8773,1768296136002,Byazhin,771,37
8774,1768296136007,"Dutse Alhaji",771,37
8775,1768296136011,Igu,771,37
8776,1768296136015,Kawu,771,37
8777,1768296136020,Kubwa,771,37
8778,1768296136024,Kuduru,771,37
8779,1768296136028,Shere,771,37
8780,1768296136033,Ushafa,771,37
8781,1768296136037,Usuma,771,37
8782,1768296136041,Dobi,772,37
8783,1768296136046,"Gwagwalada Centre",772,37
8784,1768296136050,Gwako,772,37
8785,1768296136054,Ibwa,772,37
8786,1768296136059,Ikwa,772,37
8787,1768296136063,Kutunku,772,37
8788,1768296136068,Paiko,772,37
8789,1768296136072,"Staff Quarters",772,37
8790,1768296136077,"Tungan Maje",772,37
8791,1768296136081,Zuba,772,37
8792,1768296136086,Chibiri,773,37
8793,1768296136090,Gaube,773,37
8794,1768296136095,"Gudun Karya",773,37
8795,1768296136099,Gwargwada,773,37
8796,1768296136103,Kabi,773,37
8797,1768296136108,Kuje,773,37
8798,1768296136112,Kujekwa,773,37
8799,1768296136116,Kwaku,773,37
8800,1768296136121,Rubochi,773,37
8801,1768296136136,Yenche,773,37
8802,1768296136140,Ashara,774,37
8803,1768296136144,Dafa,774,37
8804,1768296136149,Gumbo,774,37
8805,1768296136153,Kilankwa,774,37
8806,1768296136159,Kundu,774,37
8807,1768296136165,"Kwali Ward",774,37
8808,1768296136169,Pai,774,37
8809,1768296136174,Wako,774,37
8810,1768296136180,Yangoji,774,37
8811,1768296136185,Yebu,774,37
